player_id,player_display_name,position,season,games,room40_pts,pts_per_game,age,draft_number,years_exp,lag1_targets,lag1_receptions,lag1_rec_yards,lag1_air_yards,lag1_rush_attempts,lag1_target_share,lag1_air_yards_share,lag1_games_with_snaps,lag1_snap_share_avg,lag1_room40_pts,lag1_pts_per_game,lag1_games,team_changed,new_oc,coach_proe_signature,coach_pace_signature,coach_rz_signature,coach_n_prior_seasons,scheme_uncertainty_flag,combined_index,team_changed_x_target_share
00-0019596,Tom Brady,QB,2019,16,271.68,16.98,42.0780287474333,199,19,1,1,6,0,28,0.025,0,18,0.978888888888889,292.3,18.26875,16,FALSE,0,1.26776800670369,67.6842105263158,0.49321266968325805,1,FALSE,NA,0
00-0019596,Tom Brady,QB,2020,16,349.92,21.87,43.0800821355236,199,20,0,0,0,0,26,0,0,17,0.988235294117647,271.68,16.98,16,TRUE,0,1.6930076676102641,64.19371647976597,0.5939548506101404,2,FALSE,NA,0
00-0019596,Tom Brady,QB,2021,17,386.74,22.7494117647059,44.0793976728268,199,21,0,0,0,0,43,0,0,19,0.965263157894737,349.92,21.87,16,FALSE,0,0.8673730317946872,64.20348050458715,0.5632598072358128,4,FALSE,NA,0
00-0019596,Tom Brady,QB,2022,17,280.66,16.5094117647059,45.07871321013,199,22,0,0,0,0,29,0,0,19,0.966842105263158,386.74,22.7494117647059,17,FALSE,0,2.1048884742145724,64.66575143138203,0.5689299557692652,6,FALSE,NA,0
00-0020531,Drew Brees,QB,2019,11,228.76,20.7963636363636,40.6269678302532,32,18,1,1,1,-2,36,0.0344827586206897,-0.0125,17,0.982352941176471,309.98,20.6653333333333,15,FALSE,0,0.550929796968577,62,0.521551724137931,1,FALSE,NA,0
00-0020531,Drew Brees,QB,2020,12,215.48,17.9566666666667,41.6290212183436,32,19,0,0,0,0,10,0,0,12,0.878333333333333,228.76,20.7963636363636,11,FALSE,0,1.8447942208887929,61.60275019098548,0.5593931930138827,2,FALSE,NA,0
00-0021206,Josh McCown,QB,2019,2,0.76,0.38,40.1615331964408,81,17,0,0,0,0,5,0,0,4,0.765,24.76,6.19,4,TRUE,0,2.01562726562108,62.83333333333329,0.53072625698324,1,FALSE,NA,0
00-0022127,Jason Witten,TE,2020,10,31.9,3.19,38.3244353182752,69,17,83,63,529,546,0,0.158181147190396,0.111718888739501,16,0.753125,139.9,8.74375,16,TRUE,0,-0.6006980829077988,61.12525562372189,0.537748270162759,2,FALSE,0,0.158181147190396
00-0022787,Matt Schaub,QB,2019,5,33.9,6.78,38.1848049281314,90,15,1,1,-7,-7,1,0.0222222222222222,-0.0194986072423398,3,0.0566666666666667,1.1,0.55,2,FALSE,1,-0.6847276610291635,62.57480327657379,0.5714298756030322,0,TRUE,0,0
00-0022787,Matt Schaub,QB,2020,1,-0.4,-0.4,39.1868583162218,90,16,0,0,0,0,3,0,0,5,0.268,33.9,6.78,5,FALSE,0,2.02935244854015,67.5625,0.645962732919255,1,FALSE,0,0
00-0022803,Eli Manning,QB,2019,4,59.38,14.845,38.6584531143053,1,15,0,0,0,0,15,0,0,16,0.9825,250.96,15.685,16,FALSE,0,-0.11700487545225,61.125,0.565217391304348,1,FALSE,0,0
00-0022921,Larry Fitzgerald,WR,2019,16,177.4,11.0875,36.0027378507871,3,15,112,69,734,1033,0,0.254345699231826,0.289757046414238,16,0.918125,185.68,11.605,16,FALSE,1,-0.6847276610291635,62.57480327657379,0.5714298756030322,0,TRUE,0,0
00-0022921,Larry Fitzgerald,WR,2020,13,100.9,7.76153846153846,37.0047912388775,3,16,109,75,804,852,0,0.217216140906148,0.218935201448954,16,0.845,177.4,11.0875,16,FALSE,0,1.6930076676102641,64.19371647976597,0.5939548506101404,2,FALSE,0,0
00-0022924,Ben Roethlisberger,QB,2019,2,13.74,6.87,37.5003422313484,NA,15,1,1,-1,0,31,0.0222222222222222,0,16,0.96875,357.86,22.36625,16,FALSE,0,9.22088145774646,65.0625,0.675862068965517,1,FALSE,0,0
00-0022924,Ben Roethlisberger,QB,2020,15,277.22,18.4813333333333,38.5023956194387,11,16,0,0,0,0,1,0,0,2,0.75,13.74,6.87,2,FALSE,0,3.3721813220040873,61.596550407331975,0.5890179950939574,2,FALSE,0,0
00-0022924,Ben Roethlisberger,QB,2021,16,228.1,14.25625,39.501711156742,11,17,0,0,0,0,26,0,0,16,0.979375,277.22,18.4813333333333,15,FALSE,0,4.32871819518336,62.84387095228973,0.5983447227642579,3,FALSE,NA,0
00-0022942,Philip Rivers,QB,2019,16,255.5,15.96875,37.7303216974675,4,15,0,0,0,0,21,0,0,18,0.972222222222222,297.02,18.56375,16,FALSE,1,-0.6847276610291635,62.57480327657379,0.5714298756030322,0,TRUE,0,0
00-0022942,Philip Rivers,QB,2020,16,250.96,15.685,38.7323750855578,4,16,0,0,0,0,12,0,0,16,0.973125,255.5,15.96875,16,TRUE,0,-1.4780427979098418,63.517716535433074,0.599127942885572,2,FALSE,0,0
00-0022943,Benjamin Watson,TE,2019,9,34.3,3.81111111111111,38.7022587268994,32,15,47,36,412,475,0,0.120496268593356,0.1532659141832,NA,NA,87,6.69230769230769,13,TRUE,0,1.26776800670369,67.6842105263158,0.49321266968325805,1,FALSE,0,0.120496268593356
00-0023459,Aaron Rodgers,QB,2019,16,282.38,17.64875,35.7481177275838,24,14,0,0,0,0,43,0,0,16,0.931875,314.58,19.66125,16,FALSE,1,-3.73727848646601,62.4375,0.592592592592593,1,FALSE,15.491385476202398,0
00-0023459,Aaron Rodgers,QB,2020,16,388.26,24.26625,36.7501711156742,24,15,0,0,0,0,52,0,0,18,0.983333333333333,282.38,17.64875,16,FALSE,0,-0.2545699109913614,62.031798245614056,0.6079622132253715,2,FALSE,9.106872268882348,0
00-0023459,Aaron Rodgers,QB,2021,16,337.3,21.08125,37.7494866529774,24,16,1,1,-6,-4,42,0.0333333333333333,-0.0144404332129964,18,0.980555555555556,388.26,24.26625,16,FALSE,0,1.2448117567873749,61.772867804759954,0.5868189323739391,3,FALSE,0,0
00-0023459,Aaron Rodgers,QB,2022,17,251.2,14.7764705882353,38.7488021902806,24,17,1,1,-4,-4,33,0.032258064516129,-0.0112994350282486,17,0.937647058823529,337.3,21.08125,16,FALSE,1,-2.8481260497613583,62.11011351909185,0.5416291982158619,0,TRUE,0,0
00-0023459,Aaron Rodgers,QB,2023,1,0,0,39.7481177275838,24,18,0,0,0,0,34,0,0,17,0.974117647058824,251.2,14.7764705882353,17,TRUE,1,1.7472426029804171,61.63220683305003,0.5940290152635698,4,FALSE,NA,0
00-0023459,Aaron Rodgers,QB,2024,17,267.58,15.74,40.7501711156742,24,19,0,0,0,0,0,0,0,1,0.07,0,0,1,FALSE,1,-9.413792033601224,61.56675373145686,0.5608928535266602,2,FALSE,NA,0
00-0023459,Aaron Rodgers,QB,2025,16,234.08,14.63,41.7494866529774,24,20,0,0,0,0,22,0,0,17,0.963529411764706,267.58,15.74,17,TRUE,0,-6.551421263838917,60.54958485906386,0.498988084765842,3,FALSE,NA,0
00-0023500,Frank Gore,RB,2019,15,94.9,6.32666666666667,36.3011635865845,65,14,16,12,124,21,156,0.0712151983218917,0.0131930236462376,14,0.407142857142857,102.6,7.32857142857143,14,TRUE,0,-5.4886656210703,62.375,0.495652173913044,1,FALSE,0,0.0712151983218917
00-0023500,Frank Gore,RB,2020,15,100.2,6.68,37.3032169746749,65,15,17,13,100,13,174,0.0643868264923472,0.00681122509257808,17,0.335294117647059,94.9,6.32666666666667,15,TRUE,0,-2.031525260991639,56.537444629014395,0.6426844120961318,2,FALSE,0,0.0643868264923472
00-0023564,Darren Sproles,RB,2019,6,17,2.83333333333333,36.1998631074606,NA,14,30,20,195,24,45,0.131263594147336,0.0118440011480739,8,0.405,61,10.1666666666667,6,FALSE,0,2.01562726562108,62.83333333333329,0.53072625698324,1,FALSE,0,0
00-0023682,Ryan Fitzpatrick,QB,2019,15,254.46,16.964,36.7693360711841,250,14,0,0,0,0,36,0,0,8,0.7875,177.84,22.23,8,TRUE,1,-0.6847276610291635,62.57480327657379,0.5714298756030322,0,TRUE,9.106872268882348,0
00-0023682,Ryan Fitzpatrick,QB,2020,9,161.74,17.9711111111111,37.7713894592745,250,15,0,0,0,0,54,0,0,15,0.858666666666667,254.46,16.964,15,FALSE,1,-0.5896550513259056,63.38685406454249,0.5430471721587525,0,TRUE,0,0
00-0023682,Ryan Fitzpatrick,QB,2021,1,0.72,0.72,38.7707049965777,250,16,1,1,0,-4,30,0.05,-0.0277777777777778,9,0.833333333333333,161.74,17.9711111111111,9,TRUE,0,1.26828816587635,65,0.551948051948052,1,FALSE,0,0.05
00-0024221,Vernon Davis,TE,2019,4,28.3,7.075,35.5838466803559,NA,13,36,25,367,416,0,0.106464234734109,0.136152263464118,14,0.491428571428571,75.7,5.82307692307692,13,FALSE,0,-3.66217017397005,59.75,0.556603773584906,1,FALSE,0,0
00-0024243,Marcedes Lewis,TE,2019,12,36.6,3.05,35.2854209445585,28,13,4,3,39,5,0,0.03138246126051,0.00547594089706541,16,0.181875,6.9,1.38,5,FALSE,1,-3.73727848646601,62.4375,0.592592592592593,1,FALSE,0,0
00-0024243,Marcedes Lewis,TE,2020,11,38.7,3.51818181818182,36.2874743326489,28,14,21,17,170,107,0,0.0574500279627152,0.0307986504037783,18,0.456111111111111,36.6,3.05,12,FALSE,0,-0.2545699109913614,62.031798245614056,0.6079622132253715,2,FALSE,0,0
00-0024243,Marcedes Lewis,TE,2021,13,44.4,3.41538461538462,37.2867898699521,28,15,20,13,135,123,0,0.073743030600788,0.0552645526755439,17,0.435294117647059,38.7,3.51818181818182,11,FALSE,0,1.2448117567873749,61.772867804759954,0.5868189323739391,3,FALSE,0,0
00-0024243,Marcedes Lewis,TE,2022,6,26.6,4.43333333333333,38.2861054072553,28,16,29,24,214,102,0,0.0748444453398487,0.0359450119810122,18,0.43,44.4,3.41538461538462,13,FALSE,1,-2.8481260497613583,62.11011351909185,0.5416291982158619,0,TRUE,0,0
00-0024243,Marcedes Lewis,TE,2023,6,12.9,2.15,39.2854209445585,28,17,7,6,66,58,0,0.0396547687901071,0.0406546509149958,17,0.411764705882353,26.6,4.43333333333333,6,TRUE,0,-11.2404955422377,57.6470588235294,0.401515151515151,1,FALSE,0,0.0396547687901071
00-0024243,Marcedes Lewis,TE,2024,5,1.2,0.24,40.2874743326489,28,18,5,4,29,9,0,0.0375997796556267,0.0223826441220476,17,0.287647058823529,12.9,2.15,6,FALSE,1,0.09937692503816128,58.15604034108125,0.5602657737692467,3,FALSE,NA,0
00-0024243,Marcedes Lewis,TE,2025,1,0,0,41.2867898699521,28,19,1,1,2,1,0,0.0384615384615385,0.00943396226415094,17,0.191764705882353,1.2,0.24,5,TRUE,0,1.6623237357923664,63.199504917454426,0.5887198393990302,5,FALSE,NA,0.0384615384615385
00-0024389,Delanie Walker,TE,2019,6,54.5,9.08333333333333,35.0527036276523,NA,13,7,4,52,46,0,0.184210526315789,0.177606177606178,1,0.57,9.2,9.2,1,FALSE,1,-0.6847276610291635,62.57480327657379,0.5714298756030322,0,TRUE,0,0
00-0025394,Adrian Peterson,RB,2019,15,147,9.8,34.4476386036961,7,12,26,20,208,9,251,0.078698874943333,0.00438166606864628,16,0.46125,189,11.8125,16,FALSE,0,-3.66217017397005,59.75,0.556603773584906,1,FALSE,0,0
00-0025394,Adrian Peterson,RB,2020,16,124.5,7.78125,35.4496919917864,7,13,23,17,142,-43,211,0.0793358673418643,-0.026829738977287,15,0.471333333333333,147,9.8,15,TRUE,0,-3.80589589800994,63.0625,0.604838709677419,1,FALSE,0,0.0793358673418643
00-0025394,Adrian Peterson,RB,2021,4,26.6,6.65,36.4490075290897,7,14,18,12,101,-6,156,0.0641666393914158,0.00261034447129037,16,0.295625,124.5,7.78125,16,TRUE,1,-1.3326053848525747,62.44109108555703,0.5569567092023618,0,TRUE,0,0.0641666393914158
00-0025396,Ted Ginn,WR,2019,15,85.9,5.72666666666667,34.3874058863792,9,12,43,23,311,700,3,0.165442554811326,0.349907251625835,7,0.557142857142857,52.5,10.5,5,FALSE,0,0.550929796968577,62,0.521551724137931,1,FALSE,0,0
00-0025396,Ted Ginn,WR,2020,5,7,1.4,35.3894592744695,9,13,58,31,439,956,3,0.132061454386036,0.29850692226887,17,0.571176470588235,85.9,5.72666666666667,15,TRUE,1,0.935528214695384,58.0625,0.621848739495798,1,FALSE,0,0.132061454386036
00-0025399,Marshawn Lynch,RB,2019,1,9.4,9.4,33.3607118412047,12,12,20,15,84,-6,90,0.103005497615005,-0.0210996884556429,NA,NA,79,13.1666666666667,6,TRUE,0,-13.3775139572444,61.1764705882353,0.477987421383648,1,FALSE,0,0.103005497615005
00-0025418,Greg Olsen,TE,2019,14,123.7,8.83571428571429,34.4750171115674,31,12,38,27,291,337,0,0.167306960615358,0.215092901489625,9,0.787777777777778,80.1,8.9,9,FALSE,0,0.584780374251374,62.0625,0.509933774834437,1,FALSE,0,0
00-0025418,Greg Olsen,TE,2020,11,53.9,4.9,35.4770704996578,31,13,82,52,597,738,0,0.189666920123646,0.195748206188982,14,0.815714285714286,123.7,8.83571428571429,14,TRUE,0,-7.49088804122155,62.333907214115975,0.5482848076249452,2,FALSE,0,0.189666920123646
00-0026035,Danny Amendola,WR,2019,15,140.56,9.37066666666667,33.8288843258042,NA,11,79,59,575,589,1,0.229042019961262,0.207728729763489,15,0.773333333333333,127.42,8.49466666666667,15,TRUE,1,-0.6847276610291635,62.57480327657379,0.5714298756030322,0,TRUE,0,0.229042019961262
00-0026035,Danny Amendola,WR,2020,14,106.4,7.6,34.8309377138946,NA,12,97,62,678,855,0,0.22568641869296,0.215046540843171,15,0.637333333333333,140.56,9.37066666666667,15,FALSE,0,-3.80589589800994,63.0625,0.604838709677419,1,FALSE,0,0
00-0026035,Danny Amendola,WR,2021,8,68.8,8.6,35.8302532511978,NA,13,69,46,602,558,1,0.164081473234848,0.166133368462415,14,0.507857142857143,106.4,7.6,14,TRUE,0,4.252459109954118,61.09923889156884,0.6506994693680657,2,FALSE,0,0.164081473234848
00-0026143,Matt Ryan,QB,2019,15,281.34,18.756,34.2915811088296,3,11,1,1,5,1,33,0.0232558139534884,0.00263157894736842,16,0.989375,361.96,22.6225,16,FALSE,1,-0.6847276610291635,62.57480327657379,0.5714298756030322,0,TRUE,27.14048269375304,0
00-0026143,Matt Ryan,QB,2020,16,293.44,18.34,35.2936344969199,3,12,0,0,0,0,34,0,0,15,0.977333333333333,281.34,18.756,15,FALSE,0,2.02935244854015,67.5625,0.645962732919255,1,FALSE,19.469285405425307,0
00-0026143,Matt Ryan,QB,2021,17,234.92,13.8188235294118,36.2929500342231,3,13,0,0,0,0,29,0,0,16,0.991875,293.44,18.34,16,FALSE,1,-1.3326053848525747,62.44109108555703,0.5569567092023618,0,TRUE,15.491385476202398,0
00-0026143,Matt Ryan,QB,2022,12,168.28,14.0233333333333,37.2922655715264,3,14,0,0,0,0,40,0,0,17,0.970588235294118,234.92,13.8188235294118,17,TRUE,1,-2.8481260497613583,62.11011351909185,0.5416291982158619,0,TRUE,9.106872268882348,0
00-0026158,Joe Flacco,QB,2019,8,89.88,11.235,34.6228610540726,NA,11,0,0,0,0,19,0,0,9,0.954444444444444,143.1,15.9,9,TRUE,1,-0.6847276610291635,62.57480327657379,0.5714298756030322,0,TRUE,19.469285405425307,0
00-0026158,Joe Flacco,QB,2020,5,57.76,11.552,35.6249144421629,18,12,0,0,0,0,12,0,0,8,0.99875,89.88,11.235,8,TRUE,0,-2.031525260991639,56.537444629014395,0.6426844120961318,2,FALSE,15.491385476202398,0
00-0026158,Joe Flacco,QB,2021,2,23.82,11.91,36.6242299794661,18,13,0,0,0,0,6,0,0,5,0.81,57.76,11.552,5,FALSE,1,-4.237220859663053,62.415471591191114,0.5350290456824077,3,FALSE,9.106872268882348,0
00-0026158,Joe Flacco,QB,2022,5,51.34,10.268,37.6235455167693,18,14,0,0,0,0,2,0,0,2,0.54,23.82,11.91,2,FALSE,0,-3.2398543233494106,61.92644902198673,0.5336580980676521,4,FALSE,0,0
00-0026158,Joe Flacco,QB,2023,5,108.84,21.768,38.6228610540726,18,15,0,0,-3,0,3,0,0,5,0.818,51.34,10.268,5,TRUE,0,-4.569155185908812,62.7422569763876,0.4895010347471576,3,FALSE,0,0
00-0026158,Joe Flacco,QB,2024,7,106.04,15.1485714285714,39.6249144421629,18,16,0,0,0,0,12,0,0,6,0.975,108.84,21.768,5,TRUE,0,-3.472683811137831,64.03169499310975,0.4940455604271285,2,FALSE,NA,0
00-0026158,Joe Flacco,QB,2025,13,156.66,12.0507692307692,40.6242299794661,18,17,0,0,0,0,9,0,0,8,0.8525,106.04,15.1485714285714,7,TRUE,0,10.0828731123803,62.705882352941195,0.66504854368932,1,FALSE,NA,0
00-0026189,DeSean Jackson,WR,2019,2,36.9,18.45,32.7501711156742,NA,11,74,41,774,1421,6,0.168979499252285,0.296091257814226,12,0.525,151.3,12.6083333333333,12,TRUE,0,2.01562726562108,62.83333333333329,0.53072625698324,1,FALSE,0,0.168979499252285
00-0026189,DeSean Jackson,WR,2020,5,44.8,8.96,33.7522245037645,49,12,10,9,159,147,0,0.21025641025641,0.37424491720309,3,0.29,36.9,18.45,2,FALSE,1,-0.5896550513259056,63.38685406454249,0.5430471721587525,0,TRUE,0,0
00-0026189,DeSean Jackson,WR,2021,14,75.8,5.41428571428572,34.7515400410678,49,13,26,14,236,432,1,0.159426178794902,0.249790941141743,5,0.474,44.8,8.96,5,TRUE,0,-0.5850600027418753,62.090991104397446,0.5329616513244375,3,FALSE,0,0.159426178794902
00-0026189,DeSean Jackson,WR,2022,7,24.3,3.47142857142857,35.750855578371,49,14,21,13,259,327,1,0.104007051568466,0.177039743569053,10,0.335,75.8,5.41428571428572,14,TRUE,0,-7.907648010302149,65.67061259167201,0.49385102749788146,3,FALSE,0,0.104007051568466
00-0026197,Chad Henne,QB,2021,4,3.28,0.82,36.1670088980151,57,13,0,0,0,0,9,0,0,4,0.4175,23.72,7.90666666666667,3,FALSE,0,9.2487708965395,62.24912817981407,0.6206834181363526,3,FALSE,15.491385476202398,0
00-0026197,Chad Henne,QB,2022,3,-0.5,-0.166666666666667,37.1663244353183,57,14,0,0,0,0,8,0,0,4,0.11,3.28,0.82,4,FALSE,0,9.764874939182034,63.265673354913034,0.6318005958082872,4,FALSE,9.106872268882348,0
00-0026293,Matthew Slater,WR,2019,7,0,0,33.9767282683094,153,11,0,0,0,0,0,0,0,8,0.035,0,0,9,FALSE,0,1.26776800670369,67.6842105263158,0.49321266968325805,1,FALSE,0,0
00-0026293,Matthew Slater,WR,2020,6,0,0,34.9787816563997,153,12,0,0,0,0,0,0,0,10,0.028,0,0,7,FALSE,0,-0.3245495508298596,67.3079364552042,0.5267896779140432,2,FALSE,0,0
00-0026293,Matthew Slater,WR,2021,10,0,0,35.9780971937029,153,13,0,0,0,0,0,0,0,4,0.02,0,0,6,FALSE,0,-4.238815247798903,65.31543463133406,0.4723516745873113,3,FALSE,0,0
00-0026293,Matthew Slater,WR,2022,8,0,0,36.9774127310062,153,14,0,0,0,0,0,0,0,9,0.0277777777777778,0,0,10,FALSE,1,-2.8481260497613583,62.11011351909185,0.5416291982158619,0,TRUE,0,0
00-0026293,Matthew Slater,WR,2023,5,0,0,37.9767282683094,153,15,0,0,0,0,0,0,0,6,0.0333333333333333,0,0,8,FALSE,1,-1.1508133315416142,62.217587857511425,0.5305483396322973,0,TRUE,0,0
00-0026300,Josh Johnson,QB,2022,1,0.7,0.7,36.2984257357974,160,14,0,0,0,0,4,0,0,3,0.296666666666667,48.32,12.08,4,TRUE,1,-2.8481260497613583,62.11011351909185,0.5416291982158619,0,TRUE,15.491385476202398,0
00-0026300,Josh Johnson,QB,2025,3,26.38,8.79333333333333,39.2991101984942,160,17,0,0,0,0,4,0,0,6,0.0983333333333333,0.78,0.195,4,TRUE,0,1.05845290147838,65,0.4615384615384619,1,FALSE,0,0
00-0026498,Matthew Stafford,QB,2019,8,171.56,21.445,31.564681724846,NA,10,0,0,0,0,25,0,0,16,0.980625,223.18,13.94875,16,FALSE,1,-0.6847276610291635,62.57480327657379,0.5714298756030322,0,TRUE,56.715950770053986,0
00-0026498,Matthew Stafford,QB,2020,16,270.56,16.91,32.5667351129363,1,11,0,0,0,0,20,0,0,8,1,171.56,21.445,8,FALSE,0,-3.80589589800994,63.0625,0.604838709677419,1,FALSE,45.25257802848533,0
00-0026498,Matthew Stafford,QB,2021,17,346.74,20.3964705882353,33.5660506502396,1,12,1,0,0,15,29,0.0238095238095238,0.0431034482758621,16,0.915,270.56,16.91,16,TRUE,0,-0.639111168038151,61.890182746738866,0.513483002919607,4,FALSE,27.14048269375304,0.0238095238095238
00-0026498,Matthew Stafford,QB,2022,9,116.38,12.9311111111111,34.5653661875428,1,13,1,0,0,5,50,0.025,0.0148809523809524,21,0.983333333333333,346.74,20.3964705882353,17,FALSE,1,-2.8481260497613583,62.11011351909185,0.5416291982158619,0,TRUE,19.469285405425307,0
00-0026498,Matthew Stafford,QB,2023,15,254.1,16.94,35.564681724846,1,14,0,0,0,0,13,0,0,9,0.952222222222222,116.38,12.9311111111111,9,FALSE,0,-3.35668263581916,58.0588235294118,0.595419847328244,1,FALSE,15.491385476202398,0
00-0026498,Matthew Stafford,QB,2024,16,222.58,13.91125,36.5667351129363,1,15,0,0,0,0,21,0,0,16,0.9775,254.1,16.94,15,FALSE,0,-1.5340879553944275,60.88578223955308,0.5544179392950374,2,FALSE,9.106872268882348,0
00-0026498,Matthew Stafford,QB,2025,17,358.38,21.0811764705882,37.5660506502396,1,16,0,0,0,0,34,0,0,18,1,222.58,13.91125,16,FALSE,1,-3.2048470434873892,62.04804822432223,0.540022645347221,5,FALSE,0,0
00-0026544,Chase Daniel,QB,2019,3,28,9.33333333333333,32.9007529089665,NA,10,1,1,8,-6,13,0.0263157894736842,-0.0214285714285714,5,0.424,32.7,8.175,4,FALSE,0,0.371345973023808,62.176470588235304,0.585714285714286,1,FALSE,45.25257802848533,0
00-0026544,Chase Daniel,QB,2020,4,14.16,3.54,33.9028062970568,NA,11,0,0,0,0,6,0,0,3,0.666666666666667,28,9.33333333333333,3,TRUE,0,-3.80589589800994,63.0625,0.604838709677419,1,FALSE,27.14048269375304,0
00-0026544,Chase Daniel,QB,2021,1,-0.2,-0.2,34.90212183436,NA,12,0,0,0,0,2,0,0,4,0.27,14.16,3.54,4,TRUE,1,-1.3326053848525747,62.44109108555703,0.5569567092023618,0,TRUE,19.469285405425307,0
00-0026544,Chase Daniel,QB,2022,3,8.48,2.82666666666667,35.9014373716632,NA,13,0,0,0,0,2,0,0,1,0.07,-0.2,-0.2,1,FALSE,0,2.94323904591114,65.4117647058823,0.595348837209302,1,FALSE,15.491385476202398,0
00-0026625,Brian Hoyer,QB,2019,4,25.08,6.27,33.8836413415469,NA,10,0,0,0,0,11,0,0,5,0.076,-0.52,-0.104,5,TRUE,0,3.8273808374224103,64.5,0.632978723404255,1,FALSE,27.14048269375304,0
00-0026625,Brian Hoyer,QB,2020,1,3,3,34.8856947296372,NA,11,0,0,0,0,8,0,0,4,0.4675,25.08,6.27,4,TRUE,0,-0.3245495508298596,67.3079364552042,0.5267896779140432,2,FALSE,19.469285405425307,0
00-0026625,Brian Hoyer,QB,2021,5,12.28,2.456,35.8850102669405,NA,12,0,0,0,0,1,0,0,1,0.67,3,3,1,FALSE,0,-4.238815247798903,65.31543463133406,0.4723516745873113,3,FALSE,15.491385476202398,0
00-0026625,Brian Hoyer,QB,2022,1,1.48,1.48,36.8843258042437,NA,13,0,0,0,0,11,0,0,5,0.118,12.28,2.456,5,FALSE,1,-2.8481260497613583,62.11011351909185,0.5416291982158619,0,TRUE,9.106872268882348,0
00-0026625,Brian Hoyer,QB,2023,2,6.94,3.47,37.8836413415469,NA,14,0,0,0,0,0,0,0,1,0.26,1.48,1.48,1,TRUE,0,-4.47041026144887,61.4117647058824,0.621212121212121,1,FALSE,0,0
00-0026986,Michael Crabtree,WR,2019,2,6.2,3.1,31.964407939767302,NA,10,104,56,645,1170,0,0.199116526275664,0.248827342413419,17,0.685294117647059,132.7,8.29375,16,TRUE,1,-0.6847276610291635,62.57480327657379,0.5714298756030322,0,TRUE,0,0.199116526275664
00-0027029,LeSean McCoy,RB,2019,13,118.6,9.12307692307692,31.1375770020534,53,10,46,34,238,-49,161,0.13960736209162,-0.00750495448214122,14,0.533571428571429,127.2,9.08571428571429,14,TRUE,0,8.36410846493461,61.5555555555556,0.637755102040816,1,FALSE,0,0.13960736209162
00-0027029,LeSean McCoy,RB,2020,8,28.2,3.525,32.1396303901437,53,11,34,28,181,-24,101,0.101098192043485,-0.00949972158878688,14,0.322857142857143,118.6,9.12307692307692,13,TRUE,0,1.6930076676102641,64.19371647976597,0.5939548506101404,2,FALSE,0,0.101098192043485
00-0027061,Jared Cook,TE,2019,14,167.5,11.9642857142857,32.4024640657084,89,10,101,68,896,840,0,0.215147933944581,0.259142111389816,NA,NA,193.6,12.1,16,TRUE,0,0.550929796968577,62,0.521551724137931,1,FALSE,10.93928087016864,0.215147933944581
00-0027061,Jared Cook,TE,2020,15,127.4,8.49333333333333,33.4045174537988,89,11,70,48,759,705,0,0.16694740671645,0.226115025509234,15,0.558666666666667,167.5,11.9642857142857,14,FALSE,0,1.8447942208887929,61.60275019098548,0.5593931930138827,2,FALSE,7.103277265737504,0
00-0027061,Jared Cook,TE,2021,16,132.4,8.275,34.403832991102,89,12,74,46,572,804,0,0.151865000302327,0.2660628215795,17,0.463529411764706,127.4,8.49333333333333,15,TRUE,1,-1.3326053848525747,62.44109108555703,0.5569567092023618,0,TRUE,0,0.151865000302327
00-0027150,Julian Edelman,WR,2019,16,256.28,16.0175,33.2785763175907,232,10,143,100,1238,1144,11,0.274637583349365,0.307574056112858,14,0.886428571428571,207.42,17.285,12,FALSE,0,1.26776800670369,67.6842105263158,0.49321266968325805,1,FALSE,0,0
00-0027150,Julian Edelman,WR,2020,6,56.22,9.37,34.280629705681,232,11,158,103,1147,1491,10,0.271163184149939,0.333533560845723,17,0.874117647058824,256.28,16.0175,16,FALSE,0,-0.3245495508298596,67.3079364552042,0.5267896779140432,2,FALSE,0,0
00-0027656,Rob Gronkowski,TE,2021,12,171.2,14.2666666666667,32.3011635865845,42,11,91,53,733,970,0,0.160184203073367,0.186456329743137,19,0.757368421052632,149.3,9.33125,16,FALSE,0,0.8673730317946872,64.20348050458715,0.5632598072358128,4,FALSE,10.93928087016864,0
00-0027685,Emmanuel Sanders,WR,2019,17,190.3,11.1941176470588,32.4599589322382,82,9,98,71,868,943,4,0.272876047868048,0.313167563263182,12,0.838333333333333,198.22,16.5183333333333,12,TRUE,0,-1.01406999208309,61.6875,0.559748427672956,1,FALSE,0,0.272876047868048
00-0027685,Emmanuel Sanders,WR,2020,14,164.8,11.7714285714286,33.4620123203285,82,10,61,41,573,714,0,0.197339383532292,0.338929407013739,13,0.806923076923077,190.3,11.1941176470588,17,TRUE,0,1.8447942208887929,61.60275019098548,0.5593931930138827,2,FALSE,0,0.197339383532292
00-0027685,Emmanuel Sanders,WR,2021,14,131.7,9.40714285714286,34.4613278576318,82,11,94,69,777,807,1,0.242863680837956,0.294966352019748,16,0.613125,164.8,11.7714285714286,14,TRUE,0,1.6002689201484088,62.7547023148179,0.5516260061675191,3,FALSE,0,0.242863680837956
00-0027688,Colt McCoy,QB,2019,1,5.28,5.28,32.9883641341547,85,9,0,0,0,0,10,0,0,3,0.536666666666667,30.18,10.06,3,FALSE,0,-3.66217017397005,59.75,0.556603773584906,1,FALSE,45.25257802848533,0
00-0027688,Colt McCoy,QB,2020,4,19.2,4.8,33.990417522245,85,10,0,0,0,0,2,0,0,1,1,5.28,5.28,1,TRUE,1,-0.5896550513259056,63.38685406454249,0.5430471721587525,0,TRUE,27.14048269375304,0
00-0027688,Colt McCoy,QB,2021,7,42.3,6.04285714285714,34.9897330595483,85,11,0,0,0,0,9,0,0,4,0.6175,19.2,4.8,4,TRUE,0,0.8673730317946872,64.20348050458715,0.5632598072358128,4,FALSE,19.469285405425307,0
00-0027688,Colt McCoy,QB,2022,4,35.8,8.95,35.9890485968515,85,12,0,0,0,0,22,0,0,8,0.36875,42.3,6.04285714285714,7,FALSE,0,2.1048884742145724,64.66575143138203,0.5689299557692652,6,FALSE,15.491385476202398,0
00-0027691,Andre Roberts,WR,2019,13,5.7,0.438461538461538,31.6440793976728,88,9,18,10,79,153,2,0.118936988936989,0.0954423065315298,13,0.242307692307692,23.9,1.49375,16,TRUE,0,-5.4886656210703,62.375,0.495652173913044,1,FALSE,0,0.118936988936989
00-0027691,Andre Roberts,WR,2020,15,3.1,0.206666666666667,32.6461327857632,88,10,7,3,20,109,1,0.0659751630483338,0.0913567563688294,12,0.1425,5.7,0.438461538461538,13,FALSE,0,-2.5026045642574752,62.974983015342815,0.5184767480822224,2,FALSE,0,0
00-0027691,Andre Roberts,WR,2021,16,2.4,0.15,33.6454483230664,88,11,5,4,34,48,1,0.0450804093567252,0.0467758300186195,9,0.102222222222222,3.1,0.206666666666667,15,TRUE,1,-1.3326053848525747,62.44109108555703,0.5569567092023618,0,TRUE,0,0.0450804093567252
00-0027691,Andre Roberts,WR,2022,3,0,0,34.6447638603696,88,12,0,0,0,0,3,0,0,4,0.02,2.4,0.15,16,TRUE,1,-2.8481260497613583,62.11011351909185,0.5416291982158619,0,TRUE,0,0
00-0027696,Jimmy Graham,TE,2019,16,100.7,6.29375,32.7693360711841,95,9,89,55,636,847,0,0.164952599586713,0.179183858679633,16,0.731875,130.6,8.1625,16,FALSE,1,-3.73727848646601,62.4375,0.592592592592593,1,FALSE,7.103277265737504,0
00-0027696,Jimmy Graham,TE,2020,16,143.6,8.975,33.7713894592745,95,10,69,45,555,619,0,0.140520896948127,0.135873593041157,18,0.553888888888889,100.7,6.29375,16,TRUE,1,0.935528214695384,58.0625,0.621848739495798,1,FALSE,0,0.140520896948127
00-0027696,Jimmy Graham,TE,2021,11,50.7,4.60909090909091,34.7707049965777,95,11,78,52,481,540,0,0.149997274624808,0.113196483599925,17,0.575882352941177,143.6,8.975,16,FALSE,0,-0.43053437265560734,61.001407270225165,0.6069410342534227,2,FALSE,0,0
00-0027793,Antonio Brown,WR,2019,1,16.1,16.1,31.1430527036277,NA,9,168,104,1297,1891,0,0.289022878351778,0.397010613890345,15,0.950666666666667,323.7,21.58,15,TRUE,0,1.26776800670369,67.6842105263158,0.49321266968325805,1,FALSE,5.8228665329595835,0.289022878351778
00-0027793,Antonio Brown,WR,2020,8,117.1,14.6375,32.145106091718,195,10,8,4,56,92,1,0.285714285714286,0.348484848484849,1,0.34,16.1,16.1,1,TRUE,0,1.6930076676102641,64.19371647976597,0.5939548506101404,2,FALSE,0,0.285714285714286
00-0027793,Antonio Brown,WR,2021,7,121.1,17.3,33.1444216290212,195,11,74,53,564,674,3,0.229744482411501,0.215202752885764,10,0.586,117.1,14.6375,8,FALSE,0,0.8673730317946872,64.20348050458715,0.5632598072358128,4,FALSE,0,0
00-0027874,Demaryius Thomas,WR,2019,11,85.3,7.75454545454546,31.6851471594798,22,9,56,36,402,584,0,0.229264156895736,0.252571767622772,8,0.74875,156.7,10.4466666666667,15,TRUE,1,-2.25445855388325,54.0625,0.6052631578947371,1,FALSE,0,0.229264156895736
00-0027891,Golden Tate,WR,2019,11,152.2,13.8363636363636,31.0800821355236,60,9,57,37,342,462,1,0.186374125564571,0.216250369622796,10,0.48,182.9,12.1933333333333,15,TRUE,0,-0.11700487545225,61.125,0.565217391304348,1,FALSE,5.8228665329595835,0.186374125564571
00-0027891,Golden Tate,WR,2020,12,86.52,7.21,32.082135523614,60,10,85,49,676,817,1,0.230961663723324,0.25784367138411,11,0.861818181818182,152.2,13.8363636363636,11,FALSE,1,-0.5896550513259056,63.38685406454249,0.5430471721587525,0,TRUE,0,0
00-0027939,Cam Newton,QB,2019,2,17.68,8.84,30.3080082135524,NA,8,0,0,0,0,101,0,0,14,0.99,295.6,21.1142857142857,14,FALSE,0,0.584780374251374,62.0625,0.509933774834437,1,FALSE,76.91939486134842,0
00-0027939,Cam Newton,QB,2020,15,270.98,18.0653333333333,31.3100616016427,1,9,0,0,0,0,5,0,0,2,1,17.68,8.84,2,TRUE,0,-0.3245495508298596,67.3079364552042,0.5267896779140432,2,FALSE,67.23057283030921,0
00-0027939,Cam Newton,QB,2021,7,91.36,13.0514285714286,32.3093771389459,1,10,2,2,35,17,137,0.0351851851851852,0.0469387755102041,15,0.927333333333333,270.98,18.0653333333333,15,TRUE,0,1.97446778834423,61.25,0.5,1,FALSE,56.715950770053986,0.0351851851851852
00-0027942,A.J. Green,WR,2021,16,156.8,9.8,33.0869267624914,4,10,104,47,523,1427,0,0.212861803659108,0.342582649025328,16,0.769375,111.3,6.95625,16,TRUE,0,0.8673730317946872,64.20348050458715,0.5632598072358128,4,FALSE,0,0.212861803659108
00-0027942,A.J. Green,WR,2022,13,61.6,4.73846153846154,34.0862422997947,4,11,95,54,848,1173,0,0.181688792809506,0.275577708891312,17,0.803529411764706,156.8,9.8,16,FALSE,0,2.1048884742145724,64.66575143138203,0.5689299557692652,6,FALSE,0,0
00-0027944,Julio Jones,WR,2019,15,274.1,18.2733333333333,30.5598904859685,6,8,170,113,1677,2377,2,0.300745537623475,0.471349464941352,16,0.76625,325.9,20.36875,16,FALSE,1,-0.6847276610291635,62.57480327657379,0.5714298756030322,0,TRUE,5.8228665329595835,0
00-0027944,Julio Jones,WR,2020,9,146.1,16.2333333333333,31.5619438740589,6,9,157,99,1394,1955,2,0.28595670349375,0.428306893764043,15,0.758666666666667,274.1,18.2733333333333,15,FALSE,0,2.02935244854015,67.5625,0.645962732919255,1,FALSE,0,0
00-0027944,Julio Jones,WR,2021,10,80.4,8.04,32.5612594113621,6,10,68,51,771,764,0,0.233901726786675,0.291686127469565,9,0.712222222222222,146.1,16.2333333333333,9,TRUE,1,-1.3326053848525747,62.44109108555703,0.5569567092023618,0,TRUE,0,0.233901726786675
00-0027944,Julio Jones,WR,2022,10,70.4,7.04,33.5605749486653,6,11,55,37,496,634,0,0.205488862988863,0.277636781145781,11,0.6,80.4,8.04,10,TRUE,0,2.1048884742145724,64.66575143138203,0.5689299557692652,6,FALSE,0,0.205488862988863
00-0027944,Julio Jones,WR,2023,8,36.4,4.55,34.5598904859685,6,12,54,31,373,675,5,0.132920248417928,0.21951956122298,11,0.48,70.4,7.04,10,TRUE,1,-1.1508133315416142,62.217587857511425,0.5305483396322973,0,TRUE,0,0.132920248417928
00-0027948,Blaine Gabbert,QB,2021,6,1.98,0.33,31.8795345653662,10,10,0,0,0,0,9,0,0,4,0.165,15.32,3.83,4,FALSE,0,0.8673730317946872,64.20348050458715,0.5632598072358128,4,FALSE,56.715950770053986,0
00-0027948,Blaine Gabbert,QB,2022,1,5.16,5.16,32.878850102669396,10,11,0,0,0,0,9,0,0,6,0.105,1.98,0.33,6,FALSE,0,2.1048884742145724,64.66575143138203,0.5689299557692652,6,FALSE,45.25257802848533,0
00-0027948,Blaine Gabbert,QB,2023,2,8.9,4.45,33.8781656399726,10,12,0,0,0,0,0,0,0,1,0.25,5.16,5.16,1,TRUE,1,-1.1508133315416142,62.217587857511425,0.5305483396322973,0,TRUE,27.14048269375304,0
00-0027966,Mark Ingram,RB,2019,15,242.5,16.1666666666667,29.6947296372348,28,8,31,25,185,15,156,0.0872219244884461,-0.00355314370464767,14,0.445,142.5,11.875,12,TRUE,1,-0.6847276610291635,62.57480327657379,0.5714298756030322,0,TRUE,7.711988601272322,0.0872219244884461
00-0027966,Mark Ingram,RB,2020,10,52.9,5.29,30.6967830253251,28,9,31,27,256,48,208,0.0913761946976373,0.0141967414690324,16,0.47375,242.5,16.1666666666667,15,FALSE,0,-9.28535716243663,66.3529411764706,0.451086956521739,1,FALSE,0,0
00-0027966,Mark Ingram,RB,2021,14,108.6,7.75714285714286,31.6960985626283,28,10,8,6,50,12,72,0.0810362792459979,0.0275833545023202,11,0.233636363636364,52.9,5.29,10,TRUE,0,4.252459109954118,61.09923889156884,0.6506994693680657,2,FALSE,0,0.0810362792459979
00-0027966,Mark Ingram,RB,2022,10,50.1,5.01,32.6954140999316,28,11,9,7,24,19,92,0.0666297576378221,0.0140958717329247,7,0.37,108.6,7.75714285714286,14,TRUE,0,-1.0017622280411616,62.17367515588611,0.5342540590250734,4,FALSE,0,0.0666297576378221
00-0027973,Andy Dalton,QB,2019,13,217.66,16.7430769230769,31.8412046543463,35,8,0,0,0,0,16,0,0,11,0.919090909090909,185.54,16.8672727272727,11,FALSE,1,-0.6847276610291635,62.57480327657379,0.5714298756030322,0,TRUE,56.715950770053986,0
00-0027973,Andy Dalton,QB,2020,11,144.9,13.1727272727273,32.8432580424367,35,9,1,1,-4,-8,32,0.0208333333333333,-0.0186480186480186,13,1,217.66,16.7430769230769,13,TRUE,0,-2.36529952786075,66.125,0.493055555555556,1,FALSE,45.25257802848533,0.0208333333333333
00-0027973,Andy Dalton,QB,2021,8,93.2,11.65,33.8425735797399,35,10,1,1,-3,-7,28,0.032258064516129,-0.0339805825242718,11,0.828181818181818,144.9,13.1727272727273,11,TRUE,0,-0.43053437265560734,61.001407270225165,0.6069410342534227,2,FALSE,27.14048269375304,0.032258064516129
00-0027973,Andy Dalton,QB,2022,14,183.24,13.0885714285714,34.8418891170431,35,11,0,0,0,0,16,0,0,8,0.725,93.2,11.65,8,TRUE,0,-1.0017622280411616,62.17367515588611,0.5342540590250734,4,FALSE,19.469285405425307,0
00-0027973,Andy Dalton,QB,2023,2,23.64,11.82,35.8412046543463,35,12,0,0,0,0,30,0,0,14,0.858571428571429,183.24,13.0885714285714,14,TRUE,1,-1.1508133315416142,62.217587857511425,0.5305483396322973,0,TRUE,15.491385476202398,0
00-0027973,Andy Dalton,QB,2024,6,64.96,10.8266666666667,36.8432580424367,35,13,0,0,0,0,3,0,0,3,0.343333333333333,23.64,11.82,2,FALSE,1,-0.93537900248378,60.73684210526321,0.633093525179856,1,FALSE,9.106872268882348,0
00-0027973,Andy Dalton,QB,2025,4,10.52,2.63,37.8425735797399,35,14,0,0,0,0,11,0,0,6,0.81,64.96,10.8266666666667,6,FALSE,0,-0.9174934729566496,59.42308282674996,0.6249431195491183,2,FALSE,0,0
00-0027981,Kyle Rudolph,TE,2019,15,113.7,7.58,29.8097193702943,43,8,82,64,634,521,0,0.160685926383633,0.126952527295478,16,0.883125,151.4,9.4625,16,FALSE,1,-0.6847276610291635,62.57480327657379,0.5714298756030322,0,TRUE,36.46942571926204,0
00-0027981,Kyle Rudolph,TE,2020,12,65.4,5.45,30.8117727583847,43,9,58,45,402,373,0,0.143878393462702,0.126558162263334,18,0.771111111111111,113.7,7.58,15,FALSE,1,-0.5896550513259056,63.38685406454249,0.5430471721587525,0,TRUE,20.501499721059933,0
00-0027981,Kyle Rudolph,TE,2021,15,59.7,3.98,31.8110882956879,43,10,37,28,334,261,0,0.131860532493615,0.0919540618842079,12,0.720833333333333,65.4,5.45,12,TRUE,0,-1.58459729902941,59.125,0.608,1,FALSE,10.93928087016864,0.131860532493615
00-0027981,Kyle Rudolph,TE,2022,5,11.8,2.36,32.8104038329911,43,11,39,26,257,240,0,0.124908638914151,0.0828367239966701,16,0.48125,59.7,3.98,15,TRUE,0,2.1048884742145724,64.66575143138203,0.5689299557692652,6,FALSE,7.103277265737504,0.124908638914151
00-0027985,Lance Kendricks,TE,2019,4,8,2,31.5865845311431,47,8,25,19,170,141,0,0.063473697821915,0.0370681936280207,16,0.301875,42,3,14,TRUE,1,-0.6847276610291635,62.57480327657379,0.5714298756030322,0,TRUE,10.93928087016864,0.063473697821915
00-0028002,Randall Cobb,WR,2019,15,154.9,10.3266666666667,29.0266940451745,64,8,61,38,383,522,0,0.191847439408576,0.17873283155207,9,0.771111111111111,86.3,9.58888888888889,9,TRUE,1,-0.6847276610291635,62.57480327657379,0.5714298756030322,0,TRUE,37.932505764701475,0.191847439408576
00-0028002,Randall Cobb,WR,2020,10,100.1,10.01,30.0287474332649,64,9,83,55,828,824,3,0.169112888563842,0.163107623850883,15,0.691333333333333,154.9,10.3266666666667,15,TRUE,0,1.45406736998584,63.61111111111109,0.58,1,FALSE,22.163851430919827,0.169112888563842
00-0028002,Randall Cobb,WR,2021,11,93.6,8.50909090909091,31.0280629705681,64,10,48,38,441,323,0,0.16983506671826,0.154046322485094,10,0.606,100.1,10.01,10,TRUE,0,1.2448117567873749,61.772867804759954,0.5868189323739391,3,FALSE,5.8228665329595835,0.16983506671826
00-0028002,Randall Cobb,WR,2022,13,81.7,6.28461538461538,32.0273785078713,64,11,40,28,375,311,1,0.120978165846821,0.110510812949509,13,0.477692307692308,93.6,8.50909090909091,11,FALSE,1,-2.8481260497613583,62.11011351909185,0.5416291982158619,0,TRUE,0,0
00-0028002,Randall Cobb,WR,2023,9,16.9,1.87777777777778,33.0266940451745,64,12,50,34,417,475,0,0.174430817306978,0.218510639881599,13,0.446923076923077,81.7,6.28461538461538,13,TRUE,1,1.7472426029804171,61.63220683305003,0.5940290152635698,4,FALSE,0,0.174430817306978
00-0028042,Luke Stocker,TE,2019,12,13.3,1.10833333333333,31.1238877481177,104,8,21,15,165,163,1,0.0750601303557156,0.0845378315932775,16,0.489375,43.5,3.625,12,TRUE,1,-0.6847276610291635,62.57480327657379,0.5714298756030322,0,TRUE,20.501499721059933,0.0750601303557156
00-0028042,Luke Stocker,TE,2020,11,13.3,1.20909090909091,32.1259411362081,104,9,14,8,53,60,0,0.0515001864976902,0.0365526211596729,15,0.406666666666667,13.3,1.10833333333333,12,FALSE,0,2.02935244854015,67.5625,0.645962732919255,1,FALSE,10.93928087016864,0
00-0028042,Luke Stocker,TE,2021,6,3.2,0.533333333333333,33.1252566735113,104,10,11,7,63,21,0,0.0362184717419558,0.00763572443898351,16,0.450625,13.3,1.20909090909091,11,TRUE,1,-1.3326053848525747,62.44109108555703,0.5569567092023618,0,TRUE,7.103277265737504,0.0362184717419558
00-0028063,Taiwan Jones,RB,2019,8,5.9,0.7375,31.0992470910335,125,8,2,0,0,30,0,0.0401515151515152,0.0488599348534202,2,0.02,0,0,5,TRUE,1,-0.6847276610291635,62.57480327657379,0.5714298756030322,0,TRUE,0,0.0401515151515152
00-0028063,Taiwan Jones,RB,2020,8,0,0,32.1013004791239,125,9,3,3,57,-2,9,0.0304166666666667,-0.00335627136702405,3,0.0966666666666667,5.9,0.7375,8,TRUE,0,-2.5026045642574752,62.974983015342815,0.5184767480822224,2,FALSE,0,0.0304166666666667
00-0028063,Taiwan Jones,RB,2021,7,0,0,33.1006160164271,125,10,2,0,0,44,0,0.0242690058479532,0.0547734858731124,5,0.014,0,0,8,FALSE,0,1.6002689201484088,62.7547023148179,0.5516260061675191,3,FALSE,0,0
00-0028063,Taiwan Jones,RB,2022,7,-2,-0.285714285714286,34.0999315537303,125,11,0,0,0,0,0,0,0,1,0.01,0,0,7,FALSE,1,-2.8481260497613583,62.11011351909185,0.5416291982158619,0,TRUE,0,0
00-0028064,Bilal Powell,RB,2019,12,33.2,2.76666666666667,30.8446269678303,126,8,18,11,110,89,80,0.147473493394435,0.0726955795943725,7,0.471428571428571,60.3,8.61428571428572,7,FALSE,1,-2.25445855388325,54.0625,0.6052631578947371,1,FALSE,0,0
00-0028087,Dion Lewis,RB,2019,15,66.3,4.42,28.9281314168378,149,8,67,59,400,-71,155,0.181777343945981,-0.0275806469499912,16,0.605625,160.7,10.04375,16,FALSE,1,-0.6847276610291635,62.57480327657379,0.5714298756030322,0,TRUE,25.648912801362936,0
00-0028087,Dion Lewis,RB,2020,16,57.2,3.575,29.9301848049281,149,9,34,27,178,-21,56,0.125207897182861,-0.00358497789994629,19,0.337368421052632,66.3,4.42,15,TRUE,1,-0.5896550513259056,63.38685406454249,0.5430471721587525,0,TRUE,7.711988601272322,0.125207897182861
00-0028097,Lee Smith,TE,2019,8,13.1,1.6375,31.7782340862423,159,8,11,10,73,20,0,0.0580330551921461,0.0119934605733017,NA,NA,35.3,3.92222222222222,9,TRUE,0,-5.4886656210703,62.375,0.495652173913044,1,FALSE,10.93928087016864,0.0580330551921461
00-0028097,Lee Smith,TE,2020,5,19.5,3.9,32.7802874743326,159,9,6,5,39,33,0,0.0326689921846038,0.0236017081445342,17,0.297058823529412,13.1,1.6375,8,FALSE,0,-2.5026045642574752,62.974983015342815,0.5184767480822224,2,FALSE,7.103277265737504,0
00-0028097,Lee Smith,TE,2021,10,21.5,2.15,33.7796030116359,159,10,6,4,35,22,0,0.0385871068436858,0.0160725534710341,13,0.215384615384615,19.5,3.9,5,TRUE,1,-1.3326053848525747,62.44109108555703,0.5569567092023618,0,TRUE,0,0.0385871068436858
00-0028112,Charles Clay,TE,2019,15,47.7,3.18,30.5462012320329,174,8,36,21,184,290,0,0.134038658234247,0.102051204064406,13,0.598461538461538,37.4,3.4,11,TRUE,1,-0.6847276610291635,62.57480327657379,0.5714298756030322,0,TRUE,20.501499721059933,0.134038658234247
00-0028114,Dwayne Harris,WR,2019,3,1.7,0.566666666666667,31.958932238193,NA,8,6,6,40,-7,2,0.0403023324075956,-0.00677625624667608,NA,NA,11.2,0.746666666666667,15,FALSE,0,1.12660532424442,61,0.5,1,FALSE,0,0
00-0028114,Dwayne Harris,WR,2020,3,-2,-0.666666666666667,32.9609856262834,176,9,1,1,7,0,0,0.0384615384615385,0,NA,NA,1.7,0.566666666666667,3,TRUE,1,0.935528214695384,58.0625,0.621848739495798,1,FALSE,0,0.0384615384615385
00-0028118,Tyrod Taylor,QB,2019,4,6.02,1.505,30.0780287474333,180,8,0,0,0,0,16,0,0,4,0.61,43.42,10.855,4,TRUE,1,-0.6847276610291635,62.57480327657379,0.5714298756030322,0,TRUE,76.91939486134842,0
00-0028118,Tyrod Taylor,QB,2020,2,9.02,4.51,31.0800821355236,180,9,1,0,0,-4,10,0.0294117647058824,-0.0170940170940171,6,0.0833333333333333,6.02,1.505,4,FALSE,0,-0.392821717534081,61.625,0.605263157894737,1,FALSE,67.23057283030921,0
00-0028118,Tyrod Taylor,QB,2021,6,86.74,14.4566666666667,32.0793976728268,180,10,0,0,0,0,6,0,0,2,0.505,9.02,4.51,2,TRUE,0,4.252459109954118,61.09923889156884,0.6506994693680657,2,FALSE,56.715950770053986,0
00-0028118,Tyrod Taylor,QB,2022,2,12.32,6.16,33.07871321013,180,11,0,0,0,0,19,0,0,6,0.831666666666667,86.74,14.4566666666667,6,TRUE,1,-2.8481260497613583,62.11011351909185,0.5416291982158619,0,TRUE,45.25257802848533,0
00-0028118,Tyrod Taylor,QB,2023,10,90.34,9.034,34.0780287474333,180,12,0,0,0,0,5,0,0,3,0.166666666666667,12.32,6.16,2,FALSE,0,-3.35433829889119,62.4736842105263,0.436619718309859,1,FALSE,27.14048269375304,0
00-0028118,Tyrod Taylor,QB,2024,2,20.06,10.03,35.0800821355236,180,13,0,0,0,0,38,0,0,11,0.479090909090909,90.34,9.034,10,TRUE,1,-9.413792033601224,61.56675373145686,0.5608928535266602,2,FALSE,19.469285405425307,0
00-0028118,Tyrod Taylor,QB,2025,6,64.46,10.7433333333333,36.0793976728268,180,14,0,0,0,0,3,0,0,2,0.31,20.06,10.03,2,FALSE,1,-2.3156060854344385,60.48222947073567,0.5428931050762806,0,TRUE,15.491385476202398,0
00-0028142,Virgil Green,TE,2019,12,22.8,1.9,31.0773442847365,204,8,29,21,219,151,0,0.0749113579485822,0.0614824967739537,18,0.657777777777778,46,3.28571428571429,14,FALSE,1,-0.6847276610291635,62.57480327657379,0.5714298756030322,0,TRUE,20.501499721059933,0
00-0028142,Virgil Green,TE,2020,5,14,2.8,32.0793976728268,204,9,13,9,78,63,0,0.0360208229921846,0.0175163351645973,15,0.380666666666667,22.8,1.9,12,FALSE,0,-0.392821717534081,61.625,0.605263157894737,1,FALSE,10.93928087016864,0
00-0028237,Chris Hogan,WR,2019,7,14.7,2.1,31.854893908282,NA,8,73,43,590,865,0,0.15836123778433,0.225429799676369,18,0.738888888888889,106.2,7.08,15,TRUE,0,0.584780374251374,62.0625,0.509933774834437,1,FALSE,0,0.15836123778433
00-0028237,Chris Hogan,WR,2020,5,25.8,5.16,32.8569472963723,NA,9,15,8,67,122,0,0.0672882518596804,0.0710531701874129,7,0.318571428571429,14.7,2.1,7,TRUE,0,-2.031525260991639,56.537444629014395,0.6426844120961318,2,FALSE,0,0.0672882518596804
00-0028237,Chris Hogan,WR,2021,5,14.1,2.82,33.8562628336756,NA,10,26,14,118,259,0,0.177296038641183,0.250855645101573,5,0.83,25.8,5.16,5,TRUE,0,-0.17176604021972183,62.57684815504885,0.5315089522252244,3,FALSE,0,0.177296038641183
00-0028411,Dontrelle Inman,WR,2019,7,30.1,4.3,30.5817932922656,NA,8,47,36,412,493,0,0.148812982823779,0.188230542107561,11,0.576363636363636,76.4,9.55,8,TRUE,1,-0.6847276610291635,62.57480327657379,0.5714298756030322,0,TRUE,5.8228665329595835,0.148812982823779
00-0028411,Dontrelle Inman,WR,2020,7,46.3,6.61428571428571,31.5838466803559,NA,9,13,8,132,209,0,0.151744845095229,0.255915682151214,4,0.5075,30.1,4.3,7,TRUE,1,-0.5896550513259056,63.38685406454249,0.5430471721587525,0,TRUE,0,0.151744845095229
00-0028581,Patrick DiMarco,RB,2019,7,9.8,1.4,30.3381245722108,NA,8,4,3,62,27,1,0.0301339285714286,0.0171098413785927,NA,NA,10.1,1.2625,8,FALSE,0,-5.4886656210703,62.375,0.495652173913044,1,FALSE,7.711988601272322,0
00-0028903,Garrett Celek,TE,2019,3,0,0,31.2580424366872,NA,7,8,5,90,90,0,0.0534161478288633,0.0755269623180199,15,0.28,26,3.25,8,FALSE,0,-1.01406999208309,61.6875,0.559748427672956,1,FALSE,20.501499721059933,0
00-0028986,Case Keenum,QB,2019,10,108.48,10.848,31.5373032169747,NA,7,0,0,0,0,26,0,0,16,0.99875,229.9,14.36875,16,TRUE,0,-3.66217017397005,59.75,0.556603773584906,1,FALSE,56.715950770053986,0
00-0028986,Case Keenum,QB,2020,1,1.84,1.84,32.539356605065,NA,8,0,0,0,0,9,0,0,10,0.754,108.48,10.848,10,TRUE,1,-0.5896550513259056,63.38685406454249,0.5430471721587525,0,TRUE,45.25257802848533,0
00-0028986,Case Keenum,QB,2021,5,29.68,5.936,33.5386721423682,NA,9,0,0,0,0,0,0,0,1,0.26,1.84,1.84,1,FALSE,0,-1.61018073558807,62.5,0.46808510638297895,1,FALSE,27.14048269375304,0
00-0028986,Case Keenum,QB,2022,2,0.32,0.16,34.5379876796715,NA,10,0,0,0,0,12,0,0,7,0.372857142857143,29.68,5.936,5,TRUE,1,-2.8481260497613583,62.11011351909185,0.5416291982158619,0,TRUE,19.469285405425307,0
00-0028986,Case Keenum,QB,2023,2,12.74,6.37,35.5373032169747,NA,11,0,0,0,0,5,0,0,2,0.19,0.32,0.16,2,TRUE,1,-4.57572469712941,60.05,0.437810945273632,1,FALSE,15.491385476202398,0
00-0029000,Cole Beasley,WR,2019,15,184.8,12.32,30.3490759753593,NA,7,92,69,715,678,0,0.198831643238447,0.18318361607954,18,0.636666666666667,150.2,9.3875,16,TRUE,0,-5.4886656210703,62.375,0.495652173913044,1,FALSE,22.163851430919827,0.198831643238447
00-0029000,Cole Beasley,WR,2020,15,207.5,13.8333333333333,31.3511293634497,NA,8,111,71,822,859,0,0.268788677329073,0.203175987377276,16,0.7175,184.8,12.32,15,FALSE,0,-2.5026045642574752,62.974983015342815,0.5184767480822224,2,FALSE,5.8228665329595835,0
00-0029000,Cole Beasley,WR,2021,16,159.3,9.95625,32.3504449007529,NA,9,125,96,1112,944,0,0.221114076802683,0.197408524622347,18,0.669444444444444,207.5,13.8333333333333,15,FALSE,0,1.6002689201484088,62.7547023148179,0.5516260061675191,3,FALSE,0,0
00-0029000,Cole Beasley,WR,2022,4,9.5,2.375,33.3497604380561,NA,10,121,89,772,680,0,0.224934716875064,0.164972936831285,18,0.581666666666667,159.3,9.95625,16,FALSE,1,-2.8481260497613583,62.11011351909185,0.5416291982158619,0,TRUE,0,0
00-0029119,Derek Carrier,TE,2019,11,32.5,2.95454545454545,29.1033538672142,NA,7,12,7,67,105,0,0.0727474347831946,0.112669953792572,NA,NA,19.7,1.97,10,FALSE,0,1.12660532424442,61,0.5,1,FALSE,63.568368273025115,0
00-0029119,Derek Carrier,TE,2020,6,2.4,0.4,30.1054072553046,NA,8,19,13,108,165,1,0.0944706713772614,0.116727200924409,NA,NA,32.5,2.95454545454545,11,FALSE,0,-0.6006980829077988,61.12525562372189,0.537748270162759,2,FALSE,36.46942571926204,0
00-0029119,Derek Carrier,TE,2021,2,3.3,1.65,31.1047227926078,NA,9,1,1,14,-4,0,0.0344827586206897,-0.0168776371308017,6,0.0183333333333333,2.4,0.4,6,FALSE,0,-0.5850600027418753,62.090991104397446,0.5329616513244375,3,FALSE,20.501499721059933,0
00-0029137,Alshon Jeffery,WR,2019,9,122.2,13.5777777777778,29.5441478439425,NA,7,109,76,988,1214,0,0.223046675708715,0.319848986050831,15,0.907333333333333,185.3,14.2538461538462,13,FALSE,0,2.01562726562108,62.83333333333329,0.53072625698324,1,FALSE,22.163851430919827,0
00-0029137,Alshon Jeffery,WR,2020,7,23.5,3.35714285714286,30.5462012320329,45,8,73,43,490,803,1,0.273482660191648,0.338673325689697,10,0.712,122.2,13.5777777777778,9,FALSE,1,-0.5896550513259056,63.38685406454249,0.5430471721587525,0,TRUE,5.8228665329595835,0
00-0029141,Alfred Morris,RB,2019,1,0.4,0.4,30.7186858316222,NA,7,13,8,73,-4,111,0.0641121378621379,-0.00530896610857184,12,0.3075,68.1,6.19090909090909,11,TRUE,1,-0.6847276610291635,62.57480327657379,0.5714298756030322,0,TRUE,0,0.0641121378621379
00-0029141,Alfred Morris,RB,2020,9,40.7,4.52222222222222,31.7207392197125,173,8,0,0,0,0,1,0,0,1,0.05,0.4,0.4,1,TRUE,1,-0.5896550513259056,63.38685406454249,0.5430471721587525,0,TRUE,0,0
00-0029239,Brandon Bolden,RB,2019,15,50.9,3.39333333333333,29.596167008898,NA,7,3,3,13,-6,8,0.0445279866332498,-0.0126190977977057,5,0.094,29.4,3.26666666666667,9,TRUE,0,1.26776800670369,67.6842105263158,0.49321266968325805,1,FALSE,7.711988601272322,0.0445279866332498
00-0029239,Brandon Bolden,RB,2022,13,27.3,2.1,32.5968514715948,NA,10,55,45,432,47,44,0.134428784391006,0.0100195896806386,17,0.33,124.1,7.75625,16,TRUE,1,-2.8481260497613583,62.11011351909185,0.5416291982158619,0,TRUE,0,0.134428784391006
00-0029239,Brandon Bolden,RB,2023,5,11.1,2.22,33.596167008898,NA,11,9,9,57,30,17,0.0672822648432405,0.0253261145778032,10,0.128,27.3,2.1,13,FALSE,0,-4.47041026144887,61.4117647058824,0.621212121212121,1,FALSE,0,0
00-0029263,Russell Wilson,QB,2019,16,333.6,20.85,30.7542778918549,75,7,1,1,-11,-10,70,0.0344827586206897,-0.0319488817891374,17,1,306.42,19.15125,16,FALSE,0,-13.3775139572444,61.1764705882353,0.477987421383648,1,FALSE,67.23057283030921,0
00-0029263,Russell Wilson,QB,2020,16,372.78,23.29875,31.7563312799452,75,8,0,0,0,0,91,0,0,18,1,333.6,20.85,16,FALSE,0,-7.49088804122155,62.333907214115975,0.5482848076249452,2,FALSE,56.715950770053986,0
00-0029263,Russell Wilson,QB,2021,14,248.82,17.7728571428571,32.7556468172485,75,9,0,0,0,0,87,0,0,17,0.985294117647059,372.78,23.29875,16,FALSE,1,-1.3326053848525747,62.44109108555703,0.5569567092023618,0,TRUE,45.25257802848533,0
00-0029263,Russell Wilson,QB,2022,15,236.76,15.784,33.7549623545517,75,10,0,0,0,0,43,0,0,14,0.972857142857143,248.82,17.7728571428571,14,TRUE,1,-2.8481260497613583,62.11011351909185,0.5416291982158619,0,TRUE,27.14048269375304,0
00-0029263,Russell Wilson,QB,2023,15,264.9,17.66,34.7542778918549,75,11,1,1,1,-1,55,0.04,-0.00352112676056338,15,0.974,236.76,15.784,15,FALSE,1,4.361920524449067,66.15048913733956,0.6067168199037676,2,FALSE,19.469285405425307,0
00-0029263,Russell Wilson,QB,2024,11,177.78,16.1618181818182,35.7563312799452,75,12,0,0,0,0,80,0,0,15,0.996,264.9,17.66,15,TRUE,1,-7.120032313232597,60.03284145075934,0.496930334488184,2,FALSE,15.491385476202398,0
00-0029263,Russell Wilson,QB,2025,6,52.84,8.80666666666667,36.7556468172485,75,13,0,0,0,0,46,0,0,12,0.980833333333333,177.78,16.1618181818182,11,TRUE,0,-3.3189211254310966,61.81529615894941,0.4907636579868245,3,FALSE,9.106872268882348,0
00-0029269,Travis Benjamin,WR,2019,5,9,1.8,29.6728268309377,NA,7,29,15,197,506,7,0.0749640029789081,0.174447537881304,14,0.335,40.7,3.39166666666667,12,FALSE,1,-0.6847276610291635,62.57480327657379,0.5714298756030322,0,TRUE,22.163851430919827,0
00-0029293,Marvin Jones,WR,2019,13,193.9,14.9153846153846,29.4729637234771,NA,7,62,35,508,904,0,0.193777286967433,0.392146182934943,9,0.894444444444444,115.8,12.8666666666667,9,FALSE,1,-0.6847276610291635,62.57480327657379,0.5714298756030322,0,TRUE,37.932505764701475,0
00-0029293,Marvin Jones,WR,2020,16,227.8,14.2375,30.4750171115674,166,8,91,62,779,1186,2,0.226713126309774,0.301629597545502,13,0.901538461538462,193.9,14.9153846153846,13,FALSE,0,-3.80589589800994,63.0625,0.604838709677419,1,FALSE,22.163851430919827,0
00-0029293,Marvin Jones,WR,2021,17,180.2,10.6,31.4743326488706,166,9,115,76,978,1461,0,0.24065055891701,0.335527805636764,16,0.899375,227.8,14.2375,16,TRUE,1,-3.074511719805549,62.108863865123304,0.5780123029612375,2,FALSE,5.8228665329595835,0.24065055891701
00-0029293,Marvin Jones,WR,2022,16,116.9,7.30625,32.4736481861739,166,10,120,73,832,1438,0,0.228920327971141,0.321599062361187,17,0.904117647058824,180.2,10.6,17,FALSE,1,-1.41590982238568,66.1875,0.610294117647059,1,FALSE,0,0
00-0029293,Marvin Jones,WR,2023,4,6.5,1.625,33.4729637234771,166,11,90,50,579,1203,0,0.170219070911272,0.287848730952933,18,0.677777777777778,116.9,7.30625,16,TRUE,0,-3.7693556183232695,63.294117647058805,0.507853403141361,1,FALSE,0,0.170219070911272
00-0029319,Josh Bellamy,WR,2019,5,4,0.8,30.2888432580424,NA,7,26,15,151,325,0,0.0939621413871573,0.112189242253503,17,0.309411764705882,33.7,2.40714285714286,14,TRUE,1,-2.25445855388325,54.0625,0.6052631578947371,1,FALSE,22.163851430919827,0.0939621413871573
00-0029492,Jamize Olawale,RB,2019,6,0,0,30.3737166324435,NA,7,4,2,13,1,0,0.03007280160121,9.6171937677879e-4,NA,NA,3.3,0.33,10,FALSE,1,-0.6847276610291635,62.57480327657379,0.5714298756030322,0,TRUE,7.711988601272322,0
00-0029567,Nick Foles,QB,2019,4,39.74,9.935,30.611909650924,88,7,1,1,10,8,12,0.0285714285714286,0.0280701754385965,7,0.978571428571429,80.22,16.044,5,TRUE,1,2.05703243783867,61.9375,0.650793650793651,1,FALSE,67.23057283030921,0.0285714285714286
00-0029567,Nick Foles,QB,2020,9,112.18,12.4644444444444,31.6139630390144,88,8,0,0,0,0,4,0,0,4,0.6475,39.74,9.935,4,TRUE,1,0.935528214695384,58.0625,0.621848739495798,1,FALSE,56.715950770053986,0
00-0029567,Nick Foles,QB,2021,1,16.8,16.8,32.6132785763176,88,9,0,0,0,0,16,0,0,9,0.835555555555556,112.18,12.4644444444444,9,FALSE,0,-0.43053437265560734,61.001407270225165,0.6069410342534227,2,FALSE,45.25257802848533,0
00-0029567,Nick Foles,QB,2022,2,5.8,2.9,33.6125941136208,88,10,0,0,0,0,4,0,0,1,1,16.8,16.8,1,TRUE,1,-2.8481260497613583,62.11011351909185,0.5416291982158619,0,TRUE,27.14048269375304,0
00-0029572,Jarius Wright,WR,2019,16,56.9,3.55625,29.7659137577002,118,7,59,43,447,365,2,0.127909191111846,0.102023431013935,16,0.500625,97.6,6.1,16,FALSE,0,0.584780374251374,62.0625,0.509933774834437,1,FALSE,22.163851430919827,0
00-0029587,Rhett Ellison,TE,2019,10,40.7,4.07,30.9103353867214,128,7,34,25,272,215,0,0.107441053765531,0.101609750956992,14,0.633571428571429,60.2,4.63076923076923,13,FALSE,0,-0.11700487545225,61.125,0.565217391304348,1,FALSE,20.501499721059933,0
00-0029604,Kirk Cousins,QB,2019,15,250.42,16.6946666666667,31.0335386721424,102,7,1,1,-1,-7,44,0.032258064516129,-0.04375,16,1,293.12,18.32,16,FALSE,1,-0.6847276610291635,62.57480327657379,0.5714298756030322,0,TRUE,67.23057283030921,0
00-0029604,Kirk Cousins,QB,2020,16,319.2,19.95,32.0355920602327,102,8,1,0,0,12,33,0.0333333333333333,0.047808764940239,17,0.993529411764706,250.42,16.6946666666667,15,FALSE,1,-0.5896550513259056,63.38685406454249,0.5430471721587525,0,TRUE,56.715950770053986,0
00-0029604,Kirk Cousins,QB,2021,16,307.34,19.20875,33.0349075975359,102,9,0,0,0,0,32,0,0,16,0.998125,319.2,19.95,16,FALSE,1,-1.3326053848525747,62.44109108555703,0.5569567092023618,0,TRUE,45.25257802848533,0
00-0029604,Kirk Cousins,QB,2022,17,305.58,17.9752941176471,34.0342231348392,102,10,0,0,0,0,29,0,0,16,1,307.34,19.20875,16,FALSE,1,-2.8481260497613583,62.11011351909185,0.5416291982158619,0,TRUE,27.14048269375304,0
00-0029604,Kirk Cousins,QB,2023,8,154.74,19.3425,35.0335386721424,102,11,1,1,-2,-6,32,0.0256410256410256,-0.0229007633587786,18,0.953888888888889,305.58,17.9752941176471,17,FALSE,0,2.68718916520798,64.7777777777778,0.651515151515151,1,FALSE,19.469285405425307,0
00-0029604,Kirk Cousins,QB,2024,14,192.32,13.7371428571429,36.0355920602327,102,12,0,0,0,0,14,0,0,8,0.98125,154.74,19.3425,8,TRUE,1,-2.3927249464459472,61.20751703093519,0.5382602054028329,0,TRUE,15.491385476202398,0
00-0029604,Kirk Cousins,QB,2025,10,108.54,10.854,37.0349075975359,102,13,0,0,0,0,23,0,0,14,0.977142857142857,192.32,13.7371428571429,14,FALSE,0,-6.60259853246614,62.8823529411765,0.435064935064935,1,FALSE,9.106872268882348,0
00-0029608,T.Y. Hilton,WR,2019,10,125.1,12.51,29.7960301163587,92,7,141,85,1415,1568,0,0.256209205829948,0.363660537650643,16,0.7925,239,17.0714285714286,14,FALSE,0,3.8273808374224103,64.5,0.632978723404255,1,FALSE,22.163851430919827,0
00-0029608,T.Y. Hilton,WR,2020,15,164.2,10.9466666666667,30.798083504449,92,8,68,45,501,697,0,0.25933972073678,0.350885830221045,10,0.716,125.1,12.51,10,FALSE,0,-1.4780427979098418,63.517716535433074,0.599127942885572,2,FALSE,5.8228665329595835,0
00-0029608,T.Y. Hilton,WR,2021,10,74.1,7.41,31.7973990417522,92,9,98,58,794,1247,0,0.210142398766551,0.362241168346334,16,0.68125,164.2,10.9466666666667,15,FALSE,1,-1.3326053848525747,62.44109108555703,0.5569567092023618,0,TRUE,0,0
00-0029608,T.Y. Hilton,WR,2022,3,19.1,6.36666666666667,32.7967145790554,92,10,37,23,331,476,0,0.1444262419503,0.234358751280199,10,0.527,74.1,7.41,10,TRUE,0,-1.1087734579919446,67.32279387485555,0.5712511189221585,3,FALSE,0,0.1444262419503
00-0029632,Mohamed Sanu,WR,2019,15,124.1,8.27333333333333,30.0260095824778,83,7,94,66,838,754,7,0.18265530989975,0.160716150623263,16,0.780625,182.4,11.4,16,TRUE,0,1.26776800670369,67.6842105263158,0.49321266968325805,1,FALSE,22.163851430919827,0.18265530989975
00-0029632,Mohamed Sanu,WR,2020,7,44,6.28571428571429,31.0280629705681,83,8,52,27,218,448,1,0.214321909809189,0.275969822804325,9,0.696666666666667,124.1,8.27333333333333,15,TRUE,0,-3.80589589800994,63.0625,0.604838709677419,1,FALSE,5.8228665329595835,0.214321909809189
00-0029632,Mohamed Sanu,WR,2021,8,32.7,4.0875,32.0273785078713,83,9,23,16,178,284,1,0.128438080262893,0.163702690184045,7,0.54,44,6.28571428571429,7,TRUE,1,-1.3326053848525747,62.44109108555703,0.5569567092023618,0,TRUE,0,0.128438080262893
00-0029664,Josh Gordon,WR,2019,11,74.7,6.79090909090909,28.3860369609856,NA,7,68,40,720,915,0,0.210105291299248,0.354796896804155,11,0.718181818181818,138.7,11.5583333333333,12,FALSE,0,1.26776800670369,67.6842105263158,0.49321266968325805,1,FALSE,54.07189796423326,0
00-0029664,Josh Gordon,WR,2022,1,0,0,31.3867214236824,34,10,14,5,32,153,0,0.0704097193906602,0.090015272977433,12,0.255833333333333,14.2,1.57777777777778,9,TRUE,0,-8.58597987701735,64.9444444444444,0.55,1,FALSE,5.8228665329595835,0.0704097193906602
00-0029665,Robert Griffin III,QB,2019,6,18,3,29.5496235455168,2,7,0,0,0,0,0,0,0,3,0.09,0.84,0.42,2,FALSE,1,-0.6847276610291635,62.57480327657379,0.5714298756030322,0,TRUE,76.91939486134842,0
00-0029665,Robert Griffin III,QB,2020,4,4.58,1.145,30.5516769336071,2,8,0,0,0,0,20,0,0,7,0.297142857142857,18,3,6,FALSE,0,-9.28535716243663,66.3529411764706,0.451086956521739,1,FALSE,67.23057283030921,0
00-0029701,Ryan Tannehill,QB,2019,12,230.18,19.1816666666667,31.0965092402464,8,7,1,1,3,2,32,0.0333333333333333,0.00809716599190283,11,0.971818181818182,151.96,13.8145454545455,11,TRUE,1,-0.6847276610291635,62.57480327657379,0.5714298756030322,0,TRUE,67.23057283030921,0.0333333333333333
00-0029701,Ryan Tannehill,QB,2020,16,351.36,21.96,32.0985626283368,8,8,0,0,0,0,56,0,0,15,0.891333333333333,230.18,19.1816666666667,12,FALSE,0,-6.43469719202592,57.4210526315789,0.513698630136986,1,FALSE,56.715950770053986,0
00-0029701,Ryan Tannehill,QB,2021,17,282.36,16.6094117647059,33.09787816564,8,9,2,2,-10,-10,45,0.0343822843822844,-0.0265957446808511,17,0.980588235294118,351.36,21.96,16,FALSE,1,-1.3326053848525747,62.44109108555703,0.5569567092023618,0,TRUE,45.25257802848533,0
00-0029701,Ryan Tannehill,QB,2022,12,167.24,13.9366666666667,34.0971937029432,8,10,0,0,0,0,58,0,0,18,0.986666666666667,282.36,16.6094117647059,17,FALSE,0,-8.58597987701735,64.9444444444444,0.55,1,FALSE,27.14048269375304,0
00-0029701,Ryan Tannehill,QB,2023,9,87.04,9.67111111111111,35.0965092402464,8,11,0,0,0,0,34,0,0,12,0.943333333333333,167.24,13.9366666666667,12,FALSE,1,1.4135100279389323,60.4334680031692,0.6209852322499279,3,FALSE,19.469285405425307,0
00-0029738,Darren Fells,TE,2019,15,110.1,7.34,33.3607118412047,NA,6,12,11,117,57,0,0.0510462501412437,0.0255135957455163,16,0.3875,40.7,4.07,10,TRUE,1,-0.6847276610291635,62.57480327657379,0.5714298756030322,0,TRUE,7.103277265737504,0.0510462501412437
00-0029738,Darren Fells,TE,2020,12,76.2,6.35,34.362765229295,NA,7,60,41,400,336,0,0.127724592301944,0.0822787403779144,17,0.761764705882353,110.1,7.34,15,FALSE,0,1.45406736998584,63.61111111111109,0.58,1,FALSE,0,0
00-0029738,Darren Fells,TE,2021,3,8.3,2.76666666666667,35.3620807665982,NA,8,28,21,312,199,0,0.0993728768486669,0.0790904129542984,16,0.54375,76.2,6.35,12,TRUE,1,-1.3326053848525747,62.44109108555703,0.5569567092023618,0,TRUE,0,0.0993728768486669
00-0029854,C.J. Anderson,RB,2019,2,4.3,2.15,28.5557837097878,NA,6,3,1,24,1,24,0.0435185185185185,0.00417185789255106,9,0.0922222222222222,67.4,7.48888888888889,9,TRUE,1,-0.6847276610291635,62.57480327657379,0.5714298756030322,0,TRUE,25.648912801362936,0.0435185185185185
00-0030035,Adam Thielen,WR,2019,10,114.4,11.44,29.0266940451745,NA,6,153,113,1373,1443,5,0.278121743529035,0.370223876468015,16,0.961875,307.3,19.20625,16,FALSE,1,-0.6847276610291635,62.57480327657379,0.5714298756030322,0,TRUE,37.932505764701475,0
00-0030035,Adam Thielen,WR,2020,15,254,16.9333333333333,30.0287474332649,NA,7,64,42,597,776,5,0.249382087986179,0.361899554726951,12,0.726666666666667,114.4,11.44,10,FALSE,1,-0.5896550513259056,63.38685406454249,0.5430471721587525,0,TRUE,22.163851430919827,0
00-0030035,Adam Thielen,WR,2021,13,199.8,15.3692307692308,31.0280629705681,NA,8,108,74,925,1239,3,0.287808517116059,0.364241286041366,15,0.914666666666667,254,16.9333333333333,15,FALSE,1,-1.3326053848525747,62.44109108555703,0.5569567092023618,0,TRUE,5.8228665329595835,0
00-0030035,Adam Thielen,WR,2022,17,180,10.5882352941176,32.0273785078713,NA,9,95,67,726,903,1,0.232061265196856,0.278475664920515,13,0.84,199.8,15.3692307692308,13,FALSE,1,-2.8481260497613583,62.11011351909185,0.5416291982158619,0,TRUE,0,0
00-0030035,Adam Thielen,WR,2023,17,231,13.5882352941176,33.0266940451745,NA,10,111,73,766,1108,1,0.186487514840905,0.236821213236315,18,0.891111111111111,180,10.5882352941176,17,TRUE,1,-1.1508133315416142,62.217587857511425,0.5305483396322973,0,TRUE,0,0.186487514840905
00-0030035,Adam Thielen,WR,2024,10,139.5,13.95,34.0287474332649,NA,11,137,103,1014,1058,1,0.288000020838962,0.271394413308625,17,0.911176470588235,231,13.5882352941176,17,FALSE,1,-0.93537900248378,60.73684210526321,0.633093525179856,1,FALSE,0,0
00-0030035,Adam Thielen,WR,2025,14,39.6,2.82857142857143,35.0280629705681,NA,12,62,48,615,692,0,0.228126501310798,0.26162744144654,10,0.708,139.5,13.95,10,TRUE,0,2.6816146451914005,62.79394275248685,0.6485657275221384,3,FALSE,0,0.228126501310798
00-0030061,Zach Ertz,TE,2019,15,215.6,14.3733333333333,28.807665982204,35,6,171,126,1265,1274,0,0.276525489534532,0.265794284986616,18,0.913888888888889,280.3,17.51875,16,FALSE,0,2.01562726562108,62.83333333333329,0.53072625698324,1,FALSE,63.568368273025115,0
00-0030061,Zach Ertz,TE,2020,11,77.5,7.04545454545455,29.8097193702943,35,7,139,90,960,1229,0,0.252728826300214,0.285894635761077,16,0.853125,215.6,14.3733333333333,15,FALSE,1,-0.5896550513259056,63.38685406454249,0.5430471721587525,0,TRUE,36.46942571926204,0
00-0030061,Zach Ertz,TE,2021,17,180.7,10.6294117647059,30.8090349075975,35,8,72,36,335,536,0,0.195192590879741,0.154918790839789,11,0.812727272727273,77.5,7.04545454545455,11,TRUE,0,0.8673730317946872,64.20348050458715,0.5632598072358128,4,FALSE,20.501499721059933,0.195192590879741
00-0030061,Zach Ertz,TE,2022,10,115.6,11.56,31.8083504449008,35,9,85,59,595,613,1,0.221147368939139,0.232001580460308,12,0.82,180.7,10.6294117647059,17,FALSE,0,2.1048884742145724,64.66575143138203,0.5689299557692652,6,FALSE,10.93928087016864,0
00-0030061,Zach Ertz,TE,2023,7,51.7,7.38571428571429,32.807665982204,35,10,69,47,406,548,0,0.210272844205697,0.250209193833846,10,0.786,115.6,11.56,10,FALSE,1,-1.1508133315416142,62.217587857511425,0.5305483396322973,0,TRUE,7.103277265737504,0
00-0030061,Zach Ertz,TE,2024,17,177.4,10.4352941176471,33.8097193702943,35,11,43,27,187,332,0,0.228972256297709,0.215417467393151,7,0.648571428571429,51.7,7.38571428571429,7,TRUE,1,-2.3927249464459472,61.20751703093519,0.5382602054028329,0,TRUE,0,0.228972256297709
00-0030061,Zach Ertz,TE,2025,13,126.4,9.72307692307692,34.8090349075975,35,12,116,84,809,857,0,0.226212980021406,0.211944577536818,20,0.674,177.4,10.4352941176471,17,FALSE,0,1.05845290147838,65,0.4615384615384619,1,FALSE,0,0
00-0030068,Marquise Goodwin,WR,2019,8,38.1,4.7625,28.7830253251198,NA,6,44,23,395,615,4,0.168289391077358,0.303124741488967,11,0.638181818181818,87.4,7.94545454545455,11,FALSE,0,-1.01406999208309,61.6875,0.559748427672956,1,FALSE,37.932505764701475,0
00-0030068,Marquise Goodwin,WR,2022,13,90.2,6.93846153846154,31.7837097878166,78,9,40,20,313,475,2,0.127883898620686,0.155816154854079,14,0.434285714285714,57.2,4.08571428571429,14,TRUE,0,-4.28740337043254,55.5882352941176,0.544715447154472,1,FALSE,0,0.127883898620686
00-0030068,Marquise Goodwin,WR,2023,10,14,1.4,32.7830253251198,78,10,42,27,387,442,2,0.121559120328911,0.156210695772896,13,0.517692307692308,90.2,6.93846153846154,13,TRUE,0,-4.569155185908812,62.7422569763876,0.4895010347471576,3,FALSE,0,0.121559120328911
00-0030085,Kenny Stills,WR,2019,13,120.1,9.23846153846154,27.3593429158111,144,6,64,37,553,1040,0,0.216621826459677,0.377771911671556,15,0.868,134.42,8.96133333333333,15,TRUE,1,-0.6847276610291635,62.57480327657379,0.5714298756030322,0,TRUE,75.0135249983918,0.216621826459677
00-0030085,Kenny Stills,WR,2020,7,31.4,4.48571428571429,28.3613963039014,144,7,66,47,687,729,0,0.164838541287643,0.237514122893042,15,0.712666666666667,120.1,9.23846153846154,13,FALSE,0,1.45406736998584,63.61111111111109,0.58,1,FALSE,54.07189796423326,0
00-0030085,Kenny Stills,WR,2021,7,18.9,2.7,29.3607118412047,144,8,19,11,144,238,0,0.104620953217515,0.158276242826883,10,0.268,31.4,4.48571428571429,7,TRUE,0,-0.17176604021972183,62.57684815504885,0.5315089522252244,3,FALSE,37.932505764701475,0.104620953217515
00-0030089,Luke Willson,TE,2019,7,15.9,2.27142857142857,29.6262833675565,158,6,19,13,87,71,0,0.0694772451471501,0.0399002529194185,14,0.46,21.7,2.17,10,TRUE,0,-13.3775139572444,61.1764705882353,0.477987421383648,1,FALSE,36.46942571926204,0.0694772451471501
00-0030089,Luke Willson,TE,2020,2,2.2,1.1,30.6283367556468,158,7,11,9,87,71,1,0.0618096386004197,0.042659274838288,10,0.436,15.9,2.27142857142857,7,TRUE,0,-9.28535716243663,66.3529411764706,0.451086956521739,1,FALSE,20.501499721059933,0.0618096386004197
00-0030108,Ryan Griffin,TE,2019,13,98,7.53846153846154,29.637234770705,NA,6,48,25,311,370,0,0.137911557896193,0.129206061786321,15,0.770666666666667,54.5,4.19230769230769,13,TRUE,1,-2.25445855388325,54.0625,0.6052631578947371,1,FALSE,36.46942571926204,0.137911557896193
00-0030108,Ryan Griffin,TE,2020,10,17.6,1.76,30.6392881587953,201,7,41,34,320,223,0,0.138074982890453,0.0973937123845714,13,0.806923076923077,98,7.53846153846154,13,FALSE,0,-2.031525260991639,56.537444629014395,0.6426844120961318,2,FALSE,20.501499721059933,0
00-0030108,Ryan Griffin,TE,2021,14,65.1,4.65,31.6386036960986,201,8,12,9,86,63,0,0.0800486980719539,0.0462722047127752,15,0.428666666666667,17.6,1.76,10,FALSE,1,-4.237220859663053,62.415471591191114,0.5350290456824077,3,FALSE,10.93928087016864,0
00-0030108,Ryan Griffin,TE,2022,10,6.6,0.66,32.6379192334018,201,9,42,27,261,223,0,0.108787936232878,0.0748095724480519,14,0.635,65.1,4.65,14,TRUE,1,-2.8481260497613583,62.11011351909185,0.5416291982158619,0,TRUE,7.103277265737504,0.108787936232878
00-0030147,Russell Shepard,WR,2019,2,5.5,2.75,28.9555099247091,NA,6,19,10,188,333,0,0.0944739800323883,0.192767519761885,12,0.246666666666667,40.8,5.1,8,FALSE,0,-0.11700487545225,61.125,0.565217391304348,1,FALSE,37.932505764701475,0
00-0030155,Demetrius Harris,TE,2019,14,49.9,3.56428571428571,28.0930869267625,NA,6,27,13,166,195,0,0.0794614232683982,0.0621078075786313,17,0.385294117647059,46.4,3.09333333333333,15,TRUE,1,6.20990521322913,65.25,0.674846625766871,1,FALSE,79.89857189040993,0.0794614232683982
00-0030155,Demetrius Harris,TE,2020,11,11.5,1.04545454545455,29.0951403148528,NA,7,27,15,149,170,0,0.0809818354065,0.0660433482170333,15,0.555333333333333,49.9,3.56428571428571,14,TRUE,1,0.935528214695384,58.0625,0.621848739495798,1,FALSE,63.568368273025115,0.0809818354065
00-0030155,Demetrius Harris,TE,2021,10,4,0.4,30.0944558521561,NA,8,14,7,45,92,0,0.0609325183707568,0.0407391491703371,15,0.214666666666667,11.5,1.04545454545455,11,TRUE,0,0.8673730317946872,64.20348050458715,0.5632598072358128,4,FALSE,36.46942571926204,0.0609325183707568
00-0030181,Jack Doyle,TE,2019,16,111.8,6.9875,29.3251197809719,NA,6,33,26,245,179,0,0.167926398679867,0.151413966183056,6,0.816666666666667,60.5,10.0833333333333,6,FALSE,0,3.8273808374224103,64.5,0.632978723404255,1,FALSE,63.568368273025115,0
00-0030181,Jack Doyle,TE,2020,13,64.1,4.93076923076923,30.3271731690623,NA,7,72,43,448,491,0,0.172393374220065,0.140680172181586,16,0.741875,111.8,6.9875,16,FALSE,0,-1.4780427979098418,63.517716535433074,0.599127942885572,2,FALSE,36.46942571926204,0
00-0030181,Jack Doyle,TE,2021,15,79.2,5.28,31.3264887063655,NA,8,42,30,321,300,0,0.119575778570589,0.108676971812395,15,0.584666666666667,64.1,4.93076923076923,13,FALSE,1,-1.3326053848525747,62.44109108555703,0.5569567092023618,0,TRUE,20.501499721059933,0
00-0030216,Josh Hill,TE,2019,14,65.6,4.68571428571429,29.2813141683778,NA,6,28,20,216,65,0,0.0811087896557179,0.0280209856687969,18,0.591666666666667,40.5,3.375,12,FALSE,0,0.550929796968577,62,0.521551724137931,1,FALSE,63.568368273025115,0
00-0030216,Josh Hill,TE,2020,9,18.6,2.06666666666667,30.2833675564682,NA,7,38,27,229,176,0,0.0999023368304509,0.0823020134102537,17,0.597058823529412,65.6,4.68571428571429,14,FALSE,0,1.8447942208887929,61.60275019098548,0.5593931930138827,2,FALSE,36.46942571926204,0
00-0030279,Keenan Allen,WR,2019,16,261.5,16.34375,27.3456536618754,76,6,148,103,1308,1346,9,0.302955603675495,0.350248548918585,18,0.817222222222222,260.1,17.34,15,FALSE,1,-0.6847276610291635,62.57480327657379,0.5714298756030322,0,TRUE,75.0135249983918,0
00-0030279,Keenan Allen,WR,2020,14,245.1,17.5071428571429,28.3477070499658,76,7,149,104,1199,1506,3,0.286493662254113,0.323888839488805,16,0.87875,261.5,16.34375,16,FALSE,0,-0.392821717534081,61.625,0.605263157894737,1,FALSE,54.07189796423326,0
00-0030279,Keenan Allen,WR,2021,16,257.8,16.1125,29.347022587269,76,8,147,100,992,1052,1,0.30476669664591,0.29317570821093,14,0.826428571428571,245.1,17.5071428571429,14,FALSE,1,-1.3326053848525747,62.44109108555703,0.5569567092023618,0,TRUE,37.932505764701475,0
00-0030279,Keenan Allen,WR,2022,10,164,16.4,30.3463381245722,76,9,157,106,1138,1306,0,0.271463950765912,0.31367997347106,16,0.8675,257.8,16.1125,16,FALSE,0,2.94323904591114,65.4117647058823,0.595348837209302,1,FALSE,22.163851430919827,0
00-0030279,Keenan Allen,WR,2023,13,278.86,21.4507692307692,31.3456536618754,76,10,102,72,813,833,1,0.282719317323897,0.32195912080858,11,0.757272727272727,164,16.4,10,FALSE,0,4.361920524449067,66.15048913733956,0.6067168199037676,2,FALSE,5.8228665329595835,0
00-0030279,Keenan Allen,WR,2024,15,185.4,12.36,32.3477070499658,76,11,150,108,1243,1452,2,0.333759472149944,0.413031309216831,13,0.89,278.86,21.4507692307692,13,TRUE,1,0.09937692503816128,58.15604034108125,0.5602657737692467,3,FALSE,0,0.333759472149944
00-0030279,Keenan Allen,WR,2025,17,182.7,10.7470588235294,33.347022587269,76,12,121,70,744,1115,0,0.296292541268887,0.330688087633285,15,0.868,185.4,12.36,15,TRUE,0,-5.848188465752081,63.290112921482645,0.49565036001315527,5,FALSE,0,0.296292541268887
00-0030288,Rex Burkhead,RB,2019,13,101.1,7.77692307692308,29.1663244353183,190,6,27,21,176,48,80,0.101290336072945,0.0198692587053782,10,0.261,49.7,6.2125,8,FALSE,0,1.26776800670369,67.6842105263158,0.49321266968325805,1,FALSE,25.648912801362936,0
00-0030288,Rex Burkhead,RB,2020,10,107.6,10.76,30.1683778234086,190,7,41,30,311,116,68,0.12365625903228,0.0424217031702512,14,0.282857142857143,101.1,7.77692307692308,13,FALSE,0,-0.3245495508298596,67.3079364552042,0.5267896779140432,2,FALSE,7.711988601272322,0
00-0030288,Rex Burkhead,RB,2021,15,104.3,6.95333333333333,31.1676933607118,190,8,33,25,192,31,67,0.217578682223579,0.0504145566783516,10,0.404,107.6,10.76,10,TRUE,0,4.252459109954118,61.09923889156884,0.6506994693680657,2,FALSE,0,0.217578682223579
00-0030288,Rex Burkhead,RB,2022,15,71.4,4.76,32.1670088980151,190,9,32,25,186,50,122,0.112960482804233,0.025078918910151,16,0.375,104.3,6.95333333333333,15,FALSE,1,-2.8481260497613583,62.11011351909185,0.5416291982158619,0,TRUE,0,0
00-0030300,Jaron Brown,WR,2019,10,48,4.8,29.6454483230664,NA,6,19,14,166,244,0,0.0906160000994434,0.133420303235991,17,0.351176470588235,60.6,5.05,12,FALSE,0,-13.3775139572444,61.1764705882353,0.477987421383648,1,FALSE,22.163851430919827,0
00-0030404,Chris Thompson,RB,2019,11,93.6,8.50909090909091,28.8651608487337,154,6,55,41,268,80,43,0.233740913531568,0.0631936473952343,10,0.506,91.6,9.16,10,FALSE,0,-3.66217017397005,59.75,0.556603773584906,1,FALSE,25.648912801362936,0
00-0030404,Chris Thompson,RB,2020,6,42.6,7.1,29.8672142368241,154,7,58,42,378,101,37,0.197465797375581,0.0359150415606622,11,0.455454545454545,93.6,8.50909090909091,11,TRUE,1,-0.5896550513259056,63.38685406454249,0.5430471721587525,0,TRUE,7.711988601272322,0.197465797375581
00-0030414,Spencer Ware,RB,2019,3,12.3,4.1,27.772758384668,NA,6,24,21,245,24,51,0.092880370859979,-0.0059916728517504,14,0.268571428571429,79,6.58333333333333,12,FALSE,0,8.36410846493461,61.5555555555556,0.637755102040816,1,FALSE,50.58687746508861,0
00-0030431,Robert Woods,WR,2019,15,232.9,15.5266666666667,27.3921971252567,41,6,159,103,1391,1679,23,0.261386360056425,0.303525128635299,18,0.950555555555555,265.6,16.6,16,FALSE,1,-3.66217017397005,59.75,0.556603773584906,1,FALSE,75.0135249983918,0
00-0030431,Robert Woods,WR,2020,16,245.1,15.31875,28.394250513347,41,7,139,90,1134,1169,17,0.266350450381937,0.288794485056972,15,0.933333333333333,232.9,15.5266666666667,15,FALSE,0,-1.701287477845543,60.1919347826087,0.5570514157122465,3,FALSE,54.07189796423326,0
00-0030431,Robert Woods,WR,2021,9,137.2,15.2444444444444,29.3935660506502,41,8,147,102,1032,982,25,0.263186494533583,0.243681578895938,18,0.905555555555556,245.1,15.31875,16,FALSE,0,-0.639111168038151,61.890182746738866,0.513483002919607,4,FALSE,37.932505764701475,0
00-0030431,Robert Woods,WR,2022,17,115.7,6.80588235294118,30.3928815879535,41,9,69,45,556,563,8,0.247178259342994,0.236008571500786,9,0.922222222222222,137.2,15.2444444444444,9,TRUE,0,-8.58597987701735,64.9444444444444,0.55,1,FALSE,22.163851430919827,0.247178259342994
00-0030431,Robert Woods,WR,2023,14,89.3,6.37857142857143,31.3921971252567,41,10,91,53,527,716,0,0.230007602073238,0.223000547600915,17,0.78,115.7,6.80588235294118,17,TRUE,1,-4.57572469712941,60.05,0.437810945273632,1,FALSE,5.8228665329595835,0.230007602073238
00-0030431,Robert Woods,WR,2024,14,38.3,2.73571428571429,32.394250513347,41,11,81,42,443,774,1,0.183801832390855,0.20469896956119,16,0.67125,89.3,6.37857142857143,14,FALSE,0,-3.705483912483935,60.5426101785595,0.4803488471835923,2,FALSE,0,0
00-0030443,Levine Toilolo,TE,2019,3,3,1,28.0903490759754,133,6,24,21,263,180,0,0.109435798875454,0.139743662998066,16,0.49125,53.3,4.84545454545454,11,TRUE,0,-1.01406999208309,61.6875,0.559748427672956,1,FALSE,79.89857189040993,0.109435798875454
00-0030443,Levine Toilolo,TE,2020,7,9.6,1.37142857142857,29.0924024640657,133,7,2,2,10,-3,0,0.0411290322580645,-0.011119306656832,16,0.214375,3,1,3,TRUE,1,-0.5896550513259056,63.38685406454249,0.5430471721587525,0,TRUE,63.568368273025115,0.0411290322580645
00-0030456,Giovani Bernard,RB,2019,16,68.4,4.275,27.7754962354552,37,6,48,35,218,-7,56,0.159443967742685,-0.00852219215188481,12,0.425833333333333,95.9,7.99166666666667,12,FALSE,1,-0.6847276610291635,62.57480327657379,0.5714298756030322,0,TRUE,50.58687746508861,0
00-0030456,Giovani Bernard,RB,2020,16,158.1,9.88125,28.7775496235455,37,7,43,30,234,6,53,0.0863173550435753,-0.00437269248796447,16,0.400625,68.4,4.275,16,FALSE,0,0.747418243329004,64.625,0.617021276595745,1,FALSE,25.648912801362936,0
00-0030456,Giovani Bernard,RB,2021,10,59.1,5.91,29.7768651608487,37,8,59,47,355,77,124,0.127185603585346,0.0197321137910731,NA,NA,158.1,9.88125,16,TRUE,0,0.8673730317946872,64.20348050458715,0.5632598072358128,4,FALSE,7.711988601272322,0.127185603585346
00-0030456,Giovani Bernard,RB,2022,4,4.7,1.175,30.776180698152,37,9,37,28,162,39,21,0.117951013728265,0.0142342979926893,14,0.197142857142857,59.1,5.91,10,FALSE,0,2.1048884742145724,64.66575143138203,0.5689299557692652,6,FALSE,0,0
00-0030465,Kenjon Barner,RB,2019,14,9.12,0.651428571428571,30.3436002737851,182,6,0,0,0,0,19,0,0,5,0.116,8.4,0.933333333333334,9,TRUE,1,-0.6847276610291635,62.57480327657379,0.5714298756030322,0,TRUE,7.711988601272322,0
00-0030465,Kenjon Barner,RB,2020,5,0,0,31.3456536618754,182,7,8,6,22,-3,4,0.0404685305327618,-0.00388138870021245,10,0.089,9.12,0.651428571428571,14,TRUE,0,1.6930076676102641,64.19371647976597,0.5939548506101404,2,FALSE,0,0.0404685305327618
00-0030465,Kenjon Barner,RB,2021,3,0,0,32.3449691991786,182,8,1,0,0,3,0,0.0222222222222222,0.00691244239631336,3,0.0233333333333333,0,0,5,FALSE,0,0.8673730317946872,64.20348050458715,0.5632598072358128,4,FALSE,0,0
00-0030470,Vance McDonald,TE,2019,14,83.5,5.96428571428571,29.2183436002738,55,6,72,50,610,380,0,0.121559345370803,0.0786536760654662,15,0.548,133,8.86666666666667,15,FALSE,0,9.22088145774646,65.0625,0.675862068965517,1,FALSE,63.568368273025115,0
00-0030470,Vance McDonald,TE,2020,10,24.9,2.49,30.2203969883641,55,7,55,38,273,278,1,0.154097395384936,0.0921519010965051,14,0.769285714285714,83.5,5.96428571428571,14,FALSE,0,3.3721813220040873,61.596550407331975,0.5890179950939574,2,FALSE,36.46942571926204,0
00-0030496,Le'Veon Bell,RB,2020,11,74.6,6.78181818181818,28.5366187542779,48,7,78,66,461,43,245,0.214433303748904,-0.00830914944247866,15,0.831333333333333,215,14.3333333333333,15,TRUE,0,9.086456124702195,60.951722617704675,0.606813047579598,2,FALSE,25.648912801362936,0.214433303748904
00-0030496,Le'Veon Bell,RB,2021,8,38.1,4.7625,29.5359342915811,48,8,20,13,99,11,65,0.0646931270752487,0.0102548659459014,10,0.295,74.6,6.78181818181818,11,TRUE,0,-11.100175002691868,64.05516147206238,0.4510869565217391,2,FALSE,7.711988601272322,0.0646931270752487
00-0030506,Travis Kelce,TE,2019,16,254.3,15.89375,29.9055441478439,63,6,166,113,1467,1520,0,0.274173001959324,0.269197257105719,18,0.951111111111111,294.6,18.4125,16,FALSE,0,8.36410846493461,61.5555555555556,0.637755102040816,1,FALSE,36.46942571926204,0
00-0030506,Travis Kelce,TE,2020,15,312.76,20.8506666666667,30.9075975359343,63,7,158,116,1436,1370,2,0.257922962683599,0.270617388405234,19,0.909473684210526,254.3,15.89375,16,FALSE,0,9.086456124702195,60.951722617704675,0.606813047579598,2,FALSE,20.501499721059933,0
00-0030506,Travis Kelce,TE,2021,16,262.8,16.425,31.9069130732375,63,8,185,136,1776,1544,0,0.277875033092557,0.287230362263381,17,0.860588235294118,312.76,20.8506666666667,15,FALSE,0,9.2487708965395,62.24912817981407,0.6206834181363526,3,FALSE,10.93928087016864,0
00-0030506,Travis Kelce,TE,2022,17,316.3,18.6058823529412,32.9062286105407,63,9,161,115,1424,1196,2,0.232581289077255,0.23970871240305,19,0.823684210526316,262.8,16.425,16,FALSE,0,9.764874939182034,63.265673354913034,0.6318005958082872,4,FALSE,7.103277265737504,0
00-0030506,Travis Kelce,TE,2023,15,219.4,14.6266666666667,33.9055441478439,63,10,183,137,1595,1270,2,0.271698332720466,0.255238081231151,20,0.798,316.3,18.6058823529412,17,FALSE,1,-1.1508133315416142,62.217587857511425,0.5305483396322973,0,TRUE,0,0
00-0030506,Travis Kelce,TE,2024,16,195.4,12.2125,34.9075975359343,63,11,158,125,1339,1050,1,0.248624198050981,0.247293934315033,19,0.784210526315789,219.4,14.6266666666667,15,FALSE,0,5.007275832550871,62.904761904761905,0.626126126126126,1,FALSE,0,0
00-0030506,Travis Kelce,TE,2025,17,193.2,11.3647058823529,35.9069130732375,63,12,151,110,998,999,1,0.264017025456566,0.261466817037536,19,0.850526315789474,195.4,12.2125,16,FALSE,0,5.300602599522808,62.06117943246481,0.6217951442008044,2,FALSE,0,0
00-0030513,Latavius Murray,RB,2019,16,157.2,9.825,29.6180698151951,181,6,26,22,141,29,140,0.0958256535356854,0.0161489264325059,16,0.43,131.9,8.24375,16,TRUE,0,0.550929796968577,62,0.521551724137931,1,FALSE,7.711988601272322,0.0958256535356854
00-0030513,Latavius Murray,RB,2020,15,136.2,9.08,30.6201232032854,181,7,45,35,239,-60,151,0.139736310968164,-0.0161916611002381,17,0.388823529411765,157.2,9.825,16,FALSE,0,1.8447942208887929,61.60275019098548,0.5593931930138827,2,FALSE,0,0
00-0030513,Latavius Murray,RB,2021,14,103.6,7.4,31.6194387405886,181,8,28,25,187,-36,150,0.0666640586006223,-0.0160099094688782,16,0.35125,136.2,9.08,15,TRUE,0,-11.100175002691868,64.05516147206238,0.4510869565217391,2,FALSE,0,0.0666640586006223
00-0030513,Latavius Murray,RB,2022,13,154.2,11.8615384615385,32.6187542778919,181,9,13,10,75,1,119,0.0641896885188477,-0.00317105733777425,14,0.377142857142857,103.6,7.4,14,TRUE,1,-2.8481260497613583,62.11011351909185,0.5416291982158619,0,TRUE,0,0.0641896885188477
00-0030513,Latavius Murray,RB,2023,15,82.9,5.52666666666667,33.6180698151951,181,10,34,26,124,-61,160,0.115271059795734,-0.0304603839620248,12,0.536666666666667,154.2,11.8615384615385,13,TRUE,0,5.29349471715236,63.77777777777781,0.586734693877551,1,FALSE,0,0.115271059795734
00-0030520,Mike Glennon,QB,2019,2,4.24,2.12,29.719370294319,73,6,0,0,0,0,0,0,0,2,0.21,10.96,5.48,2,TRUE,0,1.12660532424442,61,0.5,1,FALSE,76.91939486134842,0
00-0030520,Mike Glennon,QB,2020,5,65.58,13.116,30.7214236824093,73,7,0,0,0,0,2,0,0,NA,NA,4.24,2.12,2,TRUE,1,-0.5896550513259056,63.38685406454249,0.5430471721587525,0,TRUE,67.23057283030921,0
00-0030520,Mike Glennon,QB,2021,6,40.9,6.81666666666667,31.7207392197125,73,8,0,0,0,0,6,0,0,5,0.89,65.58,13.116,5,TRUE,0,-1.58459729902941,59.125,0.608,1,FALSE,56.715950770053986,0
00-0030525,Tavon Austin,WR,2019,14,47.4,3.38571428571429,29.4647501711157,8,6,15,10,145,211,7,0.073823226555983,0.126908607574619,8,0.25,39.5,5.64285714285714,7,FALSE,1,-0.6847276610291635,62.57480327657379,0.5714298756030322,0,TRUE,37.932505764701475,0
00-0030525,Tavon Austin,WR,2020,4,5,1.25,30.466803559206,8,7,24,13,177,299,6,0.0818110934240593,0.106181111015933,14,0.302142857142857,47.4,3.38571428571429,14,TRUE,0,-0.2545699109913614,62.031798245614056,0.6079622132253715,2,FALSE,22.163851430919827,0.0818110934240593
00-0030525,Tavon Austin,WR,2021,11,51.4,4.67272727272727,31.4661190965092,8,8,5,5,20,-22,0,0.0674731182795699,-0.0420187390346784,5,0.1,5,1.25,4,TRUE,1,-3.074511719805549,62.108863865123304,0.5780123029612375,2,FALSE,5.8228665329595835,0.0674731182795699
00-0030533,Matt Barkley,QB,2019,2,8.96,4.48,28.9801505817933,98,6,0,0,0,0,3,0,0,1,1,17.08,17.08,1,FALSE,0,-5.4886656210703,62.375,0.495652173913044,1,FALSE,82.32277997365468,0
00-0030533,Matt Barkley,QB,2020,4,10.28,2.57,29.9822039698836,98,7,0,0,0,0,2,0,0,2,0.58,8.96,4.48,2,FALSE,0,-2.5026045642574752,62.974983015342815,0.5184767480822224,2,FALSE,76.91939486134842,0
00-0030549,Tyler Eifert,TE,2019,16,106.6,6.6625,28.9801505817933,21,6,19,15,179,175,0,0.132849399922571,0.160382990041234,4,0.49,38.9,9.725,4,FALSE,1,-0.6847276610291635,62.57480327657379,0.5714298756030322,0,TRUE,63.568368273025115,0
00-0030549,Tyler Eifert,TE,2020,15,82.9,5.52666666666667,29.9822039698836,21,7,63,43,436,521,0,0.127852954576506,0.136109753597074,16,0.439375,106.6,6.6625,16,TRUE,1,-0.5896550513259056,63.38685406454249,0.5430471721587525,0,TRUE,36.46942571926204,0.127852954576506
00-0030564,DeAndre Hopkins,WR,2019,15,269.54,17.9693333333333,27.2361396303901,27,6,173,120,1609,1985,1,0.339561372719785,0.449595916288978,17,0.990588235294118,333.5,20.84375,16,FALSE,1,-0.6847276610291635,62.57480327657379,0.5714298756030322,0,TRUE,75.0135249983918,0
00-0030564,DeAndre Hopkins,WR,2020,16,287.8,17.9875,28.2381930184805,27,7,172,119,1373,1790,2,0.3179668917523,0.373613647470818,17,0.968823529411765,269.54,17.9693333333333,15,TRUE,0,1.6930076676102641,64.19371647976597,0.5939548506101404,2,FALSE,54.07189796423326,0.3179668917523
00-0030564,DeAndre Hopkins,WR,2021,10,147.2,14.72,29.2375085557837,27,8,160,115,1407,1432,1,0.314800554938445,0.361008483054149,16,0.92125,287.8,17.9875,16,FALSE,0,0.8673730317946872,64.20348050458715,0.5632598072358128,4,FALSE,37.932505764701475,0
00-0030564,DeAndre Hopkins,WR,2022,9,151.7,16.8555555555556,30.2368240930869,27,9,64,42,572,788,0,0.240951379856726,0.350278862499002,10,0.822,147.2,14.72,10,FALSE,0,2.1048884742145724,64.66575143138203,0.5689299557692652,6,FALSE,22.163851430919827,0
00-0030564,DeAndre Hopkins,WR,2023,17,223.6,13.1529411764706,31.2361396303901,27,10,96,64,717,976,0,0.318725505391308,0.440825279239409,9,0.881111111111111,151.7,16.8555555555556,9,TRUE,1,1.4135100279389323,60.4334680031692,0.6209852322499279,3,FALSE,5.8228665329595835,0.318725505391308
00-0030564,DeAndre Hopkins,WR,2024,16,147,9.1875,32.2381930184805,27,11,137,75,1057,1934,2,0.302565562677199,0.43850877401273203,17,0.721764705882353,223.6,13.1529411764706,17,TRUE,0,5.007275832550871,62.904761904761905,0.626126126126126,1,FALSE,0,0.302565562677199
00-0030564,DeAndre Hopkins,WR,2025,17,67,3.94117647058824,33.2375085557837,27,12,67,44,466,729,0,0.165946640891188,0.265248191044906,13,0.454615384615385,147,9.1875,16,TRUE,0,0.4558089730608386,62.2806738134938,0.5473334568380964,4,FALSE,0,0.165946640891188
00-0030565,Geno Smith,QB,2021,4,55.28,13.82,30.8939082819986,39,8,0,0,0,0,2,0,0,1,0.25,1.12,1.12,1,FALSE,1,-1.3326053848525747,62.44109108555703,0.5569567092023618,0,TRUE,67.23057283030921,0
00-0030565,Geno Smith,QB,2022,17,314.88,18.5223529411765,31.8932238193018,39,9,0,0,0,0,9,0,0,4,0.845,55.28,13.82,4,FALSE,0,-4.28740337043254,55.5882352941176,0.544715447154472,1,FALSE,56.715950770053986,0
00-0030565,Geno Smith,QB,2023,15,236.26,15.7506666666667,32.8925393566051,39,10,0,0,0,0,72,0,0,18,1,314.88,18.5223529411765,17,FALSE,0,-0.39381781134052657,58.372619539887225,0.5632543451476695,2,FALSE,45.25257802848533,0
00-0030565,Geno Smith,QB,2024,17,281,16.5294117647059,33.8945927446954,39,11,1,1,-2,-8,37,0.0384615384615385,-0.0625,15,0.971333333333333,236.26,15.7506666666667,15,FALSE,1,-2.3927249464459472,61.20751703093519,0.5382602054028329,0,TRUE,27.14048269375304,0
00-0030565,Geno Smith,QB,2025,15,190.9,12.7266666666667,34.8939082819986,39,12,0,0,0,0,53,0,0,17,0.974705882352941,281,16.5294117647059,17,TRUE,1,-2.3156060854344385,60.48222947073567,0.5428931050762806,0,TRUE,19.469285405425307,0
00-0030578,Cordarrelle Patterson,RB,2019,16,29.6,1.85,28.4599589322382,29,6,35,25,279,195,45,0.0867011249619945,0.0577459077045021,NA,NA,90.5,6.03333333333333,15,TRUE,0,0.371345973023808,62.176470588235304,0.585714285714286,1,FALSE,50.58687746508861,0.0867011249619945
00-0030578,Cordarrelle Patterson,RB,2020,16,63.4,3.9625,29.4620123203285,29,7,17,11,83,84,17,0.0585276118382492,0.0393729242328223,NA,NA,29.6,1.85,16,FALSE,1,0.935528214695384,58.0625,0.621848739495798,1,FALSE,25.648912801362936,0
00-0030578,Cordarrelle Patterson,RB,2021,16,234.6,14.6625,30.4613278576318,29,8,25,21,132,90,65,0.0681616352262825,0.0264015426382513,NA,NA,63.4,3.9625,16,TRUE,1,-1.3326053848525747,62.44109108555703,0.5569567092023618,0,TRUE,7.711988601272322,0.0681616352262825
00-0030578,Cordarrelle Patterson,RB,2022,13,148.7,11.4384615384615,31.460643394935,29,9,69,52,548,214,153,0.152724932721426,0.0568959075876041,16,0.47625,234.6,14.6625,16,FALSE,0,-0.356785931309,58.5294117647059,0.605095541401274,1,FALSE,0,0
00-0030578,Cordarrelle Patterson,RB,2023,12,36.9,3.075,32.4599589322382,29,10,31,21,122,75,144,0.176631353852421,0.0572172656107884,13,0.468461538461538,148.7,11.4384615384615,13,FALSE,0,-6.726744015948854,58.588294353886134,0.4820650886087547,2,FALSE,0,0
00-0030578,Cordarrelle Patterson,RB,2024,13,37.5,2.88461538461538,33.4620123203285,29,11,12,9,38,10,50,0.0873054461018857,0.0105084834273671,14,0.192857142857143,36.9,3.075,12,TRUE,1,-7.120032313232597,60.03284145075934,0.496930334488184,2,FALSE,0,0.0873054461018857
00-0030663,Willie Snead,WR,2019,16,95.1,5.94375,26.8720054757016,NA,5,101,65,701,832,1,0.222800057839015,0.208133266144646,17,0.697647058823529,134.4,8.96,15,FALSE,1,-0.6847276610291635,62.57480327657379,0.5714298756030322,0,TRUE,75.0135249983918,0
00-0030663,Willie Snead,WR,2020,13,94.2,7.24615384615385,27.8740588637919,NA,6,54,37,395,465,2,0.141609518286288,0.12792922664228,17,0.621764705882353,95.1,5.94375,16,FALSE,0,-9.28535716243663,66.3529411764706,0.451086956521739,1,FALSE,54.07189796423326,0
00-0030663,Willie Snead,WR,2021,7,7.8,1.11428571428571,28.8733744010951,NA,7,55,40,466,449,0,0.17684608546905,0.176866179916246,5,0.588,94.2,7.24615384615385,13,TRUE,0,-0.5850600027418753,62.090991104397446,0.5329616513244375,3,FALSE,37.932505764701475,0.17684608546905
00-0030669,Albert Wilson,WR,2019,13,89.4,6.87692307692308,27.1375770020534,NA,5,35,26,391,246,8,0.190884595735527,0.188599550069912,7,0.545714285714286,96.78,13.8257142857143,7,FALSE,1,-0.6847276610291635,62.57480327657379,0.5714298756030322,0,TRUE,75.0135249983918,0
00-0030670,Bennie Fowler,WR,2019,8,46.3,5.7875,28.227241615332,NA,5,27,16,199,261,0,0.0977875514419071,0.129912572801176,10,0.567,41.9,4.19,10,FALSE,0,-0.11700487545225,61.125,0.565217391304348,1,FALSE,54.07189796423326,0
00-0030670,Bennie Fowler,WR,2020,2,3.1,1.55,29.2292950034223,NA,6,36,23,193,370,1,0.143031054139175,0.218675570495603,8,0.6025,46.3,5.7875,8,TRUE,0,1.8447942208887929,61.60275019098548,0.5593931930138827,2,FALSE,37.932505764701475,0.143031054139175
00-0030710,Trey Burton,TE,2019,8,22.4,2.8,27.8412046543463,NA,5,76,54,569,623,1,0.176110618039538,0.16474126288132,16,0.798125,147.1,9.19375,16,FALSE,0,0.371345973023808,62.176470588235304,0.585714285714286,1,FALSE,79.89857189040993,0
00-0030710,Trey Burton,TE,2020,12,83.3,6.94166666666667,28.843258042436702,NA,6,24,14,84,120,0,0.105165922248877,0.0600664965110799,8,0.57375,22.4,2.8,8,TRUE,0,-1.4780427979098418,63.517716535433074,0.599127942885572,2,FALSE,63.568368273025115,0.105165922248877
00-0030711,David Fluellen,RB,2019,1,0,0,27.5920602327173,NA,5,0,0,0,0,4,0,0,2,0.045,1.6,0.32,5,FALSE,1,-0.6847276610291635,62.57480327657379,0.5714298756030322,0,TRUE,50.58687746508861,0
00-0030821,Allen Hurns,WR,2019,14,83.6,5.97142857142857,27.802874743326502,NA,5,36,21,309,406,0,0.121514976374552,0.156128551793452,17,0.401176470588235,61.5,4.39285714285714,14,TRUE,1,-0.6847276610291635,62.57480327657379,0.5714298756030322,0,TRUE,54.07189796423326,0.121514976374552
00-0030874,Damien Williams,RB,2019,11,141.1,12.8272727272727,27.4113620807666,NA,5,38,33,251,9,85,0.163345658950565,0.00727267966376437,15,0.316666666666667,98.6,7.58461538461538,13,FALSE,0,8.36410846493461,61.5555555555556,0.637755102040816,1,FALSE,70.13043117440901,0
00-0030874,Damien Williams,RB,2022,1,0.2,0.2,30.4120465434634,NA,8,23,16,103,41,40,0.106659718932504,0.0214708371084448,12,0.211666666666667,60.7,5.05833333333333,12,TRUE,0,-0.356785931309,58.5294117647059,0.605095541401274,1,FALSE,7.711988601272322,0.106659718932504
00-0030874,Damien Williams,RB,2023,3,7.5,2.5,31.4113620807666,NA,9,0,0,0,0,2,0,0,1,0.13,0.2,0.2,1,TRUE,1,-1.1508133315416142,62.217587857511425,0.5305483396322973,0,TRUE,0,0
00-0031023,Quincy Enunwa,WR,2019,1,-1.4,-1.4,27.2525667351129,NA,5,68,38,449,487,1,0.247972798823313,0.201555799091771,11,0.777272727272727,86.9,7.9,11,FALSE,1,-2.25445855388325,54.0625,0.6052631578947371,1,FALSE,75.0135249983918,0
00-0031035,Xavier Grimble,TE,2019,2,1.3,0.65,26.9404517453799,NA,5,8,6,86,56,0,0.0290615826945876,0.0280608534914336,15,0.166,12.6,1.575,8,FALSE,0,9.22088145774646,65.0625,0.675862068965517,1,FALSE,82.4617658561213,0
00-0031045,Carlos Hyde,RB,2019,16,153.2,9.575,28.9472963723477,57,5,7,4,4,-14,58,0.0698334766279017,-0.018503048753357,8,0.315,98.4,7.02857142857143,14,TRUE,1,-0.6847276610291635,62.57480327657379,0.5714298756030322,0,TRUE,25.648912801362936,0.0698334766279017
00-0031045,Carlos Hyde,RB,2020,10,84.9,8.49,29.9493497604381,57,6,21,14,65,34,274,0.0752856364765218,0.00958931612025854,18,0.496111111111111,153.2,9.575,16,TRUE,0,-7.49088804122155,62.333907214115975,0.5482848076249452,2,FALSE,7.711988601272322,0.0752856364765218
00-0031045,Carlos Hyde,RB,2021,11,45.8,4.16363636363636,30.9486652977413,57,7,20,16,93,47,85,0.0876565628018419,0.0414119909098127,11,0.367272727272727,84.9,8.49,10,TRUE,1,-3.074511719805549,62.108863865123304,0.5780123029612375,2,FALSE,0,0.0876565628018419
00-0031051,John Brown,WR,2019,15,219.82,14.6546666666667,29.4127310061602,91,5,100,44,729,1602,3,0.196928080937886,0.351078845652484,17,0.638235294117647,143.9,8.99375,16,TRUE,0,-5.4886656210703,62.375,0.495652173913044,1,FALSE,37.932505764701475,0.196928080937886
00-0031051,John Brown,WR,2020,9,96.8,10.7555555555556,30.4147843942505,91,6,123,76,1110,1776,2,0.280169171438861,0.407018884461654,16,0.915625,219.82,14.6546666666667,15,FALSE,0,-2.5026045642574752,62.974983015342815,0.5184767480822224,2,FALSE,22.163851430919827,0
00-0031051,John Brown,WR,2021,3,0,0,31.4140999315537,91,7,71,43,544,852,0,0.202105612817742,0.247614206041365,12,0.8075,96.8,10.7555555555556,9,TRUE,0,-5.25500442379632,63.5,0.616666666666667,1,FALSE,5.8228665329595835,0.202105612817742
00-0031051,John Brown,WR,2022,2,11.2,5.6,32.4134154688569,91,8,1,0,0,31,0,0.03125,0.17816091954023,2,0.095,0,0,3,TRUE,1,-2.8481260497613583,62.11011351909185,0.5416291982158619,0,TRUE,0,0.03125
00-0031060,De'Anthony Thomas,WR,2019,14,2.1,0.15,26.652977412731,124,5,5,3,29,68,1,0.0557373737373737,0.0747602988184614,5,0.104,12.5,2.5,5,FALSE,0,8.36410846493461,61.5555555555556,0.637755102040816,1,FALSE,75.0135249983918,0
00-0031062,James White,RB,2019,15,200.2,13.3466666666667,27.5756331279945,130,5,150,107,902,281,102,0.249087185241215,0.0446626030970951,18,0.523333333333333,276.6,17.2875,16,FALSE,0,1.26776800670369,67.6842105263158,0.49321266968325805,1,FALSE,50.58687746508861,0
00-0031062,James White,RB,2020,14,116.6,8.32857142857143,28.5776865160849,130,6,100,77,707,222,68,0.191743405895913,0.0544254870383311,16,0.451875,200.2,13.3466666666667,15,FALSE,0,-0.3245495508298596,67.3079364552042,0.5267896779140432,2,FALSE,25.648912801362936,0
00-0031062,James White,RB,2021,3,31.2,10.4,29.5770020533881,130,7,62,49,375,-40,35,0.208282325955742,-0.03669355849958,14,0.377142857142857,116.6,8.32857142857143,14,FALSE,0,-4.238815247798903,65.31543463133406,0.4723516745873113,3,FALSE,7.711988601272322,0
00-0031068,Ryan Grant,WR,2019,2,5.4,2.7,28.7008898015058,142,5,52,35,334,475,0,0.115146243726623,0.146575944961012,14,0.560714285714286,74.4,5.31428571428571,14,TRUE,0,1.12660532424442,61,0.5,1,FALSE,37.932505764701475,0.115146243726623
00-0031166,Seth Roberts,WR,2019,14,60.1,4.29285714285714,28.5229295003422,NA,5,64,45,494,572,3,0.16261211612857,0.184229501778133,NA,NA,106.9,7.12666666666667,15,TRUE,1,-0.6847276610291635,62.57480327657379,0.5714298756030322,0,TRUE,37.932505764701475,0.16261211612857
00-0031166,Seth Roberts,WR,2020,3,7.1,2.36666666666667,29.5249828884326,NA,6,39,23,301,393,0,0.120762003457538,0.129979229867911,17,0.478235294117647,60.1,4.29285714285714,14,TRUE,1,-0.5896550513259056,63.38685406454249,0.5430471721587525,0,TRUE,22.163851430919827,0.120762003457538
00-0031167,Scott Simonson,TE,2019,3,3.1,1.03333333333333,27.3839835728953,NA,5,14,9,86,66,0,0.0669840117064292,0.0461464675302349,16,0.28375,23.6,2.36,10,FALSE,0,-0.11700487545225,61.125,0.565217391304348,1,FALSE,82.4617658561213,0
00-0031189,T.J. Jones,WR,2019,3,12.8,4.26666666666667,27.1184120465435,NA,5,27,19,190,268,0,0.0866843808020279,0.110770579241601,15,0.448,50,4.16666666666667,12,TRUE,0,-0.11700487545225,61.125,0.565217391304348,1,FALSE,75.0135249983918,0.0866843808020279
00-0031209,Senorise Perry,RB,2019,8,1.4,0.175,27.9507186858316,NA,5,0,0,0,0,0,0,0,NA,NA,0,0,11,TRUE,0,-5.4886656210703,62.375,0.495652173913044,1,FALSE,50.58687746508861,0
00-0031209,Senorise Perry,RB,2020,4,0.9,0.225,28.952772073922,NA,6,1,1,1,-1,3,0.0256410256410256,-0.00326797385620915,1,0.14,1.4,0.175,8,TRUE,0,-6.43469719202592,57.4210526315789,0.513698630136986,1,FALSE,25.648912801362936,0.0256410256410256
00-0031228,Taylor Gabriel,WR,2019,9,90.3,10.0333333333333,28.5366187542779,NA,5,102,71,725,1127,11,0.210593477879867,0.252961855988644,17,0.774705882352941,151.9,9.49375,16,FALSE,0,0.371345973023808,62.176470588235304,0.585714285714286,1,FALSE,37.932505764701475,0
00-0031235,Odell Beckham Jr.,WR,2019,16,201.3,12.58125,26.8199863107461,12,5,124,77,1052,1412,5,0.300883692012207,0.437456098244587,12,0.936666666666667,230.34,19.195,12,TRUE,1,6.20990521322913,65.25,0.674846625766871,1,FALSE,75.0135249983918,0.300883692012207
00-0031235,Odell Beckham Jr.,WR,2020,7,86.82,12.4028571428571,27.8220396988364,12,6,133,74,1035,1726,3,0.2687315783279,0.388618965745188,16,0.953125,201.3,12.58125,16,FALSE,1,-0.5896550513259056,63.38685406454249,0.5430471721587525,0,TRUE,54.07189796423326,0
00-0031235,Odell Beckham Jr.,WR,2021,14,129.1,9.22142857142857,28.8213552361396,12,7,43,23,319,584,3,0.260064598803889,0.35737741988475,7,0.675714285714286,86.82,12.4028571428571,7,TRUE,0,-0.639111168038151,61.890182746738866,0.513483002919607,4,FALSE,37.932505764701475,0.260064598803889
00-0031235,Odell Beckham Jr.,WR,2024,8,14.5,1.8125,31.8220396988364,12,10,71,39,599,999,0,0.186315771977453,0.283736571179964,16,0.486875,107.5,7.67857142857143,14,TRUE,0,1.6387244690867036,59.873498324310376,0.5398887365534697,2,FALSE,0,0.186315771977453
00-0031236,Brandin Cooks,WR,2019,14,117.5,8.39285714285714,25.9329226557153,20,5,144,99,1496,1863,11,0.25087936219319,0.339933784592709,18,0.905555555555556,243.2,16.2133333333333,15,FALSE,1,-3.66217017397005,59.75,0.556603773584906,1,FALSE,91.5505700173843,0
00-0031236,Brandin Cooks,WR,2020,15,232,15.4666666666667,26.9349760438056,20,6,72,42,583,1004,6,0.163922598467252,0.263077434706218,14,0.712857142857143,117.5,8.39285714285714,14,TRUE,0,1.45406736998584,63.61111111111109,0.58,1,FALSE,75.0135249983918,0.163922598467252
00-0031236,Brandin Cooks,WR,2021,16,231.8,14.4875,27.9342915811088,20,7,119,81,1150,1408,0,0.265807254513801,0.337846339814435,15,0.876,232,15.4666666666667,15,FALSE,0,4.252459109954118,61.09923889156884,0.6506994693680657,2,FALSE,54.07189796423326,0
00-0031236,Brandin Cooks,WR,2022,13,145.6,11.2,28.933607118412,20,8,134,90,1037,1423,2,0.308780513470192,0.428618629019779,16,0.8325,231.8,14.4875,16,FALSE,1,-2.8481260497613583,62.11011351909185,0.5416291982158619,0,TRUE,37.932505764701475,0
00-0031236,Brandin Cooks,WR,2023,16,173.2,10.825,29.9329226557153,20,9,93,57,699,1013,2,0.226050596356501,0.305542866614519,13,0.811538461538462,145.6,11.2,13,TRUE,1,-3.253496611940459,62.359387411143786,0.5639090904966904,3,FALSE,22.163851430919827,0.226050596356501
00-0031236,Brandin Cooks,WR,2024,10,69.6,6.96,30.9349760438056,20,10,89,60,704,1162,6,0.160642302955445,0.253718419542204,17,0.744705882352941,173.2,10.825,16,FALSE,0,-1.9438461941564844,63.33569615957746,0.566553637844823,4,FALSE,5.8228665329595835,0
00-0031236,Brandin Cooks,WR,2025,13,51.9,3.99230769230769,31.9342915811088,20,11,54,26,259,634,3,0.194297238257314,0.282637870318569,10,0.698,69.6,6.96,10,TRUE,1,-2.3156060854344385,60.48222947073567,0.5428931050762806,0,TRUE,0,0.194297238257314
00-0031237,Teddy Bridgewater,QB,2019,9,92.46,10.2733333333333,26.8062970568104,32,5,0,0,0,0,11,0,0,5,0.256,8.22,2.055,4,FALSE,0,0.550929796968577,62,0.521551724137931,1,FALSE,100.1093045339178,0
00-0031237,Teddy Bridgewater,QB,2020,15,252.22,16.8146666666667,27.8083504449008,32,6,0,0,0,0,28,0,0,9,0.664444444444444,92.46,10.2733333333333,9,TRUE,1,-0.5896550513259056,63.38685406454249,0.5430471721587525,0,TRUE,89.57744281082132,0
00-0031237,Teddy Bridgewater,QB,2021,14,209.68,14.9771428571429,28.807665982204,32,7,0,0,0,0,53,0,0,15,0.961333333333333,252.22,16.8146666666667,15,TRUE,0,-5.25500442379632,63.5,0.616666666666667,1,FALSE,82.32277997365468,0
00-0031237,Teddy Bridgewater,QB,2022,5,42.02,8.404,29.8069815195072,32,8,0,0,0,0,30,0,0,14,0.912142857142857,209.68,14.9771428571429,14,TRUE,1,-2.8481260497613583,62.11011351909185,0.5416291982158619,0,TRUE,76.91939486134842,0
00-0031237,Teddy Bridgewater,QB,2023,1,-0.2,-0.2,30.8062970568104,32,9,0,0,0,0,3,0,0,5,0.4,42.02,8.404,5,TRUE,0,-3.7693556183232695,63.294117647058805,0.507853403141361,1,FALSE,67.23057283030921,0
00-0031237,Teddy Bridgewater,QB,2025,3,2.88,0.96,32.807665982204,32,11,0,0,0,0,0,0,0,1,0.04,NA,NA,NA,TRUE,1,-2.3156060854344385,60.48222947073567,0.5428931050762806,0,TRUE,45.25257802848533,0
00-0031257,Paul Richardson,WR,2019,10,64.5,6.45,27.3839835728953,NA,5,35,20,262,432,2,0.151407547848037,0.22979073255911,7,0.76,59.1,8.44285714285714,7,FALSE,0,-3.66217017397005,59.75,0.556603773584906,1,FALSE,75.0135249983918,0
00-0031260,Logan Thomas,TE,2019,15,39.3,2.62,28.1697467488022,120,5,17,12,77,135,0,0.105235627555252,0.0680171921988488,12,0.348333333333333,20.3,2.25555555555556,9,TRUE,1,-0.6847276610291635,62.57480327657379,0.5714298756030322,0,TRUE,79.89857189040993,0.105235627555252
00-0031260,Logan Thomas,TE,2020,16,176.62,11.03875,29.1718001368925,120,6,28,16,173,214,0,0.0810614449828653,0.0647789470011876,16,0.32125,39.3,2.62,15,TRUE,1,-0.5896550513259056,63.38685406454249,0.5430471721587525,0,TRUE,63.568368273025115,0.0810614449828653
00-0031260,Logan Thomas,TE,2021,5,53.6,10.72,30.1711156741958,120,7,119,77,744,877,3,0.216804293104065,0.214629869965625,17,0.928823529411765,176.62,11.03875,16,FALSE,0,1.26828816587635,65,0.551948051948052,1,FALSE,36.46942571926204,0
00-0031260,Logan Thomas,TE,2022,13,77.3,5.94615384615385,31.170431211499,120,8,25,18,196,249,0,0.164898395721925,0.248182208765289,6,0.75,53.6,10.72,5,FALSE,0,-0.4798819167791796,63.64768431644504,0.5435222878010671,2,FALSE,20.501499721059933,0
00-0031260,Logan Thomas,TE,2023,16,126.8,7.925,32.1697467488022,120,9,61,39,323,430,0,0.170273192360889,0.128617838351092,14,0.683571428571429,77.3,5.94615384615385,13,FALSE,1,9.995467900260666,63.23119450037804,0.6354203032875844,5,FALSE,10.93928087016864,0
00-0031273,Cameron Brate,TE,2019,14,91.1,6.50714285714286,28.1642710472279,NA,5,49,30,289,405,0,0.0997267660486465,0.0861047914213464,16,0.485625,92.9,6.19333333333333,15,FALSE,1,-0.6847276610291635,62.57480327657379,0.5714298756030322,0,TRUE,79.89857189040993,0
00-0031273,Cameron Brate,TE,2020,13,68.2,5.24615384615385,29.1663244353183,NA,6,55,36,311,385,0,0.152349047493355,0.108519198676513,16,0.380625,91.1,6.50714285714286,14,FALSE,0,1.6930076676102641,64.19371647976597,0.5939548506101404,2,FALSE,63.568368273025115,0
00-0031273,Cameron Brate,TE,2021,16,78.5,4.90625,30.1656399726215,NA,7,53,42,457,464,0,0.111252318655404,0.10013674228519,19,0.315789473684211,68.2,5.24615384615385,13,FALSE,0,0.8673730317946872,64.20348050458715,0.5632598072358128,4,FALSE,36.46942571926204,0
00-0031273,Cameron Brate,TE,2022,9,37.4,4.15555555555556,31.1649555099247,NA,8,63,34,283,468,0,0.0973983676652538,0.0957059106567374,19,0.405263157894737,78.5,4.90625,16,FALSE,0,2.1048884742145724,64.66575143138203,0.5689299557692652,6,FALSE,20.501499721059933,0
00-0031280,Derek Carr,QB,2019,16,252.36,15.7725,28.4298425735797,36,5,1,1,-9,-7,24,0.0303030303030303,-0.0225806451612903,NA,NA,226.76,14.1725,16,FALSE,0,1.12660532424442,61,0.5,1,FALSE,89.57744281082132,0
00-0031280,Derek Carr,QB,2020,16,281.12,17.57,29.4318959616701,36,6,0,0,0,0,27,0,0,NA,NA,252.36,15.7725,16,FALSE,0,-0.6006980829077988,61.12525562372189,0.537748270162759,2,FALSE,82.32277997365468,0
00-0031280,Derek Carr,QB,2021,17,270.96,15.9388235294118,30.4312114989733,36,7,0,0,0,0,39,0,0,16,0.935625,281.12,17.57,16,FALSE,0,-0.5850600027418753,62.090991104397446,0.5329616513244375,3,FALSE,76.91939486134842,0
00-0031280,Derek Carr,QB,2022,15,233.08,15.5386666666667,31.4305270362765,36,8,0,0,0,0,41,0,0,18,0.990555555555556,270.96,15.9388235294118,17,FALSE,1,-2.8481260497613583,62.11011351909185,0.5416291982158619,0,TRUE,67.23057283030921,0
00-0031280,Derek Carr,QB,2023,17,249.12,14.6541176470588,32.4298425735797,36,9,0,0,0,0,24,0,0,15,0.982,233.08,15.5386666666667,15,TRUE,0,-2.7801235815858245,61.55797462571899,0.5385562169808286,5,FALSE,56.715950770053986,0
00-0031280,Derek Carr,QB,2024,10,155.9,15.59,33.4318959616701,36,10,0,0,0,0,32,0,0,17,0.841764705882353,249.12,14.6541176470588,17,FALSE,1,-1.746163993703397,61.15189530920728,0.48150446254666934,2,FALSE,45.25257802848533,0
00-0031285,Devonta Freeman,RB,2019,14,197.6,14.1142857142857,27.4633812457221,103,5,7,5,23,1,14,0.104273504273504,-0.00462332712002848,2,0.475,14.1,7.05,2,FALSE,1,-0.6847276610291635,62.57480327657379,0.5714298756030322,0,TRUE,70.13043117440901,0
00-0031285,Devonta Freeman,RB,2020,5,36,7.2,28.4654346338125,103,6,70,59,410,79,184,0.138313748160399,0.0194627478149834,14,0.652142857142857,197.6,14.1142857142857,14,TRUE,1,-0.5896550513259056,63.38685406454249,0.5430471721587525,0,TRUE,50.58687746508861,0.138313748160399
00-0031285,Devonta Freeman,RB,2021,16,146.6,9.1625,29.4647501711157,103,7,10,7,58,-14,54,0.101272577996716,-0.0214968984618239,5,0.46,36,7.2,5,TRUE,0,-11.100175002691868,64.05516147206238,0.4510869565217391,2,FALSE,25.648912801362936,0.101272577996716
00-0031288,AJ McCarron,QB,2019,2,17.9,8.95,28.9664613278576,164,5,0,0,0,0,3,0,0,NA,NA,0.12,0.06,2,TRUE,1,-0.6847276610291635,62.57480327657379,0.5714298756030322,0,TRUE,82.32277997365468,0
00-0031288,AJ McCarron,QB,2020,2,0.8,0.4,29.968514715948,164,6,0,0,0,0,5,0,0,2,0.535,17.9,8.95,2,FALSE,0,1.45406736998584,63.61111111111109,0.58,1,FALSE,76.91939486134842,0
00-0031299,Jordan Matthews,TE,2019,2,7.3,3.65,27.1266255989049,42,5,30,21,337,328,0,0.0860591807644205,0.128744899467374,NA,NA,62,5.63636363636364,11,FALSE,0,2.01562726562108,62.83333333333329,0.53072625698324,1,FALSE,82.4617658561213,0
00-0031319,Diontae Spencer,WR,2020,11,7.5,0.681818181818182,28.4544832306639,NA,6,8,6,31,49,3,0.0923090200029855,0.105082350988186,14,0.0864285714285714,7.7,0.48125,16,FALSE,1,-0.5896550513259056,63.38685406454249,0.5430471721587525,0,TRUE,54.07189796423326,0
00-0031319,Diontae Spencer,WR,2021,15,-3.3,-0.22,29.4537987679671,NA,7,6,3,26,33,3,0.0435009519923841,0.0255641268273601,11,0.08,7.5,0.681818181818182,11,FALSE,0,-5.25500442379632,63.5,0.616666666666667,1,FALSE,37.932505764701475,0
00-0031325,Sammy Watkins,WR,2019,13,138.5,10.6538461538462,26.2149212867899,4,5,71,50,695,642,6,0.214777989619734,0.201463042748836,12,0.7575,115.1,11.51,10,FALSE,0,8.36410846493461,61.5555555555556,0.637755102040816,1,FALSE,91.5505700173843,0
00-0031325,Sammy Watkins,WR,2020,10,88.4,8.84,27.2169746748802,4,6,108,66,961,1090,3,0.22644521551822,0.266762383474381,17,0.792941176470588,138.5,10.6538461538462,13,FALSE,0,9.086456124702195,60.951722617704675,0.606813047579598,2,FALSE,75.0135249983918,0
00-0031325,Sammy Watkins,WR,2021,11,70.4,6.4,28.2162902121834,4,7,56,38,434,455,1,0.170141347868469,0.176972902641462,10,0.735,88.4,8.84,10,TRUE,0,-11.100175002691868,64.05516147206238,0.4510869565217391,2,FALSE,54.07189796423326,0.170141347868469
00-0031325,Sammy Watkins,WR,2022,9,46.5,5.16666666666667,29.2156057494867,4,8,49,27,394,630,0,0.191641700095096,0.235118289857963,13,0.487692307692308,70.4,6.4,11,TRUE,1,-2.8481260497613583,62.11011351909185,0.5416291982158619,0,TRUE,37.932505764701475,0.191641700095096
00-0031339,Donte Moncrief,WR,2019,4,5.8,1.45,26.0698151950719,NA,5,89,48,668,1166,0,0.186472675615173,0.316530129504747,16,0.785625,130.8,8.175,16,TRUE,0,9.22088145774646,65.0625,0.675862068965517,1,FALSE,91.5505700173843,0.186472675615173
00-0031339,Donte Moncrief,WR,2020,5,2.9,0.58,27.0718685831622,90,6,15,4,18,202,0,0.165247251071637,0.194548916166235,5,0.342,5.8,1.45,4,TRUE,0,-0.3245495508298596,67.3079364552042,0.5267896779140432,2,FALSE,75.0135249983918,0.165247251071637
00-0031344,Cody Latimer,WR,2019,14,66,4.71428571428571,26.8911704312115,56,5,16,11,190,318,0,0.104369031242317,0.281119584866175,6,0.521666666666667,36,6,6,FALSE,0,-0.11700487545225,61.125,0.565217391304348,1,FALSE,75.0135249983918,0
00-0031345,Jimmy Garoppolo,QB,2019,16,260.32,16.27,27.8302532511978,62,5,0,0,0,0,8,0,0,3,0.996666666666667,51.02,17.0066666666667,3,FALSE,0,-1.01406999208309,61.6875,0.559748427672956,1,FALSE,89.57744281082132,0
00-0031345,Jimmy Garoppolo,QB,2020,6,69.34,11.5566666666667,28.8323066392882,62,6,0,0,0,0,56,0,0,19,0.993684210526316,260.32,16.27,16,FALSE,0,-3.102495686243507,61.28793246227456,0.5274926331530104,2,FALSE,82.32277997365468,0
00-0031345,Jimmy Garoppolo,QB,2021,15,239.5,15.9666666666667,29.8316221765914,62,7,0,0,0,0,10,0,0,6,0.765,69.34,11.5566666666667,6,FALSE,1,-1.3326053848525747,62.44109108555703,0.5569567092023618,0,TRUE,76.91939486134842,0
00-0031345,Jimmy Garoppolo,QB,2022,11,168.78,15.3436363636364,30.8309377138946,62,8,0,0,0,0,40,0,0,18,0.961666666666667,239.5,15.9666666666667,15,FALSE,1,-2.8481260497613583,62.11011351909185,0.5416291982158619,0,TRUE,67.23057283030921,0
00-0031345,Jimmy Garoppolo,QB,2023,7,73.1,10.4428571428571,31.8302532511978,62,9,0,0,0,0,23,0,0,11,0.875454545454545,168.78,15.3436363636364,11,TRUE,0,-4.47041026144887,61.4117647058824,0.621212121212121,1,FALSE,56.715950770053986,0
00-0031345,Jimmy Garoppolo,QB,2024,1,20.86,20.86,32.8323066392882,62,10,0,0,0,0,20,0,0,7,0.804285714285714,73.1,10.4428571428571,7,TRUE,0,-1.5340879553944275,60.88578223955308,0.5544179392950374,2,FALSE,45.25257802848533,0
00-0031345,Jimmy Garoppolo,QB,2025,3,-1,-0.333333333333333,33.8316221765914,62,11,0,0,0,0,2,0,0,1,1,20.86,20.86,1,FALSE,1,-3.2048470434873892,62.04804822432223,0.540022645347221,5,FALSE,27.14048269375304,0
00-0031376,Jerick McKinnon,RB,2021,9,35.9,3.98888888888889,29.3305954825462,96,7,46,33,253,156,81,0.126715192947415,0.0550965517569551,15,0.362,126.2,9.01428571428571,14,TRUE,0,9.2487708965395,62.24912817981407,0.6206834181363526,3,FALSE,25.648912801362936,0.126715192947415
00-0031376,Jerick McKinnon,RB,2022,17,196.3,11.5470588235294,30.3299110198494,96,8,37,27,272,-34,46,0.107912053731368,-0.0248856433528746,15,0.304,35.9,3.98888888888889,9,FALSE,0,9.764874939182034,63.265673354913034,0.6318005958082872,4,FALSE,7.711988601272322,0
00-0031376,Jerick McKinnon,RB,2023,12,84.36,7.03,31.3292265571526,96,9,78,61,544,46,91,0.143460248032218,0.0147129113437082,20,0.472,196.3,11.5470588235294,17,FALSE,1,-1.1508133315416142,62.217587857511425,0.5305483396322973,0,TRUE,0,0
00-0031381,Davante Adams,WR,2019,12,212.7,17.725,26.6858316221766,53,5,169,111,1386,1906,0,0.304030655689272,0.374967040000865,15,0.934666666666667,329.6,21.9733333333333,15,FALSE,1,-3.73727848646601,62.4375,0.592592592592593,1,FALSE,75.0135249983918,0
00-0031381,Davante Adams,WR,2020,14,358.4,25.6,27.6878850102669,53,6,149,100,1295,1536,0,0.33599960979001,0.362493509519859,14,0.86,212.7,17.725,12,FALSE,0,-0.2545699109913614,62.031798245614056,0.6079622132253715,2,FALSE,54.07189796423326,0
00-0031381,Davante Adams,WR,2021,16,344.3,21.51875,28.6872005475702,53,7,174,133,1507,1445,0,0.358986642947233,0.383593676218782,16,0.856875,358.4,25.6,14,FALSE,0,1.2448117567873749,61.772867804759954,0.5868189323739391,3,FALSE,37.932505764701475,0
00-0031381,Davante Adams,WR,2022,17,335.5,19.7352941176471,29.6865160848734,53,8,180,132,1643,1744,0,0.354194798171975,0.426900653306407,17,0.855294117647059,344.3,21.51875,16,TRUE,1,-2.8481260497613583,62.11011351909185,0.5416291982158619,0,TRUE,22.163851430919827,0.354194798171975
00-0031381,Davante Adams,WR,2023,17,265.4,15.6117647058824,30.6858316221766,53,9,180,100,1516,2129,3,0.353214559692138,0.420569339953252,17,0.946470588235294,335.5,19.7352941176471,17,FALSE,0,-4.47041026144887,61.4117647058824,0.621212121212121,1,FALSE,5.8228665329595835,0
00-0031381,Davante Adams,WR,2024,14,241.3,17.2357142857143,31.6878850102669,53,10,175,103,1144,1896,0,0.357963992621807,0.474175940673782,17,0.921176470588235,265.4,15.6117647058824,17,TRUE,1,-9.413792033601224,61.56675373145686,0.5608928535266602,2,FALSE,0,0.357963992621807
00-0031381,Davante Adams,WR,2025,14,222.9,15.9214285714286,32.6872005475702,53,11,114,67,854,910,0,0.318829356730774,0.363300609342203,11,0.908181818181818,241.3,17.2357142857143,14,TRUE,1,-3.2048470434873892,62.04804822432223,0.540022645347221,5,FALSE,0,0.318829356730774
00-0031382,Jarvis Landry,WR,2019,16,237.4,14.8375,26.757015742642,63,5,149,81,976,1645,3,0.293669543441821,0.329838128169395,16,0.87,217.12,13.57,16,FALSE,1,6.20990521322913,65.25,0.674846625766871,1,FALSE,75.0135249983918,0
00-0031382,Jarvis Landry,WR,2020,15,187.96,12.5306666666667,27.7590691307324,63,6,138,83,1174,1343,1,0.283718462397131,0.308064150170318,16,0.936875,237.4,14.8375,16,FALSE,1,-0.5896550513259056,63.38685406454249,0.5430471721587525,0,TRUE,54.07189796423326,0
00-0031382,Jarvis Landry,WR,2021,12,133,11.0833333333333,28.7583846680356,63,7,119,84,952,902,4,0.269871790434139,0.256987379067967,17,0.729411764705882,187.96,12.5306666666667,15,FALSE,0,-1.61018073558807,62.5,0.46808510638297895,1,FALSE,37.932505764701475,0
00-0031382,Jarvis Landry,WR,2022,9,60.2,6.68888888888889,29.7577002053388,63,8,87,52,570,696,6,0.271032704312831,0.296353555678794,12,0.7025,133,11.0833333333333,12,TRUE,0,-1.0017622280411616,62.17367515588611,0.5342540590250734,4,FALSE,22.163851430919827,0.271032704312831
00-0031384,Richard Rodgers,TE,2021,1,3.1,3.1,29.6098562628337,98,7,31,24,345,305,0,0.135324215645408,0.154738180562183,12,0.315,70.5,8.8125,8,FALSE,1,-1.556697294251077,65.79897521448999,0.5741231667858766,2,FALSE,36.46942571926204,0
00-0031384,Richard Rodgers,TE,2022,3,1.4,0.466666666666667,30.6091718001369,98,8,2,2,11,1,0,0.0588235294117647,0.00454545454545455,4,0.265,3.1,3.1,1,TRUE,0,2.94323904591114,65.4117647058823,0.595348837209302,1,FALSE,20.501499721059933,0.0588235294117647
00-0031387,Eric Ebron,TE,2019,11,86.5,7.86363636363636,26.3928815879535,NA,5,125,74,827,1195,3,0.213299690534051,0.261618738934479,18,0.561111111111111,222.2,13.8875,16,FALSE,0,3.8273808374224103,64.5,0.632978723404255,1,FALSE,96.309286703009,0
00-0031387,Eric Ebron,TE,2020,15,141.8,9.45333333333333,27.3949349760438,10,6,52,31,375,495,0,0.183506708360387,0.20902079837906,11,0.424545454545455,86.5,7.86363636363636,11,TRUE,0,3.3721813220040873,61.596550407331975,0.5890179950939574,2,FALSE,82.4617658561213,0.183506708360387
00-0031387,Eric Ebron,TE,2021,8,32.5,4.0625,28.394250513347,10,7,102,63,620,707,0,0.164366997179157,0.165072659361578,16,0.725625,141.8,9.45333333333333,15,FALSE,0,4.32871819518336,62.84387095228973,0.5983447227642579,3,FALSE,79.89857189040993,0
00-0031395,Garrett Gilbert,QB,2019,5,-0.3,-0.06,28.1697467488022,214,5,0,0,0,0,0,0,0,1,0.18,1.6,1.6,1,TRUE,1,6.20990521322913,65.25,0.674846625766871,1,FALSE,89.57744281082132,0
00-0031395,Garrett Gilbert,QB,2020,1,15.52,15.52,29.1718001368925,214,6,0,0,0,0,3,0,0,5,0.028,-0.3,-0.06,5,TRUE,0,-2.36529952786075,66.125,0.493055555555556,1,FALSE,82.32277997365468,0
00-0031395,Garrett Gilbert,QB,2021,1,7.76,7.76,30.1711156741958,214,7,0,0,0,0,3,0,0,1,1,15.52,15.52,1,TRUE,0,1.26828816587635,65,0.551948051948052,1,FALSE,76.91939486134842,0
00-0031407,Blake Bortles,QB,2019,2,-0.78,-0.39,27.3429158110883,3,5,0,0,0,0,58,0,0,13,0.906153846153846,184.22,14.1707692307692,13,TRUE,1,-3.66217017397005,59.75,0.556603773584906,1,FALSE,100.1093045339178,0
00-0031408,Mike Evans,WR,2019,13,232.7,17.9,26.0287474332649,NA,5,138,86,1524,2147,0,0.2380857934956,0.34361664000698,16,0.84375,284.4,17.775,16,FALSE,1,-0.6847276610291635,62.57480327657379,0.5714298756030322,0,TRUE,91.5505700173843,0
00-0031408,Mike Evans,WR,2020,16,248.6,15.5375,27.0308008213552,7,6,118,67,1157,1777,0,0.291287052037652,0.39341210420767603,13,0.849230769230769,232.7,17.9,13,FALSE,0,1.6930076676102641,64.19371647976597,0.5939548506101404,2,FALSE,75.0135249983918,0
00-0031408,Mike Evans,WR,2021,16,262.5,16.40625,28.0301163586585,7,7,131,81,1210,1743,0,0.209720769698986,0.287897022306345,19,0.807894736842105,248.6,15.5375,16,FALSE,0,0.8673730317946872,64.20348050458715,0.5632598072358128,4,FALSE,54.07189796423326,0
00-0031408,Mike Evans,WR,2022,15,225.4,15.0266666666667,29.0294318959617,7,8,140,91,1271,1747,1,0.212441203699524,0.316840121221882,18,0.827777777777778,262.5,16.40625,16,FALSE,0,2.1048884742145724,64.66575143138203,0.5689299557692652,6,FALSE,37.932505764701475,0
00-0031408,Mike Evans,WR,2023,17,282.5,16.6176470588235,30.0287474332649,7,9,138,83,1198,1822,0,0.213317250793225,0.397126680867936,16,0.84875,225.4,15.0266666666667,15,FALSE,1,-1.1508133315416142,62.217587857511425,0.5305483396322973,0,TRUE,22.163851430919827,0
00-0031408,Mike Evans,WR,2024,14,240.4,17.1714285714286,31.0308008213552,7,10,155,90,1450,2218,0,0.27616906863049,0.433370571272051,19,0.791052631578947,282.5,16.6176470588235,17,FALSE,1,-1.5340879553944275,60.88578223955308,0.5544179392950374,2,FALSE,5.8228665329595835,0
00-0031408,Mike Evans,WR,2025,8,84.8,10.6,32.0301163586585,7,11,117,81,1096,1337,0,0.299097601439665,0.445297112130342,15,0.722,240.4,17.1714285714286,14,FALSE,1,-2.3156060854344385,60.48222947073567,0.5428931050762806,0,TRUE,0,0
00-0031428,Allen Robinson,WR,2019,16,254.9,15.93125,26.0205338809035,61,5,107,65,897,1313,1,0.257598632440333,0.362380570528704,14,0.866428571428571,153.3,11.7923076923077,13,FALSE,0,0.371345973023808,62.176470588235304,0.585714285714286,1,FALSE,91.5505700173843,0
00-0031428,Allen Robinson,WR,2020,16,262.9,16.43125,27.0225872689938,61,6,154,98,1147,1702,1,0.286550814819274,0.400169716113586,16,0.93875,254.9,15.93125,16,FALSE,1,0.935528214695384,58.0625,0.621848739495798,1,FALSE,75.0135249983918,0
00-0031428,Allen Robinson,WR,2021,12,87,7.25,28.0219028062971,61,7,158,108,1305,1503,1,0.27979221988319,0.334189314473514,17,0.852941176470588,262.9,16.43125,16,FALSE,0,-0.43053437265560734,61.001407270225165,0.6069410342534227,2,FALSE,54.07189796423326,0
00-0031428,Allen Robinson,WR,2022,10,84.9,8.49,29.0212183436003,61,8,66,38,410,755,0,0.214756061389091,0.272409310924566,12,0.805833333333333,87,7.25,12,TRUE,1,-2.8481260497613583,62.11011351909185,0.5416291982158619,0,TRUE,37.932505764701475,0.214756061389091
00-0031428,Allen Robinson,WR,2023,15,62,4.13333333333333,30.0205338809035,61,9,52,33,339,502,0,0.167501201310607,0.251555843461916,10,0.904,84.9,8.49,10,TRUE,0,-4.60431391612077,64.5882352941177,0.5,1,FALSE,22.163851430919827,0.167501201310607
00-0031428,Allen Robinson,WR,2024,6,6,1,31.0225872689938,61,10,52,36,292,374,0,0.150525816415407,0.124716422277865,18,0.705,62,4.13333333333333,15,TRUE,0,-3.7816319045922993,64.31060134015775,0.4870263163546411,2,FALSE,5.8228665329595835,0.150525816415407
00-0031484,Chris Manhertz,TE,2019,3,2.1,0.7,27.3921971252567,NA,4,5,2,52,33,0,0.0561043802423113,0.060172437769434,16,0.32,13.2,1.88571428571429,7,FALSE,0,0.584780374251374,62.0625,0.509933774834437,1,FALSE,82.4617658561213,0
00-0031484,Chris Manhertz,TE,2020,7,11.2,1.6,28.394250513347,NA,5,1,1,11,2,0,0.025,0.00537634408602151,15,0.325333333333333,2.1,0.7,3,FALSE,1,-0.5896550513259056,63.38685406454249,0.5430471721587525,0,TRUE,79.89857189040993,0
00-0031484,Chris Manhertz,TE,2021,10,19.1,1.91,29.3935660506502,NA,6,8,6,52,32,0,0.0410775822080969,0.02105213420398,16,0.483125,11.2,1.6,7,TRUE,1,-3.074511719805549,62.108863865123304,0.5780123029612375,2,FALSE,63.568368273025115,0.0410775822080969
00-0031484,Chris Manhertz,TE,2022,7,10.2,1.45714285714286,30.3928815879535,NA,7,9,6,71,68,0,0.0357327671826317,0.0270271088059983,17,0.358823529411765,19.1,1.91,10,FALSE,1,-1.41590982238568,66.1875,0.610294117647059,1,FALSE,36.46942571926204,0
00-0031484,Chris Manhertz,TE,2023,7,3.6,0.514285714285714,31.3921971252567,NA,8,8,6,42,21,0,0.0452681532610318,0.0159938597501778,19,0.356842105263158,10.2,1.45714285714286,7,TRUE,1,4.361920524449067,66.15048913733956,0.6067168199037676,2,FALSE,20.501499721059933,0.0452681532610318
00-0031484,Chris Manhertz,TE,2024,8,12,1.5,32.394250513347,NA,9,4,2,16,12,0,0.0365441550786378,0.00615098471162364,16,0.36375,3.6,0.514285714285714,7,TRUE,0,-2.854991123740784,62.00404474183561,0.4541853689806619,2,FALSE,10.93928087016864,0.0365441550786378
00-0031484,Chris Manhertz,TE,2025,4,1.7,0.425,33.3935660506502,NA,10,4,3,30,15,0,0.0366643491643492,0.0200782029961021,17,0.308235294117647,12,1.5,8,FALSE,0,-3.3189211254310966,61.81529615894941,0.4907636579868245,3,FALSE,7.103277265737504,0
00-0031503,Jameis Winston,QB,2019,16,335.36,20.96,25.6509240246407,1,4,0,0,0,0,49,0,0,11,0.881818181818182,209.78,19.0709090909091,11,FALSE,1,-0.6847276610291635,62.57480327657379,0.5714298756030322,0,TRUE,94.39609488384028,0
00-0031503,Jameis Winston,QB,2020,3,2.4,0.8,26.652977412731,1,5,0,0,0,0,59,0,0,16,0.99,335.36,20.96,16,TRUE,0,1.8447942208887929,61.60275019098548,0.5593931930138827,2,FALSE,100.1093045339178,0
00-0031503,Jameis Winston,QB,2021,7,120.4,17.2,27.6522929500342,1,6,0,0,0,0,8,0,0,5,0.18,2.4,0.8,3,FALSE,0,-0.17176604021972183,62.57684815504885,0.5315089522252244,3,FALSE,89.57744281082132,0
00-0031503,Jameis Winston,QB,2022,3,48.92,16.3066666666667,28.6516084873374,1,7,0,0,0,0,32,0,0,7,0.858571428571429,120.4,17.2,7,FALSE,0,-1.0017622280411616,62.17367515588611,0.5342540590250734,4,FALSE,82.32277997365468,0
00-0031503,Jameis Winston,QB,2023,6,14.96,2.49333333333333,29.6509240246407,1,8,0,0,0,0,5,0,0,3,0.99,48.92,16.3066666666667,3,FALSE,0,-2.7801235815858245,61.55797462571899,0.5385562169808286,5,FALSE,76.91939486134842,0
00-0031503,Jameis Winston,QB,2024,11,143.14,13.0127272727273,30.652977412731,1,9,0,0,0,0,5,0,0,7,0.167142857142857,14.96,2.49333333333333,6,TRUE,1,-1.07547140563658,62.6875,0.580645161290323,1,FALSE,67.23057283030921,0
00-0031503,Jameis Winston,QB,2025,3,45.28,15.0933333333333,31.6522929500342,1,10,0,0,0,0,25,0,0,12,0.585,143.14,13.0127272727273,11,TRUE,0,-3.3189211254310966,61.81529615894941,0.4907636579868245,3,FALSE,56.715950770053986,0
00-0031544,Amari Cooper,WR,2019,16,246.5,15.40625,25.2073921971253,4,4,94,66,896,884,1,0.255746452436243,0.32918412780003,11,0.820909090909091,215.5,14.3666666666667,15,FALSE,1,-0.6847276610291635,62.57480327657379,0.5714298756030322,0,TRUE,99.63768087860034,0
00-0031544,Amari Cooper,WR,2020,16,236.8,14.8,26.2094455852156,4,5,119,79,1189,1523,1,0.238990861126557,0.290753558811037,16,0.763125,246.5,15.40625,16,FALSE,0,-2.36529952786075,66.125,0.493055555555556,1,FALSE,91.5505700173843,0
00-0031544,Amari Cooper,WR,2021,15,202.5,13.5,27.2087611225188,4,6,130,92,1114,1145,6,0.231535157756205,0.268423878359979,16,0.81875,236.8,14.8,16,FALSE,0,-2.0653857588530733,67.62566458622284,0.5389140927812085,2,FALSE,75.0135249983918,0
00-0031544,Amari Cooper,WR,2022,17,247,14.5294117647059,28.208076659822,4,7,114,74,929,1241,0,0.220419926117747,0.281314593806353,16,0.76875,202.5,13.5,15,TRUE,0,-3.175694760403078,61.836291725562674,0.46540353266213097,2,FALSE,54.07189796423326,0.220419926117747
00-0031544,Amari Cooper,WR,2023,15,227,15.133333333333301,29.2073921971253,4,8,132,78,1160,1642,0,0.301324718982847,0.437734553736967,17,0.832352941176471,247,14.5294117647059,17,FALSE,0,-4.569155185908812,62.7422569763876,0.4895010347471576,3,FALSE,37.932505764701475,0
00-0031544,Amari Cooper,WR,2024,13,122.7,9.43846153846154,30.2094455852156,4,9,133,76,1309,1900,0,0.251570284084278,0.409694756814191,16,0.7925,227,15.133333333333301,15,TRUE,1,-0.8649786736527051,62.918497519489705,0.4885280251440543,2,FALSE,22.163851430919827,0.251570284084278
00-0031545,Kevin White,WR,2021,4,4.8,1.2,29.1854893908282,7,6,0,0,0,0,0,0,0,2,0.075,0,0,1,TRUE,0,-0.17176604021972183,62.57684815504885,0.5315089522252244,3,FALSE,37.932505764701475,0
00-0031545,Kevin White,WR,2022,6,9.4,1.56666666666667,30.1848049281314,7,7,5,1,38,158,0,0.0535714285714286,0.196278698717723,6,0.125,4.8,1.2,4,FALSE,0,-1.0017622280411616,62.17367515588611,0.5342540590250734,4,FALSE,22.163851430919827,0
00-0031547,DeVante Parker,WR,2019,16,246.2,15.3875,26.611909650924,14,4,47,24,309,608,0,0.221878646100858,0.312509310865488,11,0.670909090909091,60.9,5.53636363636364,11,FALSE,1,-0.6847276610291635,62.57480327657379,0.5714298756030322,0,TRUE,75.0135249983918,0
00-0031547,DeVante Parker,WR,2020,14,166.3,11.8785714285714,27.6139630390144,14,5,128,72,1202,1798,0,0.235284486401059,0.36643219633117,16,0.843125,246.2,15.3875,16,FALSE,1,-0.5896550513259056,63.38685406454249,0.5430471721587525,0,TRUE,54.07189796423326,0
00-0031547,DeVante Parker,WR,2021,9,103.5,11.5,28.6132785763176,14,6,103,63,793,1010,0,0.24593202874279,0.306712333192101,14,0.780714285714286,166.3,11.8785714285714,14,FALSE,1,-1.3326053848525747,62.44109108555703,0.5569567092023618,0,TRUE,37.932505764701475,0
00-0031547,DeVante Parker,WR,2022,12,102.9,8.575,29.6125941136208,14,7,73,40,515,856,0,0.262022168329364,0.376384898271689,10,0.812,103.5,11.5,9,TRUE,1,-2.8481260497613583,62.11011351909185,0.5416291982158619,0,TRUE,22.163851430919827,0.262022168329364
00-0031547,DeVante Parker,WR,2023,13,72.4,5.56923076923077,30.611909650924,14,8,47,31,539,745,0,0.17265701012345,0.338705934998959,13,0.690769230769231,102.9,8.575,12,FALSE,1,-1.1508133315416142,62.217587857511425,0.5305483396322973,0,TRUE,5.8228665329595835,0
00-0031549,Nelson Agholor,WR,2019,11,94,8.54545454545454,26.2724161533196,20,4,106,68,774,1098,4,0.187127521451943,0.229201123087837,18,0.897777777777778,165.4,10.3375,16,FALSE,0,2.01562726562108,62.83333333333329,0.53072625698324,1,FALSE,91.5505700173843,0
00-0031549,Nelson Agholor,WR,2020,16,185.6,11.6,27.27446954141,20,5,69,39,363,764,2,0.208236993346056,0.218209862328323,11,0.886363636363636,94,8.54545454545454,11,TRUE,0,-0.6006980829077988,61.12525562372189,0.537748270162759,2,FALSE,75.0135249983918,0.208236993346056
00-0031549,Nelson Agholor,WR,2021,14,103.4,7.38571428571429,28.2737850787132,20,6,82,48,896,1269,0,0.199815658329161,0.341511382109226,16,0.681875,185.6,11.6,16,TRUE,0,-4.238815247798903,65.31543463133406,0.4723516745873113,3,FALSE,54.07189796423326,0.199815658329161
00-0031549,Nelson Agholor,WR,2022,14,75.2,5.37142857142857,29.2731006160164,20,7,66,38,491,948,3,0.15040588639009,0.255905088803106,16,0.7325,103.4,7.38571428571429,14,FALSE,1,-2.8481260497613583,62.11011351909185,0.5416291982158619,0,TRUE,37.932505764701475,0
00-0031549,Nelson Agholor,WR,2023,16,97.1,6.06875,30.2724161533196,20,8,53,31,362,653,0,0.184939526344909,0.289406264008412,16,0.489375,75.2,5.37142857142857,14,TRUE,1,3.4864180115215095,62.878328770532605,0.6282900360853253,2,FALSE,22.163851430919827,0.184939526344909
00-0031549,Nelson Agholor,WR,2024,13,49.1,3.77692307692308,31.27446954141,20,9,52,38,432,498,0,0.126536316471692,0.143170072446269,19,0.520526315789474,97.1,6.06875,16,FALSE,0,2.996667788796563,62.6891488564084,0.5677081034738317,3,FALSE,5.8228665329595835,0
00-0031558,Maxx Williams,TE,2019,13,41.2,3.16923076923077,25.388090349076,55,4,18,17,151,43,3,0.0778858366370779,0.0231533180782703,14,0.372142857142857,37.1,3.71,10,TRUE,1,-0.6847276610291635,62.57480327657379,0.5714298756030322,0,TRUE,99.6312956406138,0.0778858366370779
00-0031558,Maxx Williams,TE,2020,6,24.2,4.03333333333333,26.3901437371663,55,5,19,15,202,137,0,0.0549843260767094,0.0645271797627296,16,0.470625,41.2,3.16923076923077,13,FALSE,0,1.6930076676102641,64.19371647976597,0.5939548506101404,2,FALSE,96.309286703009,0
00-0031558,Maxx Williams,TE,2021,5,41.3,8.26,27.3894592744695,55,6,10,8,102,38,0,0.0518807834984306,0.0281084694067262,9,0.512222222222222,24.2,4.03333333333333,6,FALSE,0,0.8673730317946872,64.20348050458715,0.5632598072358128,4,FALSE,82.4617658561213,0
00-0031558,Maxx Williams,TE,2022,3,4.8,1.6,28.3887748117728,55,7,17,16,193,90,0,0.154995035539571,0.0887892661213174,5,0.658,41.3,8.26,5,FALSE,0,2.1048884742145724,64.66575143138203,0.5689299557692652,6,FALSE,79.89857189040993,0
00-0031570,Justin Hardy,WR,2019,12,38.5,3.20833333333333,27.7043121149897,107,4,22,14,133,132,0,0.0982381233948464,0.07748771324551,16,0.210625,39.3,2.45625,16,FALSE,1,-0.6847276610291635,62.57480327657379,0.5714298756030322,0,TRUE,54.07189796423326,0
00-0031577,Javorius Allen,RB,2019,4,11.5,2.875,28.0136892539357,125,4,43,35,196,59,41,0.122597788472711,0.0202708131845662,13,0.316923076923077,93.6,7.2,13,TRUE,0,-0.11700487545225,61.125,0.565217391304348,1,FALSE,50.58687746508861,0.122597788472711
00-0031585,MyCole Pruitt,TE,2019,9,21,2.33333333333333,27.4387405886379,143,4,11,9,102,106,0,0.0799241907971634,0.114185997201378,14,0.229285714285714,25.2,3.6,7,FALSE,1,-0.6847276610291635,62.57480327657379,0.5714298756030322,0,TRUE,82.4617658561213,0
00-0031585,MyCole Pruitt,TE,2020,5,21.9,4.38,28.4407939767283,143,5,12,10,118,37,0,0.0735741489356685,0.017707268210647,19,0.451052631578947,21,2.33333333333333,9,FALSE,0,-6.43469719202592,57.4210526315789,0.513698630136986,1,FALSE,79.89857189040993,0
00-0031585,MyCole Pruitt,TE,2021,10,48.5,4.85,29.4401095140315,143,6,8,5,49,67,0,0.0537223911146325,0.0542283644404809,12,0.345833333333333,21.9,4.38,5,FALSE,1,-1.3326053848525747,62.44109108555703,0.5569567092023618,0,TRUE,63.568368273025115,0
00-0031585,MyCole Pruitt,TE,2022,10,55,5.5,30.439425051334698,143,7,18,14,145,118,0,0.0752419189423158,0.0868810303927576,16,0.426875,48.5,4.85,10,TRUE,0,-0.356785931309,58.5294117647059,0.605095541401274,1,FALSE,36.46942571926204,0.0752419189423158
00-0031585,MyCole Pruitt,TE,2023,10,26,2.6,31.4387405886379,143,8,21,16,150,118,0,0.120613374603246,0.0852568866949692,13,0.399230769230769,55,5.5,10,FALSE,0,-6.726744015948854,58.588294353886134,0.4820650886087547,2,FALSE,20.501499721059933,0
00-0031585,MyCole Pruitt,TE,2024,7,16,2.28571428571429,32.4407939767283,143,9,12,9,110,62,0,0.0417759993059916,0.0223326575979413,17,0.353529411764706,26,2.6,10,TRUE,1,-7.120032313232597,60.03284145075934,0.496930334488184,2,FALSE,10.93928087016864,0.0417759993059916
00-0031588,Stefon Diggs,WR,2019,15,212.1,14.14,25.7549623545517,146,4,149,102,1021,1286,10,0.288263869361741,0.310980701550076,15,0.872,266.3,17.7533333333333,15,FALSE,1,-0.6847276610291635,62.57480327657379,0.5714298756030322,0,TRUE,91.5505700173843,0
00-0031588,Stefon Diggs,WR,2020,16,328.6,20.5375,26.757015742642,146,5,102,67,1206,1527,7,0.236847991605184,0.44419469072845,17,0.801764705882353,212.1,14.14,15,TRUE,0,-2.5026045642574752,62.974983015342815,0.5184767480822224,2,FALSE,75.0135249983918,0.236847991605184
00-0031588,Stefon Diggs,WR,2021,17,285.5,16.7941176470588,27.7563312799452,146,6,197,147,1846,2145,1,0.303004058786168,0.360219245851758,19,0.887894736842105,328.6,20.5375,16,FALSE,0,1.6002689201484088,62.7547023148179,0.5516260061675191,3,FALSE,54.07189796423326,0
00-0031588,Stefon Diggs,WR,2022,16,316.6,19.7875,28.7556468172485,146,7,174,109,1292,1931,0,0.276896998342062,0.355021630089476,19,0.806315789473684,285.5,16.7941176470588,17,FALSE,1,-2.8481260497613583,62.11011351909185,0.5416291982158619,0,TRUE,37.932505764701475,0
00-0031588,Stefon Diggs,WR,2023,17,273.8,16.1058823529412,29.7549623545517,146,8,173,119,1578,2028,1,0.298291288716898,0.347639508010611,18,0.777777777777778,316.6,19.7875,16,FALSE,0,5.29349471715236,63.77777777777781,0.586734693877551,1,FALSE,22.163851430919827,0
00-0031588,Stefon Diggs,WR,2024,8,121.92,15.24,30.757015742642,146,9,177,117,1256,1802,2,0.311731966074351,0.343132795406206,19,0.818947368421053,273.8,16.1058823529412,17,TRUE,0,-3.705483912483935,60.5426101785595,0.4803488471835923,2,FALSE,5.8228665329595835,0.311731966074351
00-0031588,Stefon Diggs,WR,2025,17,210.3,12.3705882352941,31.7563312799452,146,10,64,47,496,556,3,0.248188095257822,0.290519054547832,8,0.78375,121.92,15.24,8,TRUE,1,-5.244402479179989,64.19506391873436,0.4758346739648673,4,FALSE,0,0.248188095257822
00-0031590,Jay Ajayi,RB,2019,3,3,1,26.2121834360027,NA,4,6,5,20,0,45,0.0620877659574468,0.00630890952872377,4,0.42,43.4,10.85,4,FALSE,0,2.01562726562108,62.83333333333329,0.53072625698324,1,FALSE,93.3197777467908,0
00-0031598,Nick Boyle,TE,2019,15,75.1,5.00666666666667,26.5352498288843,171,4,37,23,213,120,0,0.111859749350154,0.0405367661858396,17,0.532352941176471,44.3,3.69166666666667,12,FALSE,1,-0.6847276610291635,62.57480327657379,0.5714298756030322,0,TRUE,82.4617658561213,0
00-0031598,Nick Boyle,TE,2020,9,37.3,4.14444444444444,27.5373032169747,171,5,45,31,321,299,0,0.123890980050087,0.0874765413017833,17,0.679411764705882,75.1,5.00666666666667,15,FALSE,0,-9.28535716243663,66.3529411764706,0.451086956521739,1,FALSE,79.89857189040993,0
00-0031598,Nick Boyle,TE,2021,2,1.2,0.6,28.5366187542779,171,6,17,14,113,93,0,0.101095890998103,0.104461903345765,9,0.646666666666667,37.3,4.14444444444444,9,FALSE,0,-11.100175002691868,64.05516147206238,0.4510869565217391,2,FALSE,63.568368273025115,0
00-0031598,Nick Boyle,TE,2022,3,0,0,29.5359342915811,171,7,2,1,2,3,0,0.0311302681992337,0.00630366900858704,5,0.266,1.2,0.6,2,FALSE,0,-7.907648010302149,65.67061259167201,0.49385102749788146,3,FALSE,36.46942571926204,0
00-0031610,Darren Waller,TE,2019,16,221,13.8125,26.9650924024641,204,4,6,6,75,19,1,0.0775665306915307,0.0387452561669829,NA,NA,15.6,3.9,4,FALSE,0,1.12660532424442,61,0.5,1,FALSE,82.4617658561213,0
00-0031610,Darren Waller,TE,2020,16,278.6,17.4125,27.9671457905544,204,5,117,90,1145,848,2,0.2673598235799,0.273108346408432,NA,NA,221,13.8125,16,FALSE,0,-0.6006980829077988,61.12525562372189,0.537748270162759,2,FALSE,79.89857189040993,0
00-0031610,Darren Waller,TE,2021,11,133.5,12.1363636363636,28.9664613278576,204,6,145,107,1196,1128,0,0.306594698838081,0.262553262383463,16,0.9175,278.6,17.4125,16,FALSE,0,-0.5850600027418753,62.090991104397446,0.5329616513244375,3,FALSE,63.568368273025115,0
00-0031610,Darren Waller,TE,2022,8,84.8,10.6,29.9657768651608,204,7,105,62,741,1032,0,0.252707432380876,0.277125673032457,12,0.836666666666667,133.5,12.1363636363636,11,FALSE,1,-2.8481260497613583,62.11011351909185,0.5416291982158619,0,TRUE,36.46942571926204,0
00-0031610,Darren Waller,TE,2023,12,113.2,9.43333333333333,30.9650924024641,204,8,43,28,388,577,0,0.164356822400848,0.242892454423796,9,0.575555555555556,84.8,10.6,8,TRUE,0,-3.35433829889119,62.4736842105263,0.436619718309859,1,FALSE,20.501499721059933,0.164356822400848
00-0031665,Zach Zenner,RB,2019,3,3.7,1.23333333333333,27.9671457905544,NA,4,10,7,56,0,55,0.0933953433953434,0.00265164300813381,8,0.2225,57.1,8.15714285714286,7,TRUE,1,-0.6847276610291635,62.57480327657379,0.5714298756030322,0,TRUE,50.58687746508861,0.0933953433953434
00-0031687,Raheem Mostert,RB,2019,16,165.2,10.325,27.3949349760438,NA,4,7,6,25,-4,34,0.0973544973544973,-0.0228428455695345,8,0.17875,38.6,4.825,8,FALSE,0,-1.01406999208309,61.6875,0.559748427672956,1,FALSE,70.13043117440901,0
00-0031687,Raheem Mostert,RB,2020,8,99.7,12.4625,28.3969883641342,NA,5,25,17,188,36,190,0.102508958563288,-0.00243201529421618,18,0.412777777777778,165.2,10.325,16,FALSE,0,-3.102495686243507,61.28793246227456,0.5274926331530104,2,FALSE,50.58687746508861,0
00-0031687,Raheem Mostert,RB,2021,1,2,2,29.3963039014374,NA,6,19,16,156,20,104,0.0957087080732592,0.0177406938874943,8,0.425,99.7,12.4625,8,FALSE,1,-1.3326053848525747,62.44109108555703,0.5569567092023618,0,TRUE,25.648912801362936,0
00-0031687,Raheem Mostert,RB,2022,16,168.3,10.51875,30.3956194387406,NA,7,0,0,0,0,2,0,0,1,0.07,2,2,1,TRUE,1,-2.8481260497613583,62.11011351909185,0.5416291982158619,0,TRUE,7.711988601272322,0
00-0031687,Raheem Mostert,RB,2023,15,267.7,17.8466666666667,31.3949349760438,NA,8,42,31,202,48,181,0.111833859520857,0.0145783646886802,16,0.5675,168.3,10.51875,16,FALSE,0,0.050788902645481,59,0.598484848484849,1,FALSE,0,0
00-0031687,Raheem Mostert,RB,2024,13,70.9,5.45384615384615,32.3969883641342,NA,9,34,26,172,-32,217,0.113797401676003,-0.0131273964562424,16,0.558125,267.7,17.8466666666667,15,FALSE,0,1.6387244690867036,59.873498324310376,0.5398887365534697,2,FALSE,0,0
00-0031687,Raheem Mostert,RB,2025,12,29.4,2.45,33.3963039014374,NA,10,23,19,161,14,85,0.0739561941282361,0.0103752064245268,13,0.313846153846154,70.9,5.45384615384615,13,TRUE,1,-2.3156060854344385,60.48222947073567,0.5428931050762806,0,TRUE,0,0.0739561941282361
00-0031690,Eric Tomlinson,TE,2019,2,1.1,0.55,27.3593429158111,NA,4,14,8,72,45,0,0.0678114950029492,0.0189284684586084,15,0.369333333333333,15.2,1.26666666666667,12,TRUE,0,-0.11700487545225,61.125,0.565217391304348,1,FALSE,82.4617658561213,0.0678114950029492
00-0031690,Eric Tomlinson,TE,2020,2,0,0,28.3613963039014,NA,5,0,0,0,0,0,0,0,3,0.0366666666666667,1.1,0.55,2,TRUE,0,-9.28535716243663,66.3529411764706,0.451086956521739,1,FALSE,79.89857189040993,0
00-0031690,Eric Tomlinson,TE,2021,7,1.7,0.242857142857143,29.3607118412047,NA,6,1,0,0,34,0,0.0384615384615385,0.133858267716535,8,0.30625,0,0,2,FALSE,0,-11.100175002691868,64.05516147206238,0.4510869565217391,2,FALSE,63.568368273025115,0
00-0031690,Eric Tomlinson,TE,2022,9,28.9,3.21111111111111,30.3600273785079,NA,7,1,1,7,3,0,0.024390243902439,0.00928792569659443,17,0.255882352941176,1.7,0.242857142857143,7,TRUE,1,-2.8481260497613583,62.11011351909185,0.5416291982158619,0,TRUE,36.46942571926204,0.024390243902439
00-0031744,Matt LaCosse,TE,2019,8,32.1,4.0125,26.943189596167,NA,4,37,24,250,202,0,0.11681798081946,0.0746966039217979,15,0.41,55,4.23076923076923,13,TRUE,0,1.26776800670369,67.6842105263158,0.49321266968325805,1,FALSE,82.4617658561213,0.11681798081946
00-0031763,DeAndre Carter,WR,2019,16,25.2,1.575,26.3928815879535,NA,4,23,20,195,79,1,0.156374474831636,0.0516951101971022,7,0.431428571428571,42.3,3.25384615384615,13,FALSE,1,-0.6847276610291635,62.57480327657379,0.5714298756030322,0,TRUE,91.5505700173843,0
00-0031763,DeAndre Carter,WR,2020,13,-0.2,-0.0153846153846154,27.3949349760438,NA,5,17,13,184,175,0,0.126075832329302,0.144834331291105,12,0.33,25.2,1.575,16,TRUE,1,0.935528214695384,58.0625,0.621848739495798,1,FALSE,75.0135249983918,0.126075832329302
00-0031763,DeAndre Carter,WR,2021,17,80.5,4.73529411764706,28.394250513347,NA,6,4,3,17,24,1,0.148148148148148,0.0863309352517986,4,0.12,-0.2,-0.0153846153846154,13,TRUE,0,1.26828816587635,65,0.551948051948052,1,FALSE,54.07189796423326,0.148148148148148
00-0031763,DeAndre Carter,WR,2022,17,112.3,6.60588235294118,29.3935660506502,NA,7,44,24,296,485,10,0.148735541388306,0.221241568330576,17,0.425882352941176,80.5,4.73529411764706,17,TRUE,0,2.94323904591114,65.4117647058823,0.595348837209302,1,FALSE,37.932505764701475,0.148735541388306
00-0031763,DeAndre Carter,WR,2023,17,9.7,0.570588235294118,30.3928815879535,NA,8,68,48,555,591,2,0.11645443381066,0.180912819803094,18,0.574444444444444,112.3,6.60588235294118,17,TRUE,0,-4.47041026144887,61.4117647058824,0.621212121212121,1,FALSE,22.163851430919827,0.11645443381066
00-0031763,DeAndre Carter,WR,2024,13,14.2,1.09230769230769,31.3949349760438,NA,9,7,4,39,4,3,0.0357302284141284,0.00381702687289755,16,0.10625,9.7,0.570588235294118,17,TRUE,1,0.09937692503816128,58.15604034108125,0.5602657737692467,3,FALSE,5.8228665329595835,0.0357302284141284
00-0031763,DeAndre Carter,WR,2025,4,0,0,32.394250513347,NA,10,14,9,72,155,0,0.103185703989819,0.122081871581747,9,0.202222222222222,14.2,1.09230769230769,13,TRUE,1,-2.3156060854344385,60.48222947073567,0.5428931050762806,0,TRUE,0,0.103185703989819
00-0031787,Jake Kumerow,WR,2019,11,39.9,3.62727272727273,27.5373032169747,NA,4,11,8,103,111,0,0.0725080998665904,0.0772121888551428,5,0.388,24.3,4.86,5,FALSE,1,-3.73727848646601,62.4375,0.592592592592593,1,FALSE,54.07189796423326,0
00-0031787,Jake Kumerow,WR,2020,1,9.2,9.2,28.539356605065,NA,5,23,13,242,339,0,0.0674769673346411,0.116140146475299,16,0.34875,39.9,3.62727272727273,11,TRUE,0,-2.5026045642574752,62.974983015342815,0.5184767480822224,2,FALSE,37.932505764701475,0.0674769673346411
00-0031787,Jake Kumerow,WR,2021,7,4.8,0.685714285714286,29.5386721423682,NA,6,1,1,22,22,0,0.0263157894736842,0.0544554455445545,5,0.046,9.2,9.2,1,FALSE,0,1.6002689201484088,62.7547023148179,0.5516260061675191,3,FALSE,22.163851430919827,0
00-0031787,Jake Kumerow,WR,2022,5,10.4,2.08,30.5379876796715,NA,7,6,2,28,86,0,0.0480382547744216,0.0766535862451313,17,0.101176470588235,4.8,0.685714285714286,7,FALSE,1,-2.8481260497613583,62.11011351909185,0.5416291982158619,0,TRUE,5.8228665329595835,0
00-0031800,Taylor Heinicke,QB,2021,16,237.86,14.86625,28.4654346338125,NA,6,0,0,0,0,9,0,0,2,0.675,11.68,11.68,1,FALSE,0,1.26828816587635,65,0.551948051948052,1,FALSE,89.57744281082132,0
00-0031800,Taylor Heinicke,QB,2022,9,121.96,13.5511111111111,29.4647501711157,NA,7,1,1,-2,-4,60,0.0416666666666667,-0.0242424242424242,16,0.94625,237.86,14.86625,16,FALSE,0,-0.4798819167791796,63.64768431644504,0.5435222878010671,2,FALSE,82.32277997365468,0
00-0031800,Taylor Heinicke,QB,2023,5,70,14,30.4640657084189,NA,8,0,0,0,0,28,0,0,9,0.971111111111111,121.96,13.5511111111111,9,TRUE,0,-6.726744015948854,58.588294353886134,0.4820650886087547,2,FALSE,76.91939486134842,0
00-0031800,Taylor Heinicke,QB,2024,4,3.12,0.78,31.4661190965092,NA,9,0,0,0,0,15,0,0,5,0.822,70,14,5,TRUE,1,-7.082631239843433,64.48163851650537,0.4985939516130559,4,FALSE,67.23057283030921,0
00-0031806,Malcolm Brown,RB,2019,14,59.1,4.22142857142857,26.2970568104038,NA,4,7,5,52,18,43,0.0396113870768249,0.0117925258107254,11,0.161818181818182,39.4,3.58181818181818,11,FALSE,1,-3.66217017397005,59.75,0.556603773584906,1,FALSE,93.3197777467908,0
00-0031806,Malcolm Brown,RB,2020,16,109.1,6.81875,27.2991101984942,NA,5,6,2,16,0,69,0.0249157499686081,9.705868006198e-4,14,0.233571428571429,59.1,4.22142857142857,14,FALSE,0,-1.701287477845543,60.1919347826087,0.5570514157122465,3,FALSE,70.13043117440901,0
00-0031806,Malcolm Brown,RB,2021,6,22.5,3.75,28.2984257357974,NA,6,35,25,175,0,110,0.0910715744924316,-0.00554050582529599,18,0.39,109.1,6.81875,16,TRUE,1,-1.3326053848525747,62.44109108555703,0.5569567092023618,0,TRUE,50.58687746508861,0.0910715744924316
00-0031806,Malcolm Brown,RB,2022,7,22.8,3.25714285714286,29.2977412731006,NA,7,5,3,10,-2,33,0.0329432624113475,-0.00338399103802498,7,0.288571428571429,22.5,3.75,6,TRUE,1,-2.8481260497613583,62.11011351909185,0.5416291982158619,0,TRUE,25.648912801362936,0.0329432624113475
00-0031868,Damiere Byrd,WR,2019,11,71.9,6.53636363636364,26.5927446954141,NA,4,2,1,8,25,0,0.032032032032032,0.0576374781709968,7,0.0985714285714286,1.8,0.257142857142857,7,TRUE,1,-0.6847276610291635,62.57480327657379,0.5714298756030322,0,TRUE,75.0135249983918,0.032032032032032
00-0031868,Damiere Byrd,WR,2020,15,114.9,7.66,27.5947980835045,NA,5,46,32,359,458,0,0.158376476742498,0.178317924337095,11,0.627272727272727,71.9,6.53636363636364,11,TRUE,0,-0.3245495508298596,67.3079364552042,0.5267896779140432,2,FALSE,54.07189796423326,0.158376476742498
00-0031868,Damiere Byrd,WR,2021,11,64.9,5.9,28.5941136208077,NA,6,77,47,604,882,2,0.241819064144043,0.362478006622976,16,0.890625,114.9,7.66,15,TRUE,0,-0.43053437265560734,61.001407270225165,0.6069410342534227,2,FALSE,37.932505764701475,0.241819064144043
00-0031868,Damiere Byrd,WR,2022,12,51.8,4.31666666666667,29.5934291581109,NA,7,38,26,329,325,0,0.121187093037134,0.145925353195355,17,0.547058823529412,64.9,5.9,11,TRUE,0,-0.356785931309,58.5294117647059,0.605095541401274,1,FALSE,22.163851430919827,0.121187093037134
00-0031868,Damiere Byrd,WR,2023,1,0,0,30.5927446954141,NA,8,23,13,268,468,0,0.11689431353042,0.278095582546617,14,0.361428571428571,51.8,4.31666666666667,12,FALSE,0,-6.726744015948854,58.588294353886134,0.4820650886087547,2,FALSE,5.8228665329595835,0
00-0031900,Rod Smith,RB,2019,3,0,0,27.641341546885702,NA,4,12,9,60,-5,45,0.0533114868435607,-0.00401975552894548,17,0.127058823529412,33.7,2.40714285714286,14,TRUE,0,1.12660532424442,61,0.5,1,FALSE,50.58687746508861,0.0533114868435607
00-0031941,Jamison Crowder,WR,2019,16,197.7,12.35625,26.2067077344285,105,4,49,29,388,461,4,0.216172734527843,0.238698423322505,9,0.771111111111111,82.8,9.2,9,TRUE,1,-2.25445855388325,54.0625,0.6052631578947371,1,FALSE,91.5505700173843,0.216172734527843
00-0031941,Jamison Crowder,WR,2020,12,172.02,14.335,27.2087611225188,105,5,122,78,833,970,1,0.275088637380555,0.25665896732621,16,0.786875,197.7,12.35625,16,FALSE,0,-2.031525260991639,56.537444629014395,0.6426844120961318,2,FALSE,75.0135249983918,0
00-0031941,Jamison Crowder,WR,2021,12,109.7,9.14166666666667,28.208076659822,105,6,89,59,699,673,1,0.287232389185589,0.229312376594311,12,0.789166666666667,172.02,14.335,12,FALSE,1,-4.237220859663053,62.415471591191114,0.5350290456824077,3,FALSE,54.07189796423326,0
00-0031941,Jamison Crowder,WR,2022,4,12,3,29.2073921971253,105,7,71,51,447,448,0,0.195292112265068,0.18015544338142,12,0.68,109.7,9.14166666666667,12,TRUE,1,-2.8481260497613583,62.11011351909185,0.5416291982158619,0,TRUE,37.932505764701475,0.195292112265068
00-0031941,Jamison Crowder,WR,2023,16,35.9,2.24375,30.2067077344285,105,8,13,6,60,121,0,0.0959366236121838,0.111343473215426,4,0.3125,12,3,4,TRUE,1,9.995467900260666,63.23119450037804,0.6354203032875844,5,FALSE,22.163851430919827,0.0959366236121838
00-0031941,Jamison Crowder,WR,2024,5,26.2,5.24,31.2087611225188,105,9,20,16,159,122,0,0.102415568500127,0.0870305246118225,12,0.168333333333333,35.9,2.24375,16,FALSE,1,-2.3927249464459472,61.20751703093519,0.5382602054028329,0,TRUE,5.8228665329595835,0
00-0031951,James O'Shaughnessy,TE,2019,5,41.3,8.26,27.6303901437372,NA,4,38,24,214,228,0,0.109929156872757,0.0865162719531483,14,0.594285714285714,45.4,3.24285714285714,14,FALSE,1,2.05703243783867,61.9375,0.650793650793651,1,FALSE,79.89857189040993,0
00-0031951,James O'Shaughnessy,TE,2020,15,54.2,3.61333333333333,28.6324435318275,173,5,20,14,153,121,0,0.122121212121212,0.0785706768195186,5,0.628,41.3,8.26,5,FALSE,1,-0.5896550513259056,63.38685406454249,0.5430471721587525,0,TRUE,63.568368273025115,0
00-0031951,James O'Shaughnessy,TE,2021,7,50.4,7.2,29.6317590691307,173,6,38,28,262,274,0,0.089453012131783,0.0756596222050965,15,0.475333333333333,54.2,3.61333333333333,15,FALSE,1,-3.074511719805549,62.108863865123304,0.5780123029612375,2,FALSE,36.46942571926204,0
00-0031953,Geremy Davis,WR,2019,6,6.8,1.13333333333333,27.641341546885702,NA,4,1,0,0,0,0,0.032258064516129,0,13,0.0930769230769231,0,0,5,FALSE,1,-0.6847276610291635,62.57480327657379,0.5714298756030322,0,TRUE,54.07189796423326,0
00-0031972,Darius Jennings,WR,2019,8,3.7,0.4625,27.1759069130732,NA,4,15,11,101,153,1,0.10301581268048,0.0964830752011218,16,0.190625,22.14,1.58142857142857,14,FALSE,1,-0.6847276610291635,62.57480327657379,0.5714298756030322,0,TRUE,75.0135249983918,0
00-0032009,Adam Humphries,WR,2019,12,86.5,7.20833333333333,26.1875427789185,NA,4,105,76,816,661,2,0.192173958629304,0.10807310850399,16,0.699375,188.7,11.79375,16,TRUE,1,-0.6847276610291635,62.57480327657379,0.5714298756030322,0,TRUE,91.5505700173843,0.192173958629304
00-0032009,Adam Humphries,WR,2020,7,57.8,8.25714285714286,27.1895961670089,NA,5,52,41,399,385,1,0.177005838204997,0.145397114014831,13,0.476923076923077,86.5,7.20833333333333,12,FALSE,0,-6.43469719202592,57.4210526315789,0.513698630136986,1,FALSE,75.0135249983918,0
00-0032009,Adam Humphries,WR,2021,17,79.3,4.66470588235294,28.1889117043121,NA,6,35,23,228,335,0,0.168765162307755,0.175229868717489,7,0.464285714285714,57.8,8.25714285714286,7,TRUE,0,1.26828816587635,65,0.551948051948052,1,FALSE,54.07189796423326,0.168765162307755
00-0032054,Breshad Perriman,WR,2019,14,138.1,9.86428571428571,25.9739904175222,26,4,25,16,340,459,4,0.0937013355587433,0.200085728864661,10,0.348,62.2,6.22,10,TRUE,1,-0.6847276610291635,62.57480327657379,0.5714298756030322,0,TRUE,91.5505700173843,0.0937013355587433
00-0032054,Breshad Perriman,WR,2020,12,99.1,8.25833333333333,26.9760438056126,26,5,69,36,645,1128,2,0.178800568058543,0.270710094791149,14,0.642142857142857,138.1,9.86428571428571,14,TRUE,0,-2.031525260991639,56.537444629014395,0.6426844120961318,2,FALSE,75.0135249983918,0.178800568058543
00-0032054,Breshad Perriman,WR,2021,5,33.4,6.68,27.9753593429158,26,6,60,30,505,906,1,0.217360639896872,0.308090279453754,12,0.908333333333333,99.1,8.25833333333333,12,TRUE,0,0.8673730317946872,64.20348050458715,0.5632598072358128,4,FALSE,54.07189796423326,0.217360639896872
00-0032054,Breshad Perriman,WR,2022,8,23.3,2.9125,28.974674880219,26,7,21,12,172,185,1,0.0945187872537955,0.108744896200752,7,0.382857142857143,33.4,6.68,5,FALSE,0,2.1048884742145724,64.66575143138203,0.5689299557692652,6,FALSE,37.932505764701475,0
00-0032055,Devin Funchess,WR,2019,1,6.2,6.2,25.2813141683778,NA,4,79,44,549,1013,0,0.203033161630117,0.320950353330958,14,0.690714285714286,122.9,8.77857142857143,14,TRUE,0,3.8273808374224103,64.5,0.632978723404255,1,FALSE,99.63768087860034,0.203033161630117
00-0032058,Tevin Coleman,RB,2019,14,135.4,9.67142857142857,26.3764544832307,73,4,44,32,276,21,167,0.0986225327631301,0.00396195472334186,16,0.551875,193.6,12.1,16,TRUE,0,-1.01406999208309,61.6875,0.559748427672956,1,FALSE,93.3197777467908,0.0986225327631301
00-0032058,Tevin Coleman,RB,2020,6,12.7,2.11666666666667,27.378507871321,73,5,31,22,183,-29,170,0.106428478803746,-0.0175005524905178,17,0.395294117647059,135.4,9.67142857142857,14,FALSE,0,-3.102495686243507,61.28793246227456,0.5274926331530104,2,FALSE,70.13043117440901,0
00-0032058,Tevin Coleman,RB,2021,11,51.5,4.68181818181818,28.3778234086242,73,6,5,4,34,13,28,0.0641534391534392,0.0430449632714172,8,0.125,12.7,2.11666666666667,6,TRUE,1,-4.237220859663053,62.415471591191114,0.5350290456824077,3,FALSE,50.58687746508861,0.0641534391534392
00-0032058,Tevin Coleman,RB,2022,2,22,11,29.3771389459274,73,7,16,11,49,-23,84,0.0818830090413174,-0.0233371546530167,11,0.267272727272727,51.5,4.68181818181818,11,TRUE,1,-2.8481260497613583,62.11011351909185,0.5416291982158619,0,TRUE,25.648912801362936,0.0818830090413174
00-0032062,Blake Bell,TE,2019,14,14.7,1.05,28.0684462696783,117,4,11,8,67,58,0,0.0566616195625212,0.0566149870213223,10,0.344,14.7,1.8375,8,TRUE,0,8.36410846493461,61.5555555555556,0.637755102040816,1,FALSE,79.89857189040993,0.0566616195625212
00-0032062,Blake Bell,TE,2020,11,22.2,2.01818181818182,29.0704996577687,117,5,18,11,91,111,0,0.0531310379034066,0.034202292141178,18,0.407222222222222,14.7,1.05,14,TRUE,0,-2.36529952786075,66.125,0.493055555555556,1,FALSE,63.568368273025115,0.0531310379034066
00-0032062,Blake Bell,TE,2021,11,18.7,1.7,30.0698151950719,117,6,15,11,110,77,1,0.0400314729979192,0.0276327658769723,16,0.31375,22.2,2.01818181818182,11,TRUE,0,9.2487708965395,62.24912817981407,0.6206834181363526,3,FALSE,36.46942571926204,0.0400314729979192
00-0032062,Blake Bell,TE,2022,2,10,5,31.0691307323751,117,7,14,10,90,30,4,0.043326843900251,0.0152225267482746,19,0.291578947368421,18.7,1.7,11,FALSE,0,9.764874939182034,63.265673354913034,0.6318005958082872,4,FALSE,20.501499721059933,0
00-0032062,Blake Bell,TE,2023,7,11.6,1.65714285714286,32.0684462696783,117,8,4,3,24,25,0,0.045085656213705,0.042412947365024,4,0.17,10,5,2,FALSE,1,-1.1508133315416142,62.217587857511425,0.5305483396322973,0,TRUE,10.93928087016864,0
00-0032063,Mike Davis,RB,2019,6,11.9,1.98333333333333,26.5297741273101,126,4,44,36,236,-5,116,0.177794298533203,-0.00945705523846745,16,0.37625,136.8,9.12,15,TRUE,0,0.371345973023808,62.176470588235304,0.585714285714286,1,FALSE,70.13043117440901,0.177794298533203
00-0032063,Mike Davis,RB,2020,15,206.5,13.7666666666667,27.5318275154004,126,5,8,7,22,6,11,0.142992424242424,0.00816197691197691,5,0.208,11.9,1.98333333333333,6,TRUE,1,-0.5896550513259056,63.38685406454249,0.5430471721587525,0,TRUE,50.58687746508861,0.142992424242424
00-0032063,Mike Davis,RB,2021,17,138.2,8.12941176470588,28.5311430527036,126,6,70,59,373,-39,165,0.199219007727411,-0.0154521669274289,15,0.607333333333333,206.5,13.7666666666667,15,TRUE,1,-1.3326053848525747,62.44109108555703,0.5569567092023618,0,TRUE,25.648912801362936,0.199219007727411
00-0032063,Mike Davis,RB,2022,5,4.2,0.84,29.5304585900068,126,7,58,44,259,-52,138,0.139749095248261,-0.0195878257450032,17,0.555882352941176,138.2,8.12941176470588,17,TRUE,0,-7.907648010302149,65.67061259167201,0.49385102749788146,3,FALSE,7.711988601272322,0.139749095248261
00-0032098,Daniel Brown,TE,2019,11,20.2,1.83636363636364,27.2662559890486,NA,4,0,0,0,0,0,0,0,9,0.0433333333333333,0,0,1,TRUE,1,-2.25445855388325,54.0625,0.6052631578947371,1,FALSE,82.4617658561213,0
00-0032098,Daniel Brown,TE,2020,8,5.1,0.6375,28.2683093771389,NA,5,11,7,72,111,0,0.0759092492321333,0.0957585279550772,16,0.2875,20.2,1.83636363636364,11,FALSE,0,-2.031525260991639,56.537444629014395,0.6426844120961318,2,FALSE,79.89857189040993,0
00-0032098,Daniel Brown,TE,2021,3,4.9,1.63333333333333,29.2676249144422,NA,6,2,2,31,10,0,0.033008658008658,0.020746887966805,6,0.0766666666666667,5.1,0.6375,8,FALSE,1,-4.237220859663053,62.415471591191114,0.5350290456824077,3,FALSE,63.568368273025115,0
00-0032104,Ameer Abdullah,RB,2019,15,39.3,2.62,26.217659137577,54,4,2,1,10,18,0,0.0246246246246246,0.0322567998039696,4,0.02,3.9,0.433333333333333,9,FALSE,1,-0.6847276610291635,62.57480327657379,0.5714298756030322,0,TRUE,93.3197777467908,0
00-0032104,Ameer Abdullah,RB,2020,11,30,2.72727272727273,27.2197125256674,54,5,22,16,95,12,24,0.141700959804408,0.0129204656577055,18,0.135,39.3,2.62,15,FALSE,1,-0.5896550513259056,63.38685406454249,0.5430471721587525,0,TRUE,70.13043117440901,0
00-0032104,Ameer Abdullah,RB,2021,17,89.5,5.26470588235294,28.2190280629706,54,6,9,8,58,-5,8,0.0534461152882205,-0.00488122267062637,11,0.0936363636363636,30,2.72727272727273,11,TRUE,0,1.97446778834423,61.25,0.5,1,FALSE,50.58687746508861,0.0534461152882205
00-0032104,Ameer Abdullah,RB,2022,16,54.1,3.38125,29.2183436002738,54,7,49,35,272,41,44,0.180641665434622,0.00725099816255961,10,0.402,89.5,5.26470588235294,17,TRUE,1,-2.8481260497613583,62.11011351909185,0.5416291982158619,0,TRUE,25.648912801362936,0.180641665434622
00-0032104,Ameer Abdullah,RB,2023,16,41,2.5625,30.217659137577,54,8,32,25,211,95,4,0.0883160330649688,0.0219208806933576,15,0.182666666666667,54.1,3.38125,16,FALSE,0,-4.47041026144887,61.4117647058824,0.621212121212121,1,FALSE,7.711988601272322,0
00-0032104,Ameer Abdullah,RB,2024,15,125.2,8.34666666666667,31.2197125256674,54,9,24,19,131,46,15,0.0618813610562296,0.0111418370187003,17,0.205294117647059,41,2.5625,16,FALSE,1,-8.09083680152126,60.89232303090727,0.4923131914657334,2,FALSE,0,0
00-0032104,Ameer Abdullah,RB,2025,13,35.9,2.76153846153846,32.2190280629706,54,10,47,40,261,31,66,0.120964936973059,0.0177296684654945,14,0.422142857142857,125.2,8.34666666666667,15,TRUE,0,-5.206003754852174,62.90759972111114,0.4735640946273987,3,FALSE,0,0.120964936973059
00-0032112,J.J. Nelson,WR,2019,1,13.6,13.6,27.3538672142368,NA,4,19,7,64,358,4,0.104940301332175,0.214368984246382,14,0.254285714285714,13.4,1.48888888888889,9,TRUE,0,1.12660532424442,61,0.5,1,FALSE,75.0135249983918,0.104940301332175
00-0032117,Nick O'Leary,TE,2019,8,29.9,3.7375,27.0006844626968,194,4,10,8,86,39,0,0.081292270531401,0.0353627745756222,12,0.524166666666667,22.6,3.76666666666667,6,FALSE,1,-0.6847276610291635,62.57480327657379,0.5714298756030322,0,TRUE,82.4617658561213,0
00-0032128,Chris Conley,WR,2019,16,156.5,9.78125,26.8501026694045,76,4,55,32,334,455,0,0.11880014055121,0.102542051813765,18,0.735,91.4,5.7125,16,TRUE,1,2.05703243783867,61.9375,0.650793650793651,1,FALSE,75.0135249983918,0.11880014055121
00-0032128,Chris Conley,WR,2020,14,97.1,6.93571428571429,27.8521560574949,76,5,90,47,775,1293,0,0.178864851830638,0.315797390480886,16,0.796875,156.5,9.78125,16,FALSE,1,-0.5896550513259056,63.38685406454249,0.5430471721587525,0,TRUE,54.07189796423326,0
00-0032128,Chris Conley,WR,2021,14,64.6,4.61428571428571,28.8514715947981,76,6,63,40,471,652,0,0.162502880026334,0.203963400870283,15,0.454666666666667,97.1,6.93571428571429,14,TRUE,0,4.252459109954118,61.09923889156884,0.6506994693680657,2,FALSE,37.932505764701475,0.162502880026334
00-0032128,Chris Conley,WR,2022,4,8.6,2.15,29.8507871321013,76,7,37,22,323,340,1,0.11263441654746,0.15651920079575601,16,0.628125,64.6,4.61428571428571,14,TRUE,0,-8.58597987701735,64.9444444444444,0.55,1,FALSE,22.163851430919827,0.11263441654746
00-0032128,Chris Conley,WR,2023,1,9.9,9.9,30.8501026694045,76,8,5,4,46,69,0,0.0898785425101215,0.100724461687163,7,0.275714285714286,8.6,2.15,4,TRUE,1,-2.29091030889994,62.8823529411765,0.502958579881657,1,FALSE,5.8228665329595835,0.0898785425101215
00-0032128,Chris Conley,WR,2024,9,13.6,1.51111111111111,31.8521560574949,76,9,8,5,104,108,0,0.186850600600601,0.233732334672018,11,0.212727272727273,9.9,9.9,1,FALSE,0,-1.746163993703397,61.15189530920728,0.48150446254666934,2,FALSE,0,0
00-0032134,C.J. Uzomah,TE,2019,14,63.2,4.51428571428571,26.6283367556468,157,4,64,43,439,472,0,0.165488332333503,0.149308346112219,16,0.850625,104.9,6.55625,16,FALSE,1,-0.6847276610291635,62.57480327657379,0.5714298756030322,0,TRUE,82.4617658561213,0
00-0032134,C.J. Uzomah,TE,2020,2,22.7,11.35,27.6303901437372,157,5,40,27,242,156,0,0.119015484126756,0.0490127577005932,16,0.58625,63.2,4.51428571428571,14,FALSE,0,0.747418243329004,64.625,0.617021276595745,1,FALSE,79.89857189040993,0
00-0032134,C.J. Uzomah,TE,2021,16,128.3,8.01875,28.6297056810404,157,6,11,8,87,94,0,0.120405018710103,0.125724599951404,2,0.615,22.7,11.35,2,FALSE,0,2.510348320281197,64.50024224806202,0.5993945381770283,2,FALSE,63.568368273025115,0
00-0032134,C.J. Uzomah,TE,2022,14,56.2,4.01428571428571,29.6290212183436,157,7,81,64,639,359,0,0.146717725549176,0.0857750506212215,20,0.7455,128.3,8.01875,16,TRUE,0,-3.2398543233494106,61.92644902198673,0.5336580980676521,4,FALSE,36.46942571926204,0.146717725549176
00-0032134,C.J. Uzomah,TE,2023,8,19.8,2.475,30.6283367556468,157,8,27,21,232,196,0,0.0998265633779985,0.072427332298476,15,0.548,56.2,4.01428571428571,14,FALSE,1,1.7472426029804171,61.63220683305003,0.5940290152635698,4,FALSE,20.501499721059933,0
00-0032134,C.J. Uzomah,TE,2024,2,0,0,31.6303901437372,157,9,12,8,58,64,0,0.0685647183808949,0.0473958285929388,12,0.321666666666667,19.8,2.475,8,TRUE,1,-2.8661339040731684,66.57601057433756,0.5607137647104727,4,FALSE,10.93928087016864,0.0685647183808949
00-0032135,Jesse James,TE,2019,13,30.2,2.32307692307692,25.242984257358,160,4,39,30,423,300,0,0.088305660470188,0.0757204691225266,16,0.499375,84.3,5.62,15,TRUE,1,-0.6847276610291635,62.57480327657379,0.5714298756030322,0,TRUE,99.6312956406138,0.088305660470188
00-0032135,Jesse James,TE,2020,13,38.9,2.99230769230769,26.2450376454483,160,5,27,16,142,141,0,0.081542994476875,0.0446925132127982,16,0.461875,30.2,2.32307692307692,13,FALSE,0,-3.80589589800994,63.0625,0.604838709677419,1,FALSE,96.309286703009,0
00-0032135,Jesse James,TE,2021,5,19.2,3.84,27.2443531827515,160,6,22,14,129,118,0,0.071291456372325,0.0499204819265504,16,0.44125,38.9,2.99230769230769,13,TRUE,0,-0.43053437265560734,61.001407270225165,0.6069410342534227,2,FALSE,82.4617658561213,0.071291456372325
00-0032141,Geoff Swaim,TE,2019,6,19.5,3.25,25.9575633127995,NA,4,32,26,242,139,0,0.146787499975491,0.0926997916294578,9,0.885555555555556,56.2,6.24444444444444,9,TRUE,1,2.05703243783867,61.9375,0.650793650793651,1,FALSE,96.309286703009,0.146787499975491
00-0032141,Geoff Swaim,TE,2020,7,23.3,3.32857142857143,26.9596167008898,246,5,17,13,65,60,0,0.104481085363438,0.0479746865530533,6,0.491666666666667,19.5,3.25,6,TRUE,0,-6.43469719202592,57.4210526315789,0.513698630136986,1,FALSE,82.4617658561213,0.104481085363438
00-0032141,Geoff Swaim,TE,2021,16,70,4.375,27.958932238193,246,6,13,10,88,84,0,0.0913593029655718,0.0662377250340438,11,0.520909090909091,23.3,3.32857142857143,7,FALSE,1,-1.3326053848525747,62.44109108555703,0.5569567092023618,0,TRUE,79.89857189040993,0
00-0032141,Geoff Swaim,TE,2022,12,23.8,1.98333333333333,28.9582477754962,246,7,40,31,210,146,0,0.12176384164777,0.0656370195410583,17,0.669411764705882,70,4.375,16,FALSE,0,-8.58597987701735,64.9444444444444,0.55,1,FALSE,63.568368273025115,0
00-0032141,Geoff Swaim,TE,2023,8,19.4,2.425,29.9575633127995,246,8,16,12,58,34,0,0.0752087840820559,0.021669347094439,17,0.559411764705882,23.8,1.98333333333333,12,TRUE,1,-1.1508133315416142,62.217587857511425,0.5305483396322973,0,TRUE,36.46942571926204,0.0752087840820559
00-0032141,Geoff Swaim,TE,2024,3,1.7,0.566666666666667,30.9596167008898,246,9,11,10,94,60,0,0.059565339367093,0.0333542872053751,14,0.37,19.4,2.425,8,TRUE,1,-1.07547140563658,62.6875,0.580645161290323,1,FALSE,20.501499721059933,0.059565339367093
00-0032144,Melvin Gordon,RB,2019,12,180.8,15.0666666666667,26.3846680355921,15,4,69,52,504,-20,201,0.194896335866601,4.8309454998654e-4,14,0.660714285714286,275.5,22.9583333333333,12,FALSE,1,-0.6847276610291635,62.57480327657379,0.5714298756030322,0,TRUE,93.3197777467908,0
00-0032144,Melvin Gordon,RB,2020,15,198.4,13.2266666666667,27.3867214236824,15,5,55,42,296,-49,162,0.143780569594747,-0.0216257635449013,12,0.544166666666667,180.8,15.0666666666667,12,TRUE,1,-0.5896550513259056,63.38685406454249,0.5430471721587525,0,TRUE,70.13043117440901,0.143780569594747
00-0032144,Melvin Gordon,RB,2021,16,195.1,12.19375,28.3860369609856,15,6,44,32,158,9,215,0.124772909230146,-0.0016991855932055,15,0.619333333333333,198.4,13.2266666666667,15,FALSE,0,-5.25500442379632,63.5,0.616666666666667,1,FALSE,50.58687746508861,0
00-0032144,Melvin Gordon,RB,2022,10,87.1,8.71,29.3853524982888,15,7,38,28,213,12,203,0.0937909599869487,0.00429012326627033,16,0.51375,195.1,12.19375,16,FALSE,1,-2.8481260497613583,62.11011351909185,0.5416291982158619,0,TRUE,25.648912801362936,0
00-0032144,Melvin Gordon,RB,2023,4,19.7,4.925,30.3846680355921,15,8,32,25,223,23,90,0.13506223760817,0.00449598360199834,10,0.408,87.1,8.71,10,TRUE,1,3.4864180115215095,62.878328770532605,0.6282900360853253,2,FALSE,7.711988601272322,0.13506223760817
00-0032156,Trevor Siemian,QB,2022,2,11.16,5.58,30.6830937713895,250,7,0,0,0,0,9,0,0,6,0.878333333333333,93.16,15.5266666666667,6,TRUE,1,-2.8481260497613583,62.11011351909185,0.5416291982158619,0,TRUE,67.23057283030921,0
00-0032156,Trevor Siemian,QB,2023,5,30.96,6.192,31.6824093086927,250,8,0,0,0,0,4,0,0,2,0.52,11.16,5.58,2,TRUE,1,1.7472426029804171,61.63220683305003,0.5940290152635698,4,FALSE,56.715950770053986,0
00-0032160,Tyrell Williams,WR,2019,13,143.1,11.0076923076923,27.5509924709103,NA,4,76,48,756,973,2,0.16631529717254,0.244631188518583,18,0.761111111111111,137.8,9.18666666666667,15,TRUE,0,1.12660532424442,61,0.5,1,FALSE,54.07189796423326,0.16631529717254
00-0032187,David Johnson,RB,2019,12,141.5,11.7916666666667,27.709787816564,86,4,76,50,446,63,258,0.182016416511209,0.0229589066199077,16,0.799375,246.6,15.4125,16,FALSE,1,-0.6847276610291635,62.57480327657379,0.5714298756030322,0,TRUE,50.58687746508861,0
00-0032187,David Johnson,RB,2020,12,179.5,14.9583333333333,28.7118412046543,86,5,47,36,370,181,94,0.210438822080296,0.0629080301106816,13,0.481538461538462,141.5,11.7916666666667,12,TRUE,0,1.45406736998584,63.61111111111109,0.58,1,FALSE,25.648912801362936,0.210438822080296
00-0032187,David Johnson,RB,2021,13,81.3,6.25384615384615,29.7111567419576,86,6,46,33,314,168,147,0.148287074872445,0.0595405604311508,12,0.753333333333333,179.5,14.9583333333333,12,FALSE,0,4.252459109954118,61.09923889156884,0.6506994693680657,2,FALSE,7.711988601272322,0
00-0032187,David Johnson,RB,2022,4,9.1,2.275,30.7104722792608,86,7,42,32,225,87,67,0.149062762504458,0.0371002020841726,13,0.402307692307692,81.3,6.25384615384615,13,TRUE,0,-1.0017622280411616,62.17367515588611,0.5342540590250734,4,FALSE,0,0.149062762504458
00-0032200,Ty Montgomery,WR,2019,15,32.3,2.15333333333333,26.6064339493498,94,4,17,10,65,50,15,0.18340663173144,0.0597409176521947,NA,NA,71.3,5.48461538461538,13,TRUE,1,-2.25445855388325,54.0625,0.6052631578947371,1,FALSE,75.0135249983918,0.18340663173144
00-0032200,Ty Montgomery,WR,2020,4,15.8,3.95,27.6084873374401,94,5,17,13,90,23,32,0.0718306404421696,0.0105183272323411,NA,NA,32.3,2.15333333333333,15,TRUE,0,1.8447942208887929,61.60275019098548,0.5593931930138827,2,FALSE,54.07189796423326,0.0718306404421696
00-0032200,Ty Montgomery,WR,2021,14,29.9,2.13571428571429,28.6078028747433,94,6,7,4,40,16,23,0.0636371417159595,0.00468708633236913,4,0.2475,15.8,3.95,4,FALSE,0,-0.17176604021972183,62.57684815504885,0.5315089522252244,3,FALSE,37.932505764701475,0
00-0032200,Ty Montgomery,WR,2022,1,10.3,10.3,29.6071184120465,94,7,26,16,95,46,15,0.148782446259861,-0.00438163369085478,13,0.348461538461538,29.9,2.13571428571429,14,TRUE,1,-2.8481260497613583,62.11011351909185,0.5416291982158619,0,TRUE,22.163851430919827,0.148782446259861
00-0032200,Ty Montgomery,WR,2023,11,9.9,0.9,30.6064339493498,94,8,4,3,15,13,2,0.133333333333333,0.046594982078853,1,0.37,10.3,10.3,1,FALSE,1,-1.1508133315416142,62.217587857511425,0.5305483396322973,0,TRUE,5.8228665329595835,0
00-0032208,Phillip Dorsett,WR,2019,11,100.8,9.16363636363636,26.652977412731,29,4,50,37,360,580,4,0.147335079775297,0.22752221795738,18,0.376111111111111,81.9,7.44545454545455,11,FALSE,0,1.26776800670369,67.6842105263158,0.49321266968325805,1,FALSE,75.0135249983918,0
00-0032208,Phillip Dorsett,WR,2022,15,51.7,3.44666666666667,29.6536618754278,29,7,12,6,107,190,1,0.151736111111111,0.331817331458763,3,0.356666666666667,18,3.6,5,FALSE,1,-2.8481260497613583,62.11011351909185,0.5416291982158619,0,TRUE,22.163851430919827,0
00-0032208,Phillip Dorsett,WR,2023,2,0,0,30.652977412731,29,8,40,20,257,445,0,0.120371115893141,0.175985461729251,15,0.496666666666667,51.7,3.44666666666667,15,TRUE,1,4.361920524449067,66.15048913733956,0.6067168199037676,2,FALSE,5.8228665329595835,0.120371115893141
00-0032209,T.J. Yeldon,RB,2019,4,29.7,7.425,25.9137577002053,36,4,78,55,487,57,104,0.195533238742053,0.015974915645956,14,0.545714285714286,173.1,12.3642857142857,14,TRUE,0,-5.4886656210703,62.375,0.495652173913044,1,FALSE,93.3197777467908,0.195533238742053
00-0032209,T.J. Yeldon,RB,2020,3,16.2,5.4,26.9158110882957,36,5,15,13,124,12,17,0.108330114890249,-0.017210546237526,6,0.355,29.7,7.425,4,FALSE,0,-2.5026045642574752,62.974983015342815,0.5184767480822224,2,FALSE,70.13043117440901,0
00-0032211,Tyler Lockett,WR,2019,16,235.2,14.7,26.924024640657102,69,4,76,61,1085,1077,13,0.203457039161705,0.288419493697395,17,0.852352941176471,222.4,13.9,16,FALSE,0,-13.3775139572444,61.1764705882353,0.477987421383648,1,FALSE,75.0135249983918,0
00-0032211,Tyler Lockett,WR,2020,16,265.4,16.5875,27.9260780287474,69,5,128,95,1255,1593,4,0.276160949218412,0.313102349582977,18,0.897222222222222,235.2,14.7,16,FALSE,0,-7.49088804122155,62.333907214115975,0.5482848076249452,2,FALSE,54.07189796423326,0
00-0032211,Tyler Lockett,WR,2021,16,241.4,15.0875,28.9253935660507,69,6,136,102,1097,1369,0,0.283076817756011,0.299723710568845,17,0.891764705882353,265.4,16.5875,16,FALSE,1,-1.3326053848525747,62.44109108555703,0.5569567092023618,0,TRUE,37.932505764701475,0
00-0032211,Tyler Lockett,WR,2022,16,237.3,14.83125,29.9247091033539,69,7,107,73,1175,1562,2,0.284039169499636,0.423544185285967,16,0.873125,241.4,15.0875,16,FALSE,0,-4.28740337043254,55.5882352941176,0.544715447154472,1,FALSE,22.163851430919827,0
00-0032211,Tyler Lockett,WR,2023,17,202.4,11.9058823529412,30.924024640657102,69,8,125,90,1072,1298,0,0.248583600206712,0.328796072669049,17,0.797058823529412,237.3,14.83125,16,FALSE,0,-0.39381781134052657,58.372619539887225,0.5632543451476695,2,FALSE,5.8228665329595835,0
00-0032211,Tyler Lockett,WR,2024,17,121,7.11764705882353,31.9260780287474,69,9,122,79,894,1322,0,0.233135700610147,0.338212089689233,17,0.799411764705882,202.4,11.9058823529412,17,FALSE,1,-2.3927249464459472,61.20751703093519,0.5382602054028329,0,TRUE,0,0
00-0032211,Tyler Lockett,WR,2025,17,67.1,3.94705882352941,32.9253935660507,69,10,74,49,600,783,0,0.165820343387196,0.242267937562958,17,0.690588235294118,121,7.11764705882353,17,TRUE,1,-2.3156060854344385,60.48222947073567,0.5428931050762806,0,TRUE,0,0.165820343387196
00-0032214,Tyler Kroft,TE,2019,9,19.1,2.12222222222222,26.8774811772758,85,4,6,4,36,43,0,0.0355368434636727,0.0292168764416673,5,0.352,7.6,1.52,5,TRUE,0,-5.4886656210703,62.375,0.495652173913044,1,FALSE,82.4617658561213,0.0355368434636727
00-0032214,Tyler Kroft,TE,2020,7,41.9,5.98571428571429,27.8795345653662,85,5,16,6,71,121,0,0.0783922837783959,0.0620839858019016,12,0.338333333333333,19.1,2.12222222222222,9,FALSE,0,-2.5026045642574752,62.974983015342815,0.5184767480822224,2,FALSE,79.89857189040993,0
00-0032214,Tyler Kroft,TE,2021,9,39.3,4.36666666666667,28.8788501026694,85,6,16,12,119,121,0,0.105913452966767,0.101279704488966,10,0.465,41.9,5.98571428571429,7,TRUE,1,-4.237220859663053,62.415471591191114,0.5350290456824077,3,FALSE,63.568368273025115,0.105913452966767
00-0032214,Tyler Kroft,TE,2022,6,9.7,1.61666666666667,29.8781656399726,85,7,25,16,173,144,0,0.122678744421336,0.0892325454374439,9,0.648888888888889,39.3,4.36666666666667,9,TRUE,1,-2.8481260497613583,62.11011351909185,0.5416291982158619,0,TRUE,36.46942571926204,0.122678744421336
00-0032214,Tyler Kroft,TE,2023,1,0,0,30.8774811772758,85,8,5,4,57,70,0,0.0511538461538462,0.104767329821949,13,0.307692307692308,9.7,1.61666666666667,6,TRUE,0,0.050788902645481,59,0.598484848484849,1,FALSE,20.501499721059933,0.0511538461538462
00-0032227,Jeff Heuerman,TE,2019,8,31.4,3.925,26.7679671457906,92,4,48,31,281,238,0,0.172295858907951,0.0997427451183866,11,0.77,71.1,6.46363636363636,11,FALSE,1,-0.6847276610291635,62.57480327657379,0.5714298756030322,0,TRUE,82.4617658561213,0
00-0032241,Todd Gurley,RB,2019,15,219.4,14.6266666666667,25.07871321013,10,4,88,63,585,62,286,0.170644733661666,0.0170515045692536,16,0.81875,372.1,26.5785714285714,14,FALSE,1,-3.66217017397005,59.75,0.556603773584906,1,FALSE,91.39560576824717,0
00-0032241,Todd Gurley,RB,2020,15,163.2,10.88,26.0807665982204,10,5,49,31,207,35,223,0.114772584165796,0.00879203862959001,15,0.747333333333333,219.4,14.6266666666667,15,TRUE,0,2.02935244854015,67.5625,0.645962732919255,1,FALSE,93.3197777467908,0.114772584165796
00-0032245,Sean Mannion,QB,2019,3,0.54,0.18,27.3511293634497,89,4,0,0,0,0,7,0,0,3,0.176666666666667,0.02,0.00666666666666667,3,TRUE,1,-0.6847276610291635,62.57480327657379,0.5714298756030322,0,TRUE,100.1093045339178,0
00-0032257,Duke Johnson,RB,2019,16,154,9.625,25.9383983572895,77,4,62,47,429,153,40,0.138879137224422,0.0293155964399767,16,0.416875,132,8.25,16,TRUE,1,-0.6847276610291635,62.57480327657379,0.5714298756030322,0,TRUE,93.3197777467908,0.138879137224422
00-0032257,Duke Johnson,RB,2020,11,84.4,7.67272727272727,26.9404517453799,77,5,73,52,463,178,87,0.146608983374574,0.0414133194382577,18,0.48277777777777803,154,9.625,16,FALSE,0,1.45406736998584,63.61111111111109,0.58,1,FALSE,70.13043117440901,0
00-0032257,Duke Johnson,RB,2021,5,59.1,11.82,27.9397672826831,77,6,35,28,249,67,77,0.126367107561457,0.0264901939654617,11,0.52,84.4,7.67272727272727,11,TRUE,1,-1.3326053848525747,62.44109108555703,0.5569567092023618,0,TRUE,50.58687746508861,0.126367107561457
00-0032257,Duke Johnson,RB,2022,1,0.4,0.4,28.9390828199863,77,7,5,4,41,-8,71,0.0645845382687488,-0.00647305951864712,5,0.444,59.1,11.82,5,TRUE,1,-2.8481260497613583,62.11011351909185,0.5416291982158619,0,TRUE,25.648912801362936,0.0645845382687488
00-0032268,Marcus Mariota,QB,2019,7,87.02,12.4314285714286,25.8370978781656,2,4,1,1,21,10,64,0.0416666666666667,0.0357142857142857,14,0.882857142857143,183.92,13.1371428571429,14,FALSE,1,-0.6847276610291635,62.57480327657379,0.5714298756030322,0,TRUE,94.39609488384028,0
00-0032268,Marcus Mariota,QB,2020,1,26.84,26.84,26.839151266256,2,5,0,0,0,0,25,0,0,10,0.562,87.02,12.4314285714286,7,TRUE,0,-0.6006980829077988,61.12525562372189,0.537748270162759,2,FALSE,100.1093045339178,0
00-0032268,Marcus Mariota,QB,2021,7,14.86,2.12285714285714,27.8384668035592,2,6,0,0,0,0,9,0,0,1,0.86,26.84,26.84,1,FALSE,0,-0.5850600027418753,62.090991104397446,0.5329616513244375,3,FALSE,89.57744281082132,0
00-0032268,Marcus Mariota,QB,2022,13,205.56,15.8123076923077,28.8377823408624,2,7,0,0,0,0,13,0,0,9,0.0377777777777778,14.86,2.12285714285714,7,TRUE,0,-0.356785931309,58.5294117647059,0.605095541401274,1,FALSE,82.32277997365468,0
00-0032268,Marcus Mariota,QB,2023,2,12.76,6.38,29.8370978781656,2,8,0,0,0,0,85,0,0,13,1,205.56,15.8123076923077,13,TRUE,1,-1.1508133315416142,62.217587857511425,0.5305483396322973,0,TRUE,76.91939486134842,0
00-0032268,Marcus Mariota,QB,2024,3,45.76,15.2533333333333,30.839151266256,2,9,0,0,0,0,8,0,0,4,0.1775,12.76,6.38,2,TRUE,1,-2.3927249464459472,61.20751703093519,0.5382602054028329,0,TRUE,67.23057283030921,0
00-0032268,Marcus Mariota,QB,2025,10,132.5,13.25,31.8384668035592,2,10,0,0,0,0,20,0,0,6,0.268333333333333,45.76,15.2533333333333,3,FALSE,0,1.05845290147838,65,0.4615384615384619,1,FALSE,56.715950770053986,0
00-0032355,Chester Rogers,WR,2019,10,45.7,4.57,25.6344969199179,NA,3,83,62,561,525,1,0.155339612083017,0.122114849782161,18,0.535555555555556,117.1,7.31875,16,FALSE,0,3.8273808374224103,64.5,0.632978723404255,1,FALSE,91.5505700173843,0
00-0032355,Chester Rogers,WR,2022,3,-2,-0.666666666666667,28.6351813826146,NA,6,45,31,304,311,1,0.109754280724636,0.108594608854598,17,0.394705882352941,65,4.0625,16,TRUE,0,-3.175694760403078,61.836291725562674,0.46540353266213097,2,FALSE,37.932505764701475,0.109754280724636
00-0032385,Sterling Shepard,WR,2019,10,141.8,14.18,26.5544147843943,40,3,107,66,872,1082,3,0.19663595977291,0.267993535966023,16,0.91125,182.5,11.40625,16,FALSE,0,-0.11700487545225,61.125,0.565217391304348,1,FALSE,75.0135249983918,0
00-0032385,Sterling Shepard,WR,2020,12,162.5,13.5416666666667,27.5564681724846,40,4,83,57,576,822,6,0.24724937341785,0.276734156616441,10,0.907,141.8,14.18,10,FALSE,1,-0.5896550513259056,63.38685406454249,0.5430471721587525,0,TRUE,54.07189796423326,0
00-0032385,Sterling Shepard,WR,2021,7,77.7,11.1,28.5557837097878,40,5,90,66,656,746,6,0.252984149147767,0.244791091079069,12,0.719166666666667,162.5,13.5416666666667,12,FALSE,0,-1.58459729902941,59.125,0.608,1,FALSE,37.932505764701475,0
00-0032385,Sterling Shepard,WR,2022,3,34.4,11.4666666666667,29.555099247091,40,6,53,36,366,404,1,0.239073828502241,0.224083544969006,7,0.732857142857143,77.7,11.1,7,FALSE,1,-2.8481260497613583,62.11011351909185,0.5416291982158619,0,TRUE,22.163851430919827,0
00-0032385,Sterling Shepard,WR,2023,10,20.3,2.03,30.5544147843943,40,7,24,13,154,225,0,0.292162698412698,0.388044426987868,3,0.803333333333333,34.4,11.4666666666667,3,FALSE,0,-3.35433829889119,62.4736842105263,0.436619718309859,1,FALSE,5.8228665329595835,0
00-0032385,Sterling Shepard,WR,2024,13,80.3,6.17692307692308,31.5564681724846,40,8,22,10,57,160,1,0.109459274760999,0.106620440522635,15,0.152,20.3,2.03,10,TRUE,1,-1.5340879553944275,60.88578223955308,0.5544179392950374,2,FALSE,0,0.109459274760999
00-0032385,Sterling Shepard,WR,2025,13,82,6.30769230769231,32.5557837097878,40,9,51,32,334,473,8,0.148285159608876,0.180130331456957,15,0.534666666666667,80.3,6.17692307692308,13,FALSE,1,-2.3156060854344385,60.48222947073567,0.5428931050762806,0,TRUE,0,0
00-0032392,Austin Hooper,TE,2019,13,191.7,14.7461538461538,24.8405201916496,81,3,88,71,660,598,0,0.179481771541519,0.141134499707231,16,0.761875,163,10.1875,16,FALSE,1,-0.6847276610291635,62.57480327657379,0.5714298756030322,0,TRUE,99.6312956406138,0
00-0032392,Austin Hooper,TE,2020,13,113.5,8.73076923076923,25.8425735797399,81,4,97,75,787,629,0,0.190306533533253,0.148559865506568,13,0.788461538461538,191.7,14.7461538461538,13,TRUE,1,-0.5896550513259056,63.38685406454249,0.5430471721587525,0,TRUE,96.309286703009,0.190306533533253
00-0032392,Austin Hooper,TE,2021,15,92.5,6.16666666666667,26.8418891170431,81,5,84,55,497,574,0,0.23645123983562,0.202869192158688,15,0.778,113.5,8.73076923076923,13,FALSE,0,-1.61018073558807,62.5,0.46808510638297895,1,FALSE,82.4617658561213,0
00-0032392,Austin Hooper,TE,2022,17,97.4,5.72941176470588,27.8412046543463,81,6,61,38,345,328,0,0.163202162131802,0.0994710800300255,16,0.685625,92.5,6.16666666666667,15,TRUE,0,-8.58597987701735,64.9444444444444,0.55,1,FALSE,79.89857189040993,0.163202162131802
00-0032392,Austin Hooper,TE,2023,16,48.4,3.025,28.8405201916496,81,7,60,41,444,480,0,0.156929537321931,0.163422374105484,17,0.507058823529412,97.4,5.72941176470588,17,TRUE,0,-4.47041026144887,61.4117647058824,0.621212121212121,1,FALSE,63.568368273025115,0.156929537321931
00-0032392,Austin Hooper,TE,2024,17,108.6,6.38823529411765,29.8425735797399,81,8,31,25,234,130,0,0.0889066258573903,0.0433528383890509,17,0.521176470588235,48.4,3.025,16,TRUE,1,-3.947551699890613,64.46824339329336,0.49696331073012767,4,FALSE,36.46942571926204,0.0889066258573903
00-0032392,Austin Hooper,TE,2025,13,59.3,4.56153846153846,30.8418891170431,81,9,59,45,476,386,0,0.13895681931709,0.118556410527335,17,0.525294117647059,108.6,6.38823529411765,17,FALSE,1,-5.244402479179989,64.19506391873436,0.4758346739648673,4,FALSE,20.501499721059933,0
00-0032393,C.J. Prosise,RB,2019,8,28.8,3.6,25.284052019165,NA,3,3,3,22,5,1,0.0909090909090909,0.0173010380622837,4,0.1175,4.9,2.45,2,FALSE,0,-13.3775139572444,61.1764705882353,0.477987421383648,1,FALSE,91.39560576824717,0
00-0032393,C.J. Prosise,RB,2020,5,12.7,2.54,26.2861054072553,90,4,12,10,76,51,23,0.0934892598343685,0.0453841239219532,8,0.21,28.8,3.6,8,TRUE,0,1.45406736998584,63.61111111111109,0.58,1,FALSE,93.3197777467908,0.0934892598343685
00-0032394,Nick Vannett,TE,2019,14,33.6,2.4,26.4887063655031,94,3,45,30,274,281,0,0.144401554858264,0.114121577244781,16,0.536875,73.9,4.92666666666667,15,TRUE,0,9.22088145774646,65.0625,0.675862068965517,1,FALSE,96.309286703009,0.144401554858264
00-0032394,Nick Vannett,TE,2020,11,29.5,2.68181818181818,27.4907597535934,94,4,17,13,128,94,0,0.0878934144997428,0.0716761667528989,13,0.485384615384615,33.6,2.4,14,TRUE,1,-0.5896550513259056,63.38685406454249,0.5430471721587525,0,TRUE,82.4617658561213,0.0878934144997428
00-0032394,Nick Vannett,TE,2021,7,28.3,4.04285714285714,28.4900752908966,94,5,21,14,95,93,0,0.0811512080465715,0.0350743645902818,15,0.362666666666667,29.5,2.68181818181818,11,TRUE,0,-0.17176604021972183,62.57684815504885,0.5315089522252244,3,FALSE,79.89857189040993,0.0811512080465715
00-0032394,Nick Vannett,TE,2022,5,11.5,2.3,29.4893908281999,94,6,15,9,133,83,0,0.153803699776128,0.115891475506008,7,0.517142857142857,28.3,4.04285714285714,7,TRUE,1,-2.8481260497613583,62.11011351909185,0.5416291982158619,0,TRUE,63.568368273025115,0.153803699776128
00-0032394,Nick Vannett,TE,2023,1,1.3,1.3,30.4887063655031,94,7,7,4,42,21,0,0.0827694235588972,0.0502497432976909,8,0.295,11.5,2.3,5,TRUE,0,4.361920524449067,66.15048913733956,0.6067168199037676,2,FALSE,36.46942571926204,0.0827694235588972
00-0032394,Nick Vannett,TE,2024,12,48.5,4.04166666666667,31.4907597535934,94,8,1,1,3,3,0,0.0222222222222222,0.00974025974025974,8,0.22625,1.3,1.3,1,TRUE,1,-2.3927249464459472,61.20751703093519,0.5382602054028329,0,TRUE,20.501499721059933,0.0222222222222222
00-0032398,Chris Moore,WR,2019,7,5.1,0.728571428571429,26.2094455852156,107,3,26,19,196,303,5,0.0605849658113577,0.0732308858837279,17,0.382352941176471,46.3,3.08666666666667,15,FALSE,1,-0.6847276610291635,62.57480327657379,0.5714298756030322,0,TRUE,91.5505700173843,0
00-0032398,Chris Moore,WR,2020,2,0,0,27.211498973306,107,4,6,3,21,82,1,0.0682526304029232,0.0917652465825921,11,0.209090909090909,5.1,0.728571428571429,7,FALSE,0,-9.28535716243663,66.3529411764706,0.451086956521739,1,FALSE,75.0135249983918,0
00-0032398,Chris Moore,WR,2021,10,55.7,5.57,28.2108145106092,107,5,0,0,0,0,0,0,0,2,0.095,0,0,2,TRUE,0,4.252459109954118,61.09923889156884,0.6506994693680657,2,FALSE,54.07189796423326,0
00-0032398,Chris Moore,WR,2022,15,115.1,7.67333333333333,29.2101300479124,107,6,22,21,227,90,0,0.118775342009038,0.0592541112560119,11,0.348181818181818,55.7,5.57,10,FALSE,1,-2.8481260497613583,62.11011351909185,0.5416291982158619,0,TRUE,37.932505764701475,0
00-0032398,Chris Moore,WR,2023,15,68.3,4.55333333333333,30.2094455852156,107,7,74,48,548,639,3,0.204975580142941,0.207913567568766,16,0.670625,115.1,7.67333333333333,15,TRUE,1,1.4135100279389323,60.4334680031692,0.6209852322499279,3,FALSE,22.163851430919827,0.204975580142941
00-0032404,Tyler Ervin,RB,2019,7,4.1,0.585714285714286,25.9000684462697,119,3,3,3,35,23,0,0.040359477124183,0.0352407017721419,5,0.24,6.5,0.722222222222222,9,TRUE,1,-3.73727848646601,62.4375,0.592592592592593,1,FALSE,93.3197777467908,0.040359477124183
00-0032404,Tyler Ervin,RB,2020,8,26.1,3.2625,26.90212183436,119,4,5,3,18,54,3,0.0440018966334756,0.0430713421011455,4,0.14,4.1,0.585714285714286,7,FALSE,0,-0.2545699109913614,62.031798245614056,0.6079622132253715,2,FALSE,70.13043117440901,0
00-0032423,Trevor Davis,WR,2019,14,28.4,2.02857142857143,26.1601642710472,163,3,0,0,0,0,0,0,0,NA,NA,0,0,2,FALSE,1,-3.73727848646601,62.4375,0.592592592592593,1,FALSE,91.5505700173843,0
00-0032426,Alex Collins,RB,2021,11,68.8,6.25454545454545,27.0171115674196,171,5,2,1,4,11,18,0.0571428571428571,0.0299727520435967,3,0.263333333333333,21.1,7.03333333333333,3,FALSE,1,-1.3326053848525747,62.44109108555703,0.5569567092023618,0,TRUE,70.13043117440901,0
00-0032434,Brandon Allen,QB,2020,5,53.7,10.74,27.9890485968515,201,4,0,0,0,0,10,0,0,3,1,34.5,11.5,3,TRUE,0,0.747418243329004,64.625,0.617021276595745,1,FALSE,89.57744281082132,0
00-0032434,Brandon Allen,QB,2021,5,13.86,2.772,28.9883641341547,201,5,1,0,0,8,13,0.037037037037037,0.0493827160493827,5,0.95,53.7,10.74,5,FALSE,0,2.510348320281197,64.50024224806202,0.5993945381770283,2,FALSE,82.32277997365468,0
00-0032434,Brandon Allen,QB,2022,1,0.78,0.78,29.9876796714579,201,6,0,0,0,0,7,0,0,6,0.258333333333333,13.86,2.772,5,FALSE,0,2.677685954614587,63.142209216222355,0.5919254926756715,3,FALSE,76.91939486134842,0
00-0032434,Brandon Allen,QB,2025,1,1.88,1.88,32.9883641341547,201,9,0,0,0,0,3,0,0,3,0.36,8.36,2.78666666666667,3,TRUE,0,-6.68407505908549,60.3529411764706,0.532786885245902,1,FALSE,45.25257802848533,0
00-0032436,Jeff Driskel,QB,2019,3,62.1,20.7,26.3572895277207,NA,3,0,0,0,0,25,0,0,9,0.658888888888889,87.12,10.89,8,TRUE,1,-0.6847276610291635,62.57480327657379,0.5714298756030322,0,TRUE,94.39609488384028,0
00-0032436,Jeff Driskel,QB,2020,3,32.08,10.6933333333333,27.3593429158111,207,4,1,1,6,-3,22,0.0232558139534884,-0.00977198697068404,3,1,62.1,20.7,3,TRUE,1,-0.5896550513259056,63.38685406454249,0.5430471721587525,0,TRUE,100.1093045339178,0.0232558139534884
00-0032436,Jeff Driskel,QB,2023,1,15.94,15.94,30.3572895277207,207,7,1,1,4,-3,20,0.0344827586206897,-0.0101351351351351,7,0.207142857142857,17.22,2.46,7,TRUE,0,-4.569155185908812,62.7422569763876,0.4895010347471576,3,FALSE,76.91939486134842,0.0344827586206897
00-0032450,Dwayne Washington,RB,2019,6,7.6,1.26666666666667,25.3552361396304,236,3,0,0,0,0,27,0,0,4,0.19,15.4,2.2,7,FALSE,0,0.550929796968577,62,0.521551724137931,1,FALSE,91.39560576824717,0
00-0032450,Dwayne Washington,RB,2020,6,1.5,0.25,26.3572895277207,236,4,1,1,6,-5,8,0.0277777777777778,-0.0174825174825175,4,0.0625,7.6,1.26666666666667,6,FALSE,0,1.8447942208887929,61.60275019098548,0.5593931930138827,2,FALSE,93.3197777467908,0
00-0032450,Dwayne Washington,RB,2021,8,4.8,0.6,27.356605065024,236,5,0,0,0,0,9,0,0,3,0.0633333333333333,1.5,0.25,6,FALSE,0,-0.17176604021972183,62.57684815504885,0.5315089522252244,3,FALSE,70.13043117440901,0
00-0032450,Dwayne Washington,RB,2022,7,5.5,0.785714285714286,28.3559206023272,236,6,2,2,12,2,4,0.0331196581196581,0.00518134715025907,4,0.0575,4.8,0.6,8,FALSE,0,-1.0017622280411616,62.17367515588611,0.5342540590250734,4,FALSE,50.58687746508861,0
00-0032450,Dwayne Washington,RB,2023,3,0,0,29.3552361396304,236,7,1,1,7,1,11,0.0357142857142857,0.004739336492891,10,0.069,5.5,0.785714285714286,7,TRUE,1,4.361920524449067,66.15048913733956,0.6067168199037676,2,FALSE,25.648912801362936,0.0357142857142857
00-0032464,Kalif Raymond,WR,2020,15,27.4,1.82666666666667,26.0670773442847,NA,4,13,10,215,264,1,0.0683264096267192,0.127139656929848,10,0.174,29.5,3.6875,8,FALSE,0,-6.43469719202592,57.4210526315789,0.513698630136986,1,FALSE,91.5505700173843,0
00-0032464,Kalif Raymond,WR,2021,16,132.4,8.275,27.066392881588,NA,5,16,9,187,286,1,0.0695156797484521,0.156425301415725,16,0.234375,27.4,1.82666666666667,15,TRUE,1,-1.3326053848525747,62.44109108555703,0.5569567092023618,0,TRUE,75.0135249983918,0.0695156797484521
00-0032464,Kalif Raymond,WR,2022,17,110.2,6.48235294117647,28.0657084188912,NA,6,71,48,576,725,4,0.186341390710416,0.318529675108819,16,0.716875,132.4,8.275,16,FALSE,1,-2.8481260497613583,62.11011351909185,0.5416291982158619,0,TRUE,54.07189796423326,0
00-0032464,Kalif Raymond,WR,2023,17,97.4,5.72941176470588,29.0650239561944,NA,7,64,47,616,638,7,0.165502018351999,0.21058484878729,17,0.499411764705882,110.2,6.48235294117647,17,FALSE,0,-3.7693556183232695,63.294117647058805,0.507853403141361,1,FALSE,37.932505764701475,0
00-0032464,Kalif Raymond,WR,2024,12,50.5,4.20833333333333,30.0670773442847,NA,8,44,35,489,388,7,0.104188007953229,0.130806671496317,17,0.295294117647059,97.4,5.72941176470588,17,FALSE,0,-3.7816319045922993,64.31060134015775,0.4870263163546411,2,FALSE,22.163851430919827,0
00-0032464,Kalif Raymond,WR,2025,15,60.8,4.05333333333333,31.066392881588,NA,9,25,20,252,189,2,0.120857137843701,0.129140424850921,13,0.282307692307692,50.5,4.20833333333333,12,FALSE,1,-2.3156060854344385,60.48222947073567,0.5428931050762806,0,TRUE,5.8228665329595835,0
00-0032540,Tra Carson,RB,2019,3,10.6,3.53333333333333,26.8528405201916,NA,3,0,0,0,0,0,0,0,2,0.04,0,0,2,TRUE,1,-0.6847276610291635,62.57480327657379,0.5714298756030322,0,TRUE,70.13043117440901,0
00-0032543,Alex Erickson,WR,2019,16,96.24,6.015,26.8172484599589,NA,3,29,20,167,265,3,0.132101661757132,0.119431045916961,15,0.404,36.9,2.30625,16,FALSE,1,-0.6847276610291635,62.57480327657379,0.5714298756030322,0,TRUE,75.0135249983918,0
00-0032543,Alex Erickson,WR,2020,16,22.6,1.4125,27.8193018480493,NA,4,78,43,529,685,5,0.196101815370023,0.1894707327364,16,0.559375,96.24,6.015,16,FALSE,0,0.747418243329004,64.625,0.617021276595745,1,FALSE,54.07189796423326,0
00-0032543,Alex Erickson,WR,2021,17,8.5,0.5,28.8186173853525,NA,5,17,12,139,122,5,0.112404726336615,0.0944238899440675,14,0.235,22.6,1.4125,16,TRUE,0,1.97446778834423,61.25,0.5,1,FALSE,37.932505764701475,0.112404726336615
00-0032543,Alex Erickson,WR,2022,2,0,0,29.8179329226557,NA,6,4,3,55,33,0,0.0278644836034183,0.0250179479957268,14,0.0592857142857143,8.5,0.5,17,TRUE,0,-0.4798819167791796,63.64768431644504,0.5435222878010671,2,FALSE,22.163851430919827,0.0278644836034183
00-0032543,Alex Erickson,WR,2023,8,45.2,5.65,30.8172484599589,NA,7,0,0,0,0,0,0,0,NA,NA,0,0,2,TRUE,0,4.361920524449067,66.15048913733956,0.6067168199037676,2,FALSE,5.8228665329595835,0
00-0032543,Alex Erickson,WR,2024,3,0,0,31.8193018480493,NA,8,29,16,232,295,0,0.138258870525752,0.169471626456816,8,0.6,45.2,5.65,8,TRUE,1,-3.947551699890613,64.46824339329336,0.49696331073012767,4,FALSE,0,0.138258870525752
00-0032577,D.J. Foster,RB,2020,6,1.9,0.316666666666667,26.776180698152,NA,4,0,0,0,0,0,0,0,NA,NA,0,0,2,FALSE,0,1.6930076676102641,64.19371647976597,0.5939548506101404,2,FALSE,70.13043117440901,0
00-0032599,Josh Perkins,TE,2019,3,23.7,7.9,26.072553045859,NA,3,11,5,67,118,0,0.111974837506752,0.152024427681363,NA,NA,11.7,1.95,6,FALSE,0,2.01562726562108,62.83333333333329,0.53072625698324,1,FALSE,96.309286703009,0
00-0032602,J.D. McKissic,RB,2019,15,83.8,5.5866666666666696,26.045174537987702,NA,3,4,2,13,13,3,0.0980392156862745,0.0319940476190476,NA,NA,0.8,0.266666666666667,3,TRUE,1,-0.6847276610291635,62.57480327657379,0.5714298756030322,0,TRUE,93.3197777467908,0.0980392156862745
00-0032602,J.D. McKissic,RB,2020,16,191.4,11.9625,27.047227926078,NA,4,42,34,233,4,38,0.103385674620428,-0.00150070905297527,16,0.231875,83.8,5.5866666666666696,15,TRUE,1,-0.5896550513259056,63.38685406454249,0.5430471721587525,0,TRUE,70.13043117440901,0.103385674620428
00-0032602,J.D. McKissic,RB,2021,11,127.9,11.6272727272727,28.0465434633812,NA,5,113,82,597,181,87,0.22619224185145,0.0402356120788717,16,0.589375,191.4,11.9625,16,FALSE,0,1.26828816587635,65,0.551948051948052,1,FALSE,50.58687746508861,0
00-0032602,J.D. McKissic,RB,2022,8,55.8,6.975,29.0458590006845,NA,6,53,43,397,31,48,0.168147067100804,0.00510213162287624,11,0.455454545454545,127.9,11.6272727272727,11,FALSE,0,-0.4798819167791796,63.64768431644504,0.5435222878010671,2,FALSE,25.648912801362936,0
00-0032626,Geronimo Allison,WR,2019,15,75.4,5.02666666666667,25.6180698151951,NA,3,30,20,303,388,0,0.202323848238482,0.278619708444816,5,0.712,62.3,12.46,5,FALSE,1,-3.73727848646601,62.4375,0.592592592592593,1,FALSE,91.5505700173843,0
00-0032661,Ben Braunecker,TE,2019,5,17.9,3.58,25.5633127994524,NA,3,7,5,57,74,0,0.0367205334614922,0.0375917099624731,15,0.142666666666667,7.2,0.72,10,FALSE,0,0.371345973023808,62.176470588235304,0.585714285714286,1,FALSE,96.309286703009,0
00-0032688,Robbie Chosen,WR,2019,16,162.3,10.14375,26.3134839151266,NA,3,94,50,752,1495,2,0.244160198559143,0.383865781647445,14,0.762857142857143,156.4,11.1714285714286,14,FALSE,1,-2.25445855388325,54.0625,0.6052631578947371,1,FALSE,91.5505700173843,0
00-0032688,Robbie Chosen,WR,2020,16,224.1,14.00625,27.315537303217,NA,4,96,52,779,1444,1,0.2128859588083,0.36472331294338,16,0.913125,162.3,10.14375,16,TRUE,1,-0.5896550513259056,63.38685406454249,0.5430471721587525,0,TRUE,75.0135249983918,0.2128859588083
00-0032688,Robbie Chosen,WR,2021,17,138.5,8.14705882352941,28.3148528405202,NA,5,136,95,1096,1318,4,0.272020731155139,0.343053920225856,16,0.781875,224.1,14.00625,16,FALSE,0,1.97446778834423,61.25,0.5,1,FALSE,54.07189796423326,0
00-0032688,Robbie Chosen,WR,2022,12,52.2,4.35,29.3141683778234,NA,6,110,53,519,1156,3,0.225556180541081,0.283309490151629,17,0.856470588235294,138.5,8.14705882352941,17,TRUE,0,2.1048884742145724,64.66575143138203,0.5689299557692652,6,FALSE,37.932505764701475,0.225556180541081
00-0032688,Robbie Chosen,WR,2023,6,22.6,3.76666666666667,30.3134839151266,NA,7,17,7,76,300,0,0.081217123321242,0.164723983255566,10,0.308,52.2,4.35,12,TRUE,0,0.050788902645481,59,0.598484848484849,1,FALSE,22.163851430919827,0.081217123321242
00-0032688,Robbie Chosen,WR,2024,1,1.5,1.5,31.315537303217,NA,8,6,4,126,141,0,0.0386321195144725,0.120867678692112,9,0.228888888888889,22.6,3.76666666666667,6,FALSE,0,1.6387244690867036,59.873498324310376,0.5398887365534697,2,FALSE,5.8228665329595835,0
00-0032688,Robbie Chosen,WR,2025,3,10.3,3.43333333333333,32.3148528405202,NA,9,4,1,5,47,0,0.108108108108108,0.15210355987055,2,0.195,1.5,1.5,1,TRUE,0,1.05845290147838,65,0.4615384615384619,1,FALSE,0,0.108108108108108
00-0032725,Stephen Anderson,TE,2021,14,38.5,2.75,28.5859000684463,NA,5,11,8,106,44,0,0.133439287984743,0.077710869377536,15,0.132666666666667,18.6,2.65714285714286,7,FALSE,1,-1.3326053848525747,62.44109108555703,0.5569567092023618,0,TRUE,63.568368273025115,0
00-0032725,Stephen Anderson,TE,2022,9,3.9,0.433333333333333,29.5852156057495,NA,6,19,16,165,67,0,0.0565435901813257,0.017620991703485,17,0.286470588235294,38.5,2.75,14,TRUE,0,2.1048884742145724,64.66575143138203,0.5689299557692652,6,FALSE,36.46942571926204,0.0565435901813257
00-0032725,Stephen Anderson,TE,2023,1,0,0,30.5845311430527,NA,7,7,3,9,36,0,0.0380652312819264,0.0234207551384643,15,0.124666666666667,3.9,0.433333333333333,9,TRUE,0,4.361920524449067,66.15048913733956,0.6067168199037676,2,FALSE,20.501499721059933,0.0380652312819264
00-0032741,Peyton Barber,RB,2019,16,116.5,7.28125,25.5085557837098,NA,3,29,20,92,40,234,0.0608229829483315,0.0076037004859715,16,0.560625,150.3,9.39375,16,FALSE,1,-0.6847276610291635,62.57480327657379,0.5714298756030322,0,TRUE,93.3197777467908,0
00-0032741,Peyton Barber,RB,2020,14,55,3.92857142857143,26.5106091718001,NA,4,24,16,115,30,154,0.0803194596133704,0.00962684178019097,16,0.3025,116.5,7.28125,16,TRUE,1,-0.5896550513259056,63.38685406454249,0.5430471721587525,0,TRUE,70.13043117440901,0.0803194596133704
00-0032741,Peyton Barber,RB,2021,9,49.9,5.54444444444445,27.5099247091034,NA,5,7,4,12,1,94,0.0565958277246501,-0.0128867593972976,16,0.176875,55,3.92857142857143,14,TRUE,0,-0.5850600027418753,62.090991104397446,0.5329616513244375,3,FALSE,50.58687746508861,0.0565958277246501
00-0032764,Derrick Henry,RB,2019,15,294.6,19.64,25.6563997262149,45,3,18,15,99,-13,215,0.066345952246445,-0.00642077842314732,16,0.408125,201.36,12.585,16,FALSE,1,-0.6847276610291635,62.57480327657379,0.5714298756030322,0,TRUE,93.3197777467908,0
00-0032764,Derrick Henry,RB,2020,16,333.1,20.81875,26.6584531143053,45,4,29,23,227,-63,386,0.0853064369054336,-0.021436275588571502,18,0.66,294.6,19.64,15,FALSE,0,-6.43469719202592,57.4210526315789,0.513698630136986,1,FALSE,70.13043117440901,0
00-0032764,Derrick Henry,RB,2021,8,193.3,24.1625,27.6577686516085,45,5,34,22,125,-26,396,0.0986968819765298,-0.0145299142110755,17,0.664705882352941,333.1,20.81875,16,FALSE,1,-1.3326053848525747,62.44109108555703,0.5569567092023618,0,TRUE,50.58687746508861,0
00-0032764,Derrick Henry,RB,2022,16,302.76,18.9225,28.6570841889117,45,6,20,18,154,-3,239,0.115172800744229,-0.00110985929299104,9,0.703333333333333,193.3,24.1625,8,FALSE,0,-8.58597987701735,64.9444444444444,0.55,1,FALSE,25.648912801362936,0
00-0032764,Derrick Henry,RB,2023,17,246.66,14.5094117647059,29.6563997262149,45,7,41,33,398,-7,349,0.14364470982563,0.00317961213967699,16,0.665,302.76,18.9225,16,FALSE,1,1.4135100279389323,60.4334680031692,0.6209852322499279,3,FALSE,7.711988601272322,0
00-0032764,Derrick Henry,RB,2024,17,336.4,19.7882352941176,30.6584531143053,45,8,36,28,214,-100,280,0.106310265199154,-0.0321134508407189,17,0.536470588235294,246.66,14.5094117647059,17,TRUE,0,2.996667788796563,62.6891488564084,0.5677081034738317,3,FALSE,0,0.106310265199154
00-0032764,Derrick Henry,RB,2025,17,279.5,16.4411764705882,31.6577686516085,45,9,24,19,193,-9,367,0.0843517887851749,-1.939450541207e-4,19,0.576842105263158,336.4,19.7882352941176,17,FALSE,0,0.4558089730608386,62.2806738134938,0.5473334568380964,4,FALSE,0,0
00-0032765,Michael Thomas,WR,2019,16,374.6,23.4125,26.4969199178645,47,3,170,141,1612,1360,0,0.323299832568573,0.357920367346327,18,0.888333333333333,315.5,19.71875,16,FALSE,0,0.550929796968577,62,0.521551724137931,1,FALSE,91.5505700173843,0
00-0032765,Michael Thomas,WR,2020,7,83.9,11.9857142857143,27.4989733059548,47,4,193,156,1795,1567,1,0.335376853780939,0.409611652407024,17,0.887058823529412,374.6,23.4125,16,FALSE,0,1.8447942208887929,61.60275019098548,0.5593931930138827,2,FALSE,75.0135249983918,0
00-0032765,Michael Thomas,WR,2023,10,89.8,8.98,30.4969199178645,47,7,22,16,171,237,0,0.212092074592075,0.21134750421299,3,0.683333333333333,51.1,17.0333333333333,3,FALSE,0,-2.7801235815858245,61.55797462571899,0.5385562169808286,5,FALSE,22.163851430919827,0
00-0032775,Demarcus Robinson,WR,2019,15,100.9,6.72666666666667,24.9445585215606,126,3,34,23,315,413,0,0.0867972416065303,0.110654090161984,18,0.363333333333333,74.8,5.34285714285714,14,FALSE,0,8.36410846493461,61.5555555555556,0.637755102040816,1,FALSE,99.63768087860034,0
00-0032775,Demarcus Robinson,WR,2020,15,107.6,7.17333333333333,25.9466119096509,126,4,61,35,484,754,0,0.127511682571139,0.162019091518115,19,0.657368421052632,100.9,6.72666666666667,15,FALSE,0,9.086456124702195,60.951722617704675,0.606813047579598,2,FALSE,91.5505700173843,0
00-0032775,Demarcus Robinson,WR,2021,14,69.4,4.95714285714286,26.9459274469541,126,5,64,47,491,600,0,0.134778671418979,0.181139177564146,18,0.651666666666667,107.6,7.17333333333333,15,FALSE,0,9.2487708965395,62.24912817981407,0.6206834181363526,3,FALSE,75.0135249983918,0
00-0032775,Demarcus Robinson,WR,2022,16,103.8,6.4875,27.9452429842574,126,6,50,29,340,495,0,0.0943421189739827,0.136174209363438,20,0.5855,69.4,4.95714285714286,14,TRUE,0,-7.907648010302149,65.67061259167201,0.49385102749788146,3,FALSE,54.07189796423326,0.0943421189739827
00-0032775,Demarcus Robinson,WR,2023,8,87.4,10.925,28.9445585215606,126,7,78,50,507,714,0,0.199940603245201,0.246232047247623,18,0.569444444444444,103.8,6.4875,16,TRUE,0,-3.35668263581916,58.0588235294118,0.595419847328244,1,FALSE,37.932505764701475,0.199940603245201
00-0032775,Demarcus Robinson,WR,2024,17,123.5,7.26470588235294,29.9466119096509,126,8,45,29,415,604,1,0.200214378029643,0.347649123139989,14,0.470714285714286,87.4,10.925,8,FALSE,0,-1.5340879553944275,60.88578223955308,0.5544179392950374,2,FALSE,22.163851430919827,0
00-0032775,Demarcus Robinson,WR,2025,14,58.2,4.15714285714286,30.9459274469541,126,9,73,35,602,1145,0,0.137382156918238,0.264913908616561,19,0.816315789473684,123.5,7.26470588235294,17,TRUE,0,-2.673629810734993,60.52350065055126,0.4813981445744344,4,FALSE,5.8228665329595835,0.137382156918238
00-0032778,Tajae Sharpe,WR,2019,13,81.9,6.3,24.6899383983573,140,3,47,26,316,503,1,0.172126341893738,0.268815324835294,16,0.588125,71.2,4.74666666666667,15,FALSE,1,-0.6847276610291635,62.57480327657379,0.5714298756030322,0,TRUE,99.63768087860034,0
00-0032778,Tajae Sharpe,WR,2020,3,0,0,25.6919917864476,140,4,41,26,335,580,0,0.122687966974021,0.165777852795151,18,0.437777777777778,81.9,6.3,13,TRUE,1,-0.5896550513259056,63.38685406454249,0.5430471721587525,0,TRUE,91.5505700173843,0.122687966974021
00-0032778,Tajae Sharpe,WR,2021,14,48,3.42857142857143,26.6913073237509,140,5,3,0,0,112,0,0.030609080841639,0.134623167365489,4,0.115,0,0,3,TRUE,1,-1.3326053848525747,62.44109108555703,0.5569567092023618,0,TRUE,75.0135249983918,0.030609080841639
00-0032780,Jordan Howard,RB,2019,9,111.4,12.3777777777778,24.829568788501,150,3,28,20,145,21,260,0.0795178675796164,0.00691455849921583,17,0.566470588235294,180,11.25,16,TRUE,0,2.01562726562108,62.83333333333329,0.53072625698324,1,FALSE,91.39560576824717,0.0795178675796164
00-0032780,Jordan Howard,RB,2020,7,30.7,4.38571428571429,25.8316221765914,150,4,14,10,69,1,119,0.0874802777994267,-0.00588084650572957,10,0.4,111.4,12.3777777777778,9,TRUE,1,-0.5896550513259056,63.38685406454249,0.5430471721587525,0,TRUE,93.3197777467908,0.0874802777994267
00-0032780,Jordan Howard,RB,2021,7,62.5,8.92857142857143,26.8309377138946,150,5,1,1,-3,-4,28,0.0222222222222222,-0.0117302052785924,5,0.156,30.7,4.38571428571429,7,TRUE,1,-1.556697294251077,65.79897521448999,0.5741231667858766,2,FALSE,70.13043117440901,0.0222222222222222
00-0032780,Jordan Howard,RB,2022,1,0.1,0.1,27.8302532511978,150,6,6,3,26,5,86,0.10578073089701,0.00192958704948428,8,0.3225,62.5,8.92857142857143,7,TRUE,0,-1.0017622280411616,62.17367515588611,0.5342540590250734,4,FALSE,50.58687746508861,0.10578073089701
00-0032782,Wendell Smallwood,RB,2019,12,23.5,1.95833333333333,25.6125941136208,153,3,39,31,256,-1,105,0.0925354611882213,0.00263234310878688,18,0.308333333333333,117.4,7.82666666666667,15,TRUE,0,-3.66217017397005,59.75,0.556603773584906,1,FALSE,93.3197777467908,0.0925354611882213
00-0032791,Jakeem Grant,WR,2019,9,39.9,4.43333333333333,26.8364134154689,NA,3,34,21,268,275,1,0.167449365780568,0.150336669463418,10,0.467,60.3,6.03,10,FALSE,1,-0.6847276610291635,62.57480327657379,0.5714298756030322,0,TRUE,75.0135249983918,0
00-0032791,Jakeem Grant,WR,2020,14,81.3,5.80714285714286,27.8384668035592,186,4,33,19,164,406,4,0.130680119899982,0.155393213192969,10,0.353,39.9,4.43333333333333,9,FALSE,1,-0.5896550513259056,63.38685406454249,0.5430471721587525,0,TRUE,54.07189796423326,0
00-0032791,Jakeem Grant,WR,2021,15,33.5,2.23333333333333,28.8377823408624,186,5,54,36,373,567,3,0.141158939891649,0.180254776923835,14,0.41,81.3,5.80714285714286,14,TRUE,0,-0.43053437265560734,61.001407270225165,0.6069410342534227,2,FALSE,37.932505764701475,0.141158939891649
00-0032794,Danny Vitale,RB,2019,13,17,1.30769230769231,25.8480492813142,197,3,2,1,2,3,0,0.0377358490566038,0.00783289817232376,NA,NA,1.2,0.6,2,FALSE,1,-3.73727848646601,62.4375,0.592592592592593,1,FALSE,93.3197777467908,0
00-0032795,Cody Core,WR,2019,7,5.8,0.828571428571429,25.3744010951403,199,3,28,13,160,367,0,0.106036992058177,0.171522734939319,14,0.365,37,3.7,10,TRUE,0,-0.11700487545225,61.125,0.565217391304348,1,FALSE,99.63768087860034,0.106036992058177
00-0032881,Tommylee Lewis,WR,2021,2,1.7,0.85,28.8542094455852,NA,5,3,1,5,38,2,0.0272401004108321,0.0450954592363261,5,0.072,2.9,0.58,5,TRUE,1,-1.3326053848525747,62.44109108555703,0.5569567092023618,0,TRUE,37.932505764701475,0.0272401004108321
00-0032935,Johnny Holton,WR,2019,12,6,0.5,28.0273785078713,NA,3,1,0,0,45,0,0.0303030303030303,0.147540983606557,NA,NA,0,0,1,TRUE,0,9.22088145774646,65.0625,0.675862068965517,1,FALSE,54.07189796423326,0.0303030303030303
00-0032940,DeAndre Washington,RB,2019,16,121.9,7.61875,26.5215605749487,143,3,1,1,9,2,30,0.0303030303030303,0.00655737704918033,NA,NA,11.4,1.425,8,FALSE,0,1.12660532424442,61,0.5,1,FALSE,70.13043117440901,0
00-0032940,DeAndre Washington,RB,2020,4,17.1,4.275,27.523613963039,143,4,41,36,292,54,108,0.138575669558836,0.0262795030507138,NA,NA,121.9,7.61875,16,TRUE,1,-0.5896550513259056,63.38685406454249,0.5430471721587525,0,TRUE,50.58687746508861,0.138575669558836
00-0032950,Carson Wentz,QB,2019,16,282.86,17.67875,26.6694045174538,2,3,1,1,4,-5,34,0.0333333333333333,-0.0206611570247934,11,1,200.66,18.2418181818182,11,FALSE,0,2.01562726562108,62.83333333333329,0.53072625698324,1,FALSE,100.1093045339178,0
00-0032950,Carson Wentz,QB,2020,12,213.4,17.7833333333333,27.6714579055441,2,4,0,0,0,0,62,0,0,17,0.936470588235294,282.86,17.67875,16,FALSE,1,-0.5896550513259056,63.38685406454249,0.5430471721587525,0,TRUE,89.57744281082132,0
00-0032950,Carson Wentz,QB,2021,17,265.02,15.5894117647059,28.6707734428474,2,5,0,0,0,0,52,0,0,12,0.964166666666667,213.4,17.7833333333333,12,TRUE,1,-1.3326053848525747,62.44109108555703,0.5569567092023618,0,TRUE,82.32277997365468,0
00-0032950,Carson Wentz,QB,2022,8,121.8,15.225,29.6700889801506,2,6,0,0,0,0,57,0,0,17,0.981764705882353,265.02,15.5894117647059,17,TRUE,0,-0.4798819167791796,63.64768431644504,0.5435222878010671,2,FALSE,76.91939486134842,0
00-0032950,Carson Wentz,QB,2023,1,27.12,27.12,30.6694045174538,2,7,0,0,0,0,22,0,0,8,0.9075,121.8,15.225,8,TRUE,0,-3.35668263581916,58.0588235294118,0.595419847328244,1,FALSE,67.23057283030921,0
00-0032950,Carson Wentz,QB,2024,2,4.72,2.36,31.6714579055441,2,8,0,0,0,0,17,0,0,2,0.52,27.12,27.12,1,TRUE,0,5.007275832550871,62.904761904761905,0.626126126126126,1,FALSE,56.715950770053986,0
00-0032950,Carson Wentz,QB,2025,5,75.34,15.068,32.6707734428474,2,9,0,0,0,0,3,0,0,3,0.323333333333333,4.72,2.36,2,TRUE,0,2.6816146451914005,62.79394275248685,0.6485657275221384,3,FALSE,45.25257802848533,0
00-0032951,Laquon Treadwell,WR,2019,10,33.4,3.34,24.2162902121834,23,3,53,35,302,320,0,0.103541660343243,0.0924704066376412,15,0.549333333333333,71.2,4.74666666666667,15,FALSE,1,-0.6847276610291635,62.57480327657379,0.5714298756030322,0,TRUE,98.73749318926043,0
00-0032951,Laquon Treadwell,WR,2020,4,22.9,5.725,25.2183436002738,23,4,16,9,184,190,0,0.0810163500044618,0.145615154748647,14,0.205,33.4,3.34,10,TRUE,0,2.02935244854015,67.5625,0.645962732919255,1,FALSE,99.63768087860034,0.0810163500044618
00-0032951,Laquon Treadwell,WR,2021,12,82.4,6.86666666666667,26.217659137577,23,5,7,6,49,39,0,0.0556060838969734,0.0440876277097778,4,0.2175,22.9,5.725,4,TRUE,1,-3.074511719805549,62.108863865123304,0.5780123029612375,2,FALSE,91.5505700173843,0.0556060838969734
00-0032951,Laquon Treadwell,WR,2022,3,10.2,3.4,27.2169746748802,23,6,51,33,434,613,0,0.177507221968604,0.254782845503483,12,0.650833333333333,82.4,6.86666666666667,12,TRUE,0,-4.28740337043254,55.5882352941176,0.544715447154472,1,FALSE,75.0135249983918,0.177507221968604
00-0032951,Laquon Treadwell,WR,2023,3,2.6,0.866666666666667,28.2162902121834,23,7,10,6,42,52,0,0.14593578540947,0.127667858991739,7,0.284285714285714,10.2,3.4,3,TRUE,1,3.4864180115215095,62.878328770532605,0.6282900360853253,2,FALSE,54.07189796423326,0.14593578540947
00-0032972,Devontae Booker,RB,2019,9,12.6,1.4,27.2635181382615,136,3,51,38,275,77,34,0.117412535106685,0.0336402251743985,16,0.28875,87.8,5.4875,16,FALSE,1,-0.6847276610291635,62.57480327657379,0.5714298756030322,0,TRUE,70.13043117440901,0
00-0032972,Devontae Booker,RB,2020,15,85.7,5.71333333333333,28.2655715263518,136,4,9,6,57,36,2,0.0651453363871664,0.0340594846278215,8,0.05125,12.6,1.4,9,TRUE,0,-0.6006980829077988,61.12525562372189,0.537748270162759,2,FALSE,50.58687746508861,0.0651453363871664
00-0032972,Devontae Booker,RB,2021,16,144.1,9.00625,29.264887063655,136,5,21,17,84,7,93,0.0701106499426843,0.00272488116774815,16,0.219375,85.7,5.71333333333333,15,TRUE,0,-1.58459729902941,59.125,0.608,1,FALSE,25.648912801362936,0.0701106499426843
00-0032975,Jonathan Williams,RB,2019,5,40.4,8.08,25.5770020533881,156,3,1,1,1,1,3,0.0204081632653061,0.00366300366300366,3,0.0833333333333333,1.1,0.366666666666667,3,TRUE,0,3.8273808374224103,64.5,0.632978723404255,1,FALSE,93.3197777467908,0.0204081632653061
00-0032975,Jonathan Williams,RB,2020,2,4.6,2.3,26.5790554414784,156,4,5,5,59,-5,49,0.0899292149292149,-0.023229641583263,6,0.245,40.4,8.08,5,TRUE,0,-3.80589589800994,63.0625,0.604838709677419,1,FALSE,70.13043117440901,0.0899292149292149
00-0032975,Jonathan Williams,RB,2021,5,20.7,4.14,27.5783709787817,156,5,4,4,21,-2,1,0.0952380952380952,-0.00574712643678161,2,0.175,4.6,2.3,2,TRUE,0,1.26828816587635,65,0.551948051948052,1,FALSE,50.58687746508861,0.0952380952380952
00-0032975,Jonathan Williams,RB,2022,9,26.2,2.91111111111111,28.5776865160849,156,6,6,4,28,-14,17,0.0713903743315508,-0.0321155300075447,5,0.182,20.7,4.14,5,FALSE,0,-0.4798819167791796,63.64768431644504,0.5435222878010671,2,FALSE,25.648912801362936,0
00-0032975,Jonathan Williams,RB,2023,1,-0.2,-0.2,29.5770020533881,156,7,10,7,40,-1,37,0.137978524743231,-0.0024590790048014,8,0.1775,26.2,2.91111111111111,9,FALSE,1,9.995467900260666,63.23119450037804,0.6354203032875844,5,FALSE,7.711988601272322,0
00-0032977,Rashard Higgins,WR,2019,7,15.5,2.21428571428571,24.9007529089665,172,3,53,39,572,594,0,0.134846947892399,0.141540612167967,13,0.544615384615385,118.2,9.09230769230769,13,FALSE,1,6.20990521322913,65.25,0.674846625766871,1,FALSE,99.63768087860034,0
00-0032977,Rashard Higgins,WR,2020,12,120.9,10.075,25.9028062970568,172,4,11,4,55,116,0,0.0658655937364071,0.0793265409220355,7,0.352857142857143,15.5,2.21428571428571,7,FALSE,1,-0.5896550513259056,63.38685406454249,0.5430471721587525,0,TRUE,91.5505700173843,0
00-0032977,Rashard Higgins,WR,2021,12,57.5,4.79166666666667,26.90212183436,172,5,66,44,715,895,0,0.194089904045165,0.324742368611794,15,0.625333333333333,120.9,10.075,12,FALSE,0,-1.61018073558807,62.5,0.46808510638297895,1,FALSE,75.0135249983918,0
00-0032980,Marcus Johnson,WR,2019,8,56.7,7.0875,25.0732375085558,NA,3,8,6,102,110,1,0.0537029135077204,0.0903915610480132,5,0.246,22,5.5,4,FALSE,0,3.8273808374224103,64.5,0.632978723404255,1,FALSE,99.63768087860034,0
00-0032980,Marcus Johnson,WR,2020,9,39.5,4.38888888888889,26.0752908966461,NA,4,33,17,277,573,0,0.158348346984711,0.269613283119849,8,0.80375,56.7,7.0875,8,FALSE,0,-1.4780427979098418,63.517716535433074,0.599127942885572,2,FALSE,91.5505700173843,0
00-0032980,Marcus Johnson,WR,2021,7,24.8,3.54285714285714,27.0746064339493,NA,5,28,14,255,487,0,0.138306427368927,0.308522693693618,10,0.434,39.5,4.38888888888889,9,TRUE,1,-1.3326053848525747,62.44109108555703,0.5569567092023618,0,TRUE,75.0135249983918,0.138306427368927
00-0032980,Marcus Johnson,WR,2022,8,18.9,2.3625,28.0739219712526,NA,6,19,9,160,171,2,0.179037073893885,0.201554122888103,7,0.438571428571429,24.8,3.54285714285714,7,TRUE,1,-2.8481260497613583,62.11011351909185,0.5416291982158619,0,TRUE,54.07189796423326,0.179037073893885
00-0032986,J.P. Holtz,TE,2020,9,0,0,27.0116358658453,NA,4,8,7,91,16,0,0.0630327468230694,0.0312221599845609,14,0.350714285714286,16.1,2.0125,8,FALSE,1,0.935528214695384,58.0625,0.621848739495798,1,FALSE,82.4617658561213,0
00-0032986,J.P. Holtz,TE,2021,5,0,0,28.0109514031485,NA,5,1,0,0,6,0,0.0476190476190476,0.0359281437125748,17,0.0817647058823529,0,0,9,FALSE,0,-0.43053437265560734,61.001407270225165,0.6069410342534227,2,FALSE,79.89857189040993,0
00-0032986,J.P. Holtz,TE,2022,1,0,0,29.0102669404517,NA,6,0,0,0,0,0,0,0,12,0.0883333333333333,0,0,5,TRUE,0,-1.0017622280411616,62.17367515588611,0.5342540590250734,4,FALSE,63.568368273025115,0
00-0033006,Jaydon Mickens,WR,2019,1,0,0,25.3634496919918,NA,3,0,0,0,0,0,0,0,1,0.05,0,0,6,TRUE,1,-0.6847276610291635,62.57480327657379,0.5714298756030322,0,TRUE,99.63768087860034,0
00-0033006,Jaydon Mickens,WR,2020,10,12.8,1.28,26.3655030800821,NA,4,0,0,0,0,0,0,0,1,0.5,0,0,1,FALSE,0,1.6930076676102641,64.19371647976597,0.5939548506101404,2,FALSE,91.5505700173843,0
00-0033006,Jaydon Mickens,WR,2021,11,3,0.272727272727273,27.3648186173854,NA,5,10,7,58,73,0,0.169756097560976,0.150385906521677,11,0.108181818181818,12.8,1.28,10,TRUE,1,-3.074511719805549,62.108863865123304,0.5780123029612375,2,FALSE,75.0135249983918,0.169756097560976
00-0033009,Tyler Boyd,WR,2019,16,222.9,13.93125,24.7939767282683,55,3,108,76,1028,1008,2,0.242269105104471,0.276846423178584,14,0.867142857142857,221.1,15.7928571428571,14,FALSE,1,-0.6847276610291635,62.57480327657379,0.5714298756030322,0,TRUE,99.63768087860034,0
00-0033009,Tyler Boyd,WR,2020,15,192.64,12.8426666666667,25.7960301163587,55,4,148,90,1046,1377,4,0.271006582578821,0.293083440506491,16,0.89375,222.9,13.93125,16,FALSE,0,0.747418243329004,64.625,0.617021276595745,1,FALSE,91.5505700173843,0
00-0033009,Tyler Boyd,WR,2021,16,183.84,11.49,26.7953456536619,55,5,110,79,841,940,5,0.223165459437575,0.228901865773744,15,0.738,192.64,12.8426666666667,15,FALSE,0,2.510348320281197,64.50024224806202,0.5993945381770283,2,FALSE,75.0135249983918,0
00-0033009,Tyler Boyd,WR,2022,16,167.12,10.445,27.7946611909651,55,6,114,82,938,833,3,0.213406725379983,0.200846458662932,20,0.7855,183.84,11.49,16,FALSE,0,2.677685954614587,63.142209216222355,0.5919254926756715,3,FALSE,54.07189796423326,0
00-0033009,Tyler Boyd,WR,2023,17,145.8,8.5764705882353,28.7939767282683,55,7,89,64,851,854,0,0.148304015177954,0.1920975142744,19,0.708947368421053,167.12,10.445,16,FALSE,0,4.526730966061893,63.31439633983992,0.591176217626744,4,FALSE,37.932505764701475,0
00-0033009,Tyler Boyd,WR,2024,15,78.3,5.22,29.7960301163587,55,8,98,67,667,629,2,0.189356824497059,0.189030709365963,17,0.760588235294118,145.8,8.5764705882353,17,TRUE,1,-2.3927249464459472,61.20751703093519,0.5382602054028329,0,TRUE,22.163851430919827,0.189356824497059
00-0033025,Jalen Richard,RB,2019,16,82.8,5.175,25.8781656399726,NA,3,81,68,607,135,55,0.197386838953289,0.046588376585369,NA,NA,156.6,9.7875,16,FALSE,0,1.12660532424442,61,0.5,1,FALSE,93.3197777467908,0
00-0033025,Jalen Richard,RB,2020,13,51.1,3.93076923076923,26.880219028063,NA,4,43,36,323,91,39,0.11747722647342,0.0317332188688675,NA,NA,82.8,5.175,16,FALSE,0,-0.6006980829077988,61.12525562372189,0.537748270162759,2,FALSE,70.13043117440901,0
00-0033025,Jalen Richard,RB,2021,9,23.2,2.57777777777778,27.8795345653662,NA,5,23,19,138,49,22,0.0968870904719322,0.0222216744920184,13,0.213846153846154,51.1,3.93076923076923,13,FALSE,0,-0.5850600027418753,62.090991104397446,0.5329616513244375,3,FALSE,50.58687746508861,0
00-0033040,Tyreek Hill,WR,2019,12,188.3,15.6916666666667,25.5030800821355,165,3,153,96,1593,2319,23,0.264443153594068,0.414153812141986,18,0.863333333333333,328,20.5,16,FALSE,0,8.36410846493461,61.5555555555556,0.637755102040816,1,FALSE,91.5505700173843,0
00-0033040,Tyreek Hill,WR,2020,15,328.9,21.9266666666667,26.5051334702259,165,4,116,75,1073,1415,10,0.274691773381761,0.406412036498709,15,0.754,188.3,15.6916666666667,12,FALSE,0,9.086456124702195,60.951722617704675,0.606813047579598,2,FALSE,75.0135249983918,0
00-0033040,Tyreek Hill,WR,2021,17,296.5,17.4411764705882,27.5044490075291,165,5,166,111,1631,2047,17,0.267684318285882,0.377996193679836,17,0.858823529411765,328.9,21.9266666666667,15,FALSE,0,9.2487708965395,62.24912817981407,0.6206834181363526,3,FALSE,54.07189796423326,0
00-0033040,Tyreek Hill,WR,2022,17,341.2,20.0705882352941,28.5037645448323,165,6,187,134,1524,1884,10,0.289339381808942,0.387186549118313,20,0.753,296.5,17.4411764705882,17,TRUE,1,-2.8481260497613583,62.11011351909185,0.5416291982158619,0,TRUE,37.932505764701475,0.289339381808942
00-0033040,Tyreek Hill,WR,2023,16,376.4,23.525,29.5030800821355,165,7,185,126,1779,2263,9,0.331871850276296,0.397312714629774,18,0.766666666666667,341.2,20.0705882352941,17,FALSE,0,0.050788902645481,59,0.598484848484849,1,FALSE,22.163851430919827,0
00-0033040,Tyreek Hill,WR,2024,17,218.2,12.8352941176471,30.5051334702259,165,8,179,124,1861,1930,6,0.344701527038849,0.438423071670898,17,0.672352941176471,376.4,23.525,16,FALSE,0,1.6387244690867036,59.873498324310376,0.5398887365534697,2,FALSE,5.8228665329595835,0
00-0033040,Tyreek Hill,WR,2025,4,53.5,13.375,31.5044490075291,165,9,122,81,959,1369,8,0.24456318017906,0.430556861724719,17,0.798823529411765,218.2,12.8352941176471,17,FALSE,0,-0.5447121886359134,60.911465867603496,0.559447486838868,3,FALSE,0,0
00-0033045,Ezekiel Elliott,RB,2019,16,311.7,19.48125,24.1122518822724,4,3,105,83,618,47,350,0.20932326184212,0.00862521862524116,17,0.901176470588235,329.1,21.94,15,FALSE,1,-0.6847276610291635,62.57480327657379,0.5714298756030322,0,TRUE,99.37614309886182,0
00-0033045,Ezekiel Elliott,RB,2020,15,223.7,14.9133333333333,25.1143052703628,4,4,71,54,420,46,301,0.160563780801183,0.00753539624270918,16,0.836875,311.7,19.48125,16,FALSE,0,-2.36529952786075,66.125,0.493055555555556,1,FALSE,91.39560576824717,0
00-0033045,Ezekiel Elliott,RB,2021,17,252.06,14.8270588235294,26.113620807666,4,5,71,52,338,-17,244,0.138341106589851,-0.0105369083341616,15,0.721333333333333,223.7,14.9133333333333,15,FALSE,0,-2.0653857588530733,67.62566458622284,0.5389140927812085,2,FALSE,93.3197777467908,0
00-0033045,Ezekiel Elliott,RB,2022,15,185.8,12.3866666666667,27.1129363449692,4,6,69,48,287,14,249,0.124217729495119,0.00829029143675327,18,0.656111111111111,252.06,14.8270588235294,17,FALSE,0,-1.1087734579919446,67.32279387485555,0.5712511189221585,3,FALSE,70.13043117440901,0
00-0033045,Ezekiel Elliott,RB,2023,17,174.5,10.2647058823529,28.1122518822724,4,7,29,20,108,4,254,0.0787720986750887,1.1838695985252e-4,17,0.554705882352941,185.8,12.3866666666667,15,TRUE,1,-1.1508133315416142,62.217587857511425,0.5305483396322973,0,TRUE,50.58687746508861,0.0787720986750887
00-0033045,Ezekiel Elliott,RB,2024,15,57.5,3.83333333333333,29.1143052703628,4,8,65,51,313,-42,184,0.201693538698848,-0.0163704956829358,17,0.530588235294118,174.5,10.2647058823529,17,TRUE,0,-1.9438461941564844,63.33569615957746,0.566553637844823,4,FALSE,25.648912801362936,0.201693538698848
00-0033077,Dak Prescott,QB,2019,16,348.78,21.79875,26.0917180013689,135,3,1,0,0,11,83,0.032258064516129,0.0488888888888889,18,0.995555555555556,293.9,18.36875,16,FALSE,1,-0.6847276610291635,62.57480327657379,0.5714298756030322,0,TRUE,94.39609488384028,0
00-0033077,Dak Prescott,QB,2020,5,139.64,27.928,27.0937713894593,135,4,0,0,0,0,52,0,0,16,0.995,348.78,21.79875,16,FALSE,0,-2.36529952786075,66.125,0.493055555555556,1,FALSE,100.1093045339178,0
00-0033077,Dak Prescott,QB,2021,16,330.56,20.66,28.0930869267625,135,5,1,1,11,10,18,0.0303030303030303,0.0421940928270042,5,0.93,139.64,27.928,5,FALSE,0,-2.0653857588530733,67.62566458622284,0.5389140927812085,2,FALSE,89.57744281082132,0
00-0033077,Dak Prescott,QB,2022,12,213.6,17.8,29.0924024640657,135,6,0,0,0,0,52,0,0,17,0.965882352941176,330.56,20.66,16,FALSE,0,-1.1087734579919446,67.32279387485555,0.5712511189221585,3,FALSE,82.32277997365468,0
00-0033077,Dak Prescott,QB,2023,17,351.84,20.6964705882353,30.0917180013689,135,7,0,0,0,0,56,0,0,14,0.966428571428571,213.6,17.8,12,FALSE,1,-3.253496611940459,62.359387411143786,0.5639090904966904,3,FALSE,76.91939486134842,0
00-0033077,Dak Prescott,QB,2024,8,124.52,15.565,31.0937713894593,135,8,0,0,0,0,61,0,0,18,0.942222222222222,351.84,20.6964705882353,17,FALSE,0,-1.9438461941564844,63.33569615957746,0.566553637844823,4,FALSE,67.23057283030921,0
00-0033077,Dak Prescott,QB,2025,17,323.78,19.0458823529412,32.0930869267625,135,9,0,0,0,0,13,0,0,8,0.91125,124.52,15.565,8,FALSE,1,-2.3156060854344385,60.48222947073567,0.5428931050762806,0,TRUE,56.715950770053986,0
00-0033080,Seth DeValve,TE,2019,7,26,3.71428571428571,26.5872689938398,138,3,7,5,74,87,0,0.0420847497784025,0.0597273166875446,12,0.121666666666667,18.4,2.62857142857143,7,TRUE,1,2.05703243783867,61.9375,0.650793650793651,1,FALSE,82.4617658561213,0.0420847497784025
00-0033080,Seth DeValve,TE,2020,2,0,0,27.5893223819302,138,4,18,12,140,109,0,0.117120417747658,0.0814981698568761,12,0.399166666666667,26,3.71428571428571,7,TRUE,0,1.6930076676102641,64.19371647976597,0.5939548506101404,2,FALSE,79.89857189040993,0.117120417747658
00-0033090,Hunter Henry,TE,2019,12,150.2,12.5166666666667,24.7337440109514,35,3,1,0,0,20,0,0.0212765957446809,0.0346620450606586,1,0.2,NA,NA,NA,FALSE,1,-0.6847276610291635,62.57480327657379,0.5714298756030322,0,TRUE,99.6312956406138,0
00-0033090,Hunter Henry,TE,2020,14,145.3,10.3785714285714,25.7357973990418,35,4,76,55,652,779,0,0.209812642669158,0.233720385551734,12,0.7875,150.2,12.5166666666667,12,FALSE,0,-0.392821717534081,61.625,0.605263157894737,1,FALSE,96.309286703009,0
00-0033090,Hunter Henry,TE,2021,16,164.3,10.26875,26.735112936345,35,5,93,60,613,741,0,0.192614412857599,0.192643557705889,14,0.870714285714286,145.3,10.3785714285714,14,TRUE,0,-4.238815247798903,65.31543463133406,0.4723516745873113,3,FALSE,82.4617658561213,0.192614412857599
00-0033090,Hunter Henry,TE,2022,16,103.9,6.49375,27.7344284736482,35,6,79,51,633,783,0,0.158838553435607,0.203237654957994,18,0.68,164.3,10.26875,16,FALSE,1,-2.8481260497613583,62.11011351909185,0.5416291982158619,0,TRUE,79.89857189040993,0
00-0033090,Hunter Henry,TE,2023,13,119.9,9.22307692307692,28.7337440109514,35,7,59,41,509,454,0,0.158164442859343,0.167215705014097,17,0.755882352941176,103.9,6.49375,16,FALSE,1,-1.1508133315416142,62.217587857511425,0.5305483396322973,0,TRUE,63.568368273025115,0
00-0033090,Hunter Henry,TE,2024,16,145.4,9.0875,29.7357973990418,35,8,61,42,419,538,0,0.165353821924685,0.213029511654578,14,0.747857142857143,119.9,9.22307692307692,13,FALSE,1,-3.947551699890613,64.46824339329336,0.49696331073012767,4,FALSE,36.46942571926204,0
00-0033090,Hunter Henry,TE,2025,17,178.8,10.5176470588235,30.735112936345,35,9,97,66,674,682,0,0.245035017367924,0.238860259488051,16,0.80625,145.4,9.0875,16,FALSE,1,-5.244402479179989,64.19506391873436,0.4758346739648673,4,FALSE,20.501499721059933,0
00-0033094,Marvin Hall,WR,2019,7,39.8,5.68571428571429,26.3928815879535,NA,3,19,10,149,208,2,0.0530899983821794,0.0802379952936608,16,0.17625,30.9,2.20714285714286,14,TRUE,1,-0.6847276610291635,62.57480327657379,0.5714298756030322,0,TRUE,91.5505700173843,0.0530899983821794
00-0033094,Marvin Hall,WR,2020,11,60.3,5.48181818181818,27.3949349760438,NA,4,11,7,261,304,1,0.0575488361188597,0.140247622157613,9,0.205555555555556,39.8,5.68571428571429,7,FALSE,0,-3.80589589800994,63.0625,0.604838709677419,1,FALSE,75.0135249983918,0
00-0033094,Marvin Hall,WR,2021,1,2,2,28.394250513347,NA,5,30,17,290,518,1,0.105371469982505,0.198254942016277,11,0.400909090909091,60.3,5.48181818181818,11,TRUE,1,-1.3326053848525747,62.44109108555703,0.5569567092023618,0,TRUE,54.07189796423326,0.105371469982505
00-0033106,Jared Goff,QB,2019,16,263.52,16.47,24.8815879534565,1,3,0,0,0,0,52,0,0,18,0.970555555555556,322.32,20.145,16,FALSE,1,-3.66217017397005,59.75,0.556603773584906,1,FALSE,97.53698303935931,0
00-0033106,Jared Goff,QB,2020,15,252.98,16.8653333333333,25.883641341546902,1,4,0,0,0,0,33,0,0,16,0.990625,263.52,16.47,16,FALSE,0,-1.701287477845543,60.1919347826087,0.5570514157122465,3,FALSE,94.39609488384028,0
00-0033106,Jared Goff,QB,2021,14,202.5,14.4642857142857,26.8829568788501,1,5,0,0,0,0,56,0,0,17,0.987647058823529,252.98,16.8653333333333,15,TRUE,1,-1.3326053848525747,62.44109108555703,0.5569567092023618,0,TRUE,100.1093045339178,0
00-0033106,Jared Goff,QB,2022,17,291.32,17.1364705882353,27.8822724161533,1,6,0,0,0,0,17,0,0,14,0.992857142857143,202.5,14.4642857142857,14,FALSE,1,-2.8481260497613583,62.11011351909185,0.5416291982158619,0,TRUE,89.57744281082132,0
00-0033106,Jared Goff,QB,2023,17,301.1,17.7117647058824,28.8815879534565,1,7,1,1,5,-4,29,0.027027027027027,-0.0149812734082397,17,0.992352941176471,291.32,17.1364705882353,17,FALSE,0,-3.7693556183232695,63.294117647058805,0.507853403141361,1,FALSE,82.32277997365468,0
00-0033106,Jared Goff,QB,2024,17,336.46,19.7917647058824,29.883641341546902,1,8,0,0,0,0,41,0,0,20,0.9975,301.1,17.7117647058824,17,FALSE,0,-3.7816319045922993,64.31060134015775,0.4870263163546411,2,FALSE,76.91939486134842,0
00-0033106,Jared Goff,QB,2025,17,305.06,17.9447058823529,30.8829568788501,1,9,1,1,7,5,36,0.0526315789473684,0.0632911392405063,18,0.970555555555556,336.46,19.7917647058824,17,FALSE,1,-2.3156060854344385,60.48222947073567,0.5428931050762806,0,TRUE,67.23057283030921,0
00-0033110,Tyler Higbee,TE,2019,14,160.4,11.4571428571429,26.6639288158795,110,3,42,30,347,270,0,0.101284509643458,0.0662129121518072,18,0.706111111111111,65.2,4.65714285714286,14,FALSE,1,-3.66217017397005,59.75,0.556603773584906,1,FALSE,82.4617658561213,0
00-0033110,Tyler Higbee,TE,2020,15,128.2,8.54666666666667,27.6659822039699,110,4,89,69,734,591,0,0.219235102134772,0.199528051724537,15,0.665333333333333,160.4,11.4571428571429,14,FALSE,0,-1.701287477845543,60.1919347826087,0.5570514157122465,3,FALSE,79.89857189040993,0
00-0033110,Tyler Higbee,TE,2021,15,147,9.8,28.6652977412731,110,5,65,47,530,514,1,0.125083656043987,0.154078094816287,17,0.776470588235294,128.2,8.54666666666667,15,FALSE,0,-0.639111168038151,61.890182746738866,0.513483002919607,4,FALSE,63.568368273025115,0
00-0033110,Tyler Higbee,TE,2022,16,152,9.5,29.6646132785763,110,6,99,70,675,561,0,0.179967503894376,0.135845899536237,18,0.884444444444444,147,9.8,15,FALSE,1,-2.8481260497613583,62.11011351909185,0.5416291982158619,0,TRUE,36.46942571926204,0
00-0033110,Tyler Higbee,TE,2023,15,108.5,7.23333333333333,30.6639288158795,110,7,108,72,620,327,0,0.254898841173424,0.12226154102413,17,0.864705882352941,152,9.5,16,FALSE,0,-3.35668263581916,58.0588235294118,0.595419847328244,1,FALSE,20.501499721059933,0
00-0033110,Tyler Higbee,TE,2024,3,26.6,8.86666666666667,31.6659822039699,110,8,71,47,495,416,0,0.165982191978696,0.138622841135624,16,0.8525,108.5,7.23333333333333,15,FALSE,0,-1.5340879553944275,60.88578223955308,0.5544179392950374,2,FALSE,10.93928087016864,0
00-0033110,Tyler Higbee,TE,2025,10,71.1,7.11,32.6652977412731,110,9,27,20,178,83,0,0.184860023017918,0.0761550499742015,5,0.406,26.6,8.86666666666667,3,FALSE,1,-3.2048470434873892,62.04804822432223,0.540022645347221,5,FALSE,7.103277265737504,0
00-0033111,Pharoh Cooper,WR,2019,12,55.5,4.625,24.4873374401095,117,3,1,0,0,6,0,0.03125,0.0172413793103448,2,0.04,0,0,7,TRUE,1,-0.6847276610291635,62.57480327657379,0.5714298756030322,0,TRUE,98.73749318926043,0.03125
00-0033111,Pharoh Cooper,WR,2020,15,12.3,0.82,25.4893908281999,117,4,33,25,243,336,1,0.121486383105493,0.139333622909363,12,0.289166666666667,55.5,4.625,12,TRUE,1,-0.5896550513259056,63.38685406454249,0.5430471721587525,0,TRUE,99.63768087860034,0.121486383105493
00-0033111,Pharoh Cooper,WR,2021,8,7.6,0.95,26.4887063655031,117,5,8,5,73,79,0,0.054552269625799,0.0716724355102134,14,0.154285714285714,12.3,0.82,15,TRUE,0,-1.58459729902941,59.125,0.608,1,FALSE,91.5505700173843,0.054552269625799
00-0033111,Pharoh Cooper,WR,2022,5,4.1,0.82,27.4880219028063,117,6,11,4,33,79,1,0.0821202384637921,0.0963938409748575,8,0.28875,7.6,0.95,8,TRUE,0,2.1048884742145724,64.66575143138203,0.5689299557692652,6,FALSE,75.0135249983918,0.0821202384637921
00-0033114,Mike Thomas,WR,2020,12,30.3,2.525,26.045174537987702,206,4,5,2,14,52,0,0.123088235294118,0.137116120206147,4,0.1425,3.4,0.485714285714286,7,TRUE,0,0.747418243329004,64.625,0.617021276595745,1,FALSE,91.5505700173843,0.123088235294118
00-0033114,Mike Thomas,WR,2021,7,10.2,1.45714285714286,27.0444900752909,206,5,21,13,132,181,1,0.0603226147411667,0.0629953418079109,14,0.234285714285714,30.3,2.525,12,FALSE,0,2.510348320281197,64.50024224806202,0.5993945381770283,2,FALSE,75.0135249983918,0
00-0033114,Mike Thomas,WR,2022,5,7.8,1.56,28.0438056125941,206,6,12,6,69,118,0,0.0729482046568359,0.110072774492303,15,0.171333333333333,10.2,1.45714285714286,7,FALSE,0,2.677685954614587,63.142209216222355,0.5919254926756715,3,FALSE,54.07189796423326,0
00-0033117,Bronson Kaufusi,TE,2019,1,0,0,28.1560574948665,NA,3,0,0,0,0,0,0,0,NA,NA,0,0,2,FALSE,1,-2.25445855388325,54.0625,0.6052631578947371,1,FALSE,79.89857189040993,0
00-0033118,Kenyan Drake,RB,2019,14,214.2,15.3,25.596167008898,73,3,73,53,477,161,120,0.209545841067737,0.0530372441638712,16,0.5925,206.2,12.8875,16,TRUE,1,-0.6847276610291635,62.57480327657379,0.5714298756030322,0,TRUE,93.3197777467908,0.209545841067737
00-0033118,Kenyan Drake,RB,2020,15,192.2,12.8133333333333,26.5982203969884,73,4,35,28,171,-89,123,0.155581918148724,-0.0678757257419607,8,0.79375,214.2,15.3,14,FALSE,0,1.6930076676102641,64.19371647976597,0.5939548506101404,2,FALSE,70.13043117440901,0
00-0033118,Kenyan Drake,RB,2021,12,102.5,8.54166666666667,27.5975359342916,73,5,31,25,137,-30,239,0.0809635076785064,-0.0101604502293065,15,0.578666666666667,192.2,12.8133333333333,15,TRUE,0,-0.5850600027418753,62.090991104397446,0.5329616513244375,3,FALSE,50.58687746508861,0.0809635076785064
00-0033118,Kenyan Drake,RB,2022,12,104.1,8.675,28.5968514715948,73,6,40,30,291,71,63,0.120985100346286,0.0120454036340189,12,0.344166666666667,102.5,8.54166666666667,12,TRUE,0,-7.907648010302149,65.67061259167201,0.49385102749788146,3,FALSE,25.648912801362936,0.120985100346286
00-0033118,Kenyan Drake,RB,2023,2,3.1,1.55,29.596167008898,73,7,26,17,89,-16,109,0.0971266061149428,-0.0149762900041014,12,0.454166666666667,104.1,8.675,12,FALSE,1,3.4864180115215095,62.878328770532605,0.6282900360853253,2,FALSE,7.711988601272322,0
00-0033119,Jacoby Brissett,QB,2019,15,223.68,14.912,26.7214236824093,91,3,0,0,0,0,7,0,0,4,0.07,-0.62,-0.155,4,FALSE,0,3.8273808374224103,64.5,0.632978723404255,1,FALSE,100.1093045339178,0
00-0033119,Jacoby Brissett,QB,2020,11,20.58,1.87090909090909,27.7234770704997,91,4,1,1,2,0,56,0.0416666666666667,0,15,0.941333333333333,223.68,14.912,15,FALSE,0,-1.4780427979098418,63.517716535433074,0.599127942885572,2,FALSE,89.57744281082132,0
00-0033119,Jacoby Brissett,QB,2021,10,76.32,7.632,28.7227926078029,91,5,0,0,0,0,18,0,0,12,0.0575,20.58,1.87090909090909,11,TRUE,1,-1.3326053848525747,62.44109108555703,0.5569567092023618,0,TRUE,82.32277997365468,0
00-0033119,Jacoby Brissett,QB,2022,14,174.62,12.4728571428571,29.722108145106102,91,6,0,0,0,0,19,0,0,11,0.507272727272727,76.32,7.632,10,TRUE,0,-3.175694760403078,61.836291725562674,0.46540353266213097,2,FALSE,76.91939486134842,0
00-0033119,Jacoby Brissett,QB,2023,2,22.86,11.43,30.7214236824093,91,7,0,0,0,0,49,0,0,16,0.693125,174.62,12.4728571428571,14,TRUE,1,9.995467900260666,63.23119450037804,0.6354203032875844,5,FALSE,67.23057283030921,0
00-0033119,Jacoby Brissett,QB,2024,7,46.24,6.60571428571429,31.7234770704997,91,8,0,0,0,0,3,0,0,3,0.253333333333333,22.86,11.43,2,TRUE,1,-3.947551699890613,64.46824339329336,0.49696331073012767,4,FALSE,56.715950770053986,0
00-0033119,Jacoby Brissett,QB,2025,14,235.44,16.8171428571429,32.7227926078029,91,9,0,0,0,0,15,0,0,8,0.69875,46.24,6.60571428571429,7,TRUE,0,-4.450844670721244,61.33889123994921,0.5266301244718511,2,FALSE,45.25257802848533,0
00-0033127,Will Fuller,WR,2019,11,134,12.1818181818182,25.3771389459274,21,3,45,32,503,662,0,0.254316368678314,0.362489562747832,7,0.781428571428571,106.3,15.1857142857143,7,FALSE,1,-0.6847276610291635,62.57480327657379,0.5714298756030322,0,TRUE,99.63768087860034,0
00-0033127,Will Fuller,WR,2020,11,188.9,17.1727272727273,26.3791923340178,21,4,79,54,759,1107,0,0.280036726738141,0.35002867976224,12,0.798333333333333,134,12.1818181818182,11,FALSE,0,1.45406736998584,63.61111111111109,0.58,1,FALSE,91.5505700173843,0
00-0033127,Will Fuller,WR,2021,2,8.6,4.3,27.378507871321,21,5,75,53,879,940,1,0.250487138963912,0.347199992063767,11,0.866363636363636,188.9,17.1727272727273,11,TRUE,1,-1.3326053848525747,62.44109108555703,0.5569567092023618,0,TRUE,75.0135249983918,0.250487138963912
00-0033164,Troymaine Pope,RB,2020,4,19.8,4.95,26.757015742642,NA,4,3,2,14,0,10,0.0513888888888889,0.00576953684545599,2,0.215,9.4,0.854545454545455,11,FALSE,0,-0.392821717534081,61.625,0.605263157894737,1,FALSE,70.13043117440901,0
00-0033215,Cyril Grayson,WR,2020,2,0,0,26.7405886379192,NA,3,1,1,3,2,0,0.0434782608695652,0.00790513833992095,2,0.06,1.3,1.3,1,FALSE,0,1.6930076676102641,64.19371647976597,0.5939548506101404,2,FALSE,75.0135249983918,0
00-0033215,Cyril Grayson,WR,2021,3,44.6,14.8666666666667,27.7399041752224,NA,4,3,0,0,71,0,0.0589065255731922,0.165445665445665,3,0.22,0,0,2,FALSE,0,0.8673730317946872,64.20348050458715,0.5632598072358128,4,FALSE,54.07189796423326,0
00-0033217,Mo Alie-Cox,TE,2019,10,17.3,1.73,25.9493497604381,NA,2,14,7,133,157,0,0.0641856291516505,0.0893914278555999,11,0.385454545454545,32.3,4.0375,8,FALSE,0,3.8273808374224103,64.5,0.632978723404255,1,FALSE,96.309286703009,0
00-0033217,Mo Alie-Cox,TE,2020,14,80.4,5.74285714285714,26.9514031485284,NA,3,11,8,93,48,0,0.0464849964849965,0.023086833355929,16,0.33,17.3,1.73,10,FALSE,0,-1.4780427979098418,63.517716535433074,0.599127942885572,2,FALSE,82.4617658561213,0
00-0033217,Mo Alie-Cox,TE,2021,17,79.6,4.68235294117647,27.9507186858316,NA,4,43,35,426,288,0,0.112988281861334,0.120431028039977,16,0.475625,80.4,5.74285714285714,14,FALSE,1,-1.3326053848525747,62.44109108555703,0.5569567092023618,0,TRUE,79.89857189040993,0
00-0033217,Mo Alie-Cox,TE,2022,14,53.9,3.85,28.9500342231348,NA,5,45,24,316,442,0,0.113966444050941,0.131355417742695,17,0.548823529411765,79.6,4.68235294117647,17,FALSE,1,-2.8481260497613583,62.11011351909185,0.5416291982158619,0,TRUE,63.568368273025115,0
00-0033217,Mo Alie-Cox,TE,2023,14,49.1,3.50714285714286,29.9493497604381,NA,6,28,19,189,151,0,0.0871333630127024,0.067476551121366,17,0.510588235294118,53.9,3.85,14,FALSE,0,-4.28875800108645,64.4117647058823,0.516556291390728,1,FALSE,36.46942571926204,0
00-0033217,Mo Alie-Cox,TE,2024,12,32.7,2.725,30.9514031485284,NA,7,22,13,161,222,0,0.0893730667052671,0.110134847166032,17,0.387058823529412,49.1,3.50714285714286,14,FALSE,0,-3.472683811137831,64.03169499310975,0.4940455604271285,2,FALSE,20.501499721059933,0
00-0033217,Mo Alie-Cox,TE,2025,11,30.7,2.79090909090909,31.9507186858316,NA,8,22,12,147,211,0,0.0873889756086083,0.0733590429452445,17,0.438235294117647,32.7,2.725,12,FALSE,0,-5.206003754852174,62.90759972111114,0.4735640946273987,3,FALSE,10.93928087016864,0
00-0033246,Johnny Mundt,TE,2019,6,6.6,1.1,24.7720739219713,NA,2,1,1,5,0,0,0.037037037037037,0,9,0.0766666666666667,1.5,1.5,1,FALSE,1,-3.66217017397005,59.75,0.556603773584906,1,FALSE,99.6312956406138,0
00-0033246,Johnny Mundt,TE,2020,5,9.3,1.86,25.7741273100616,NA,3,7,4,26,24,0,0.0391019168783163,0.0255448916469288,11,0.278181818181818,6.6,1.1,6,FALSE,0,-1.701287477845543,60.1919347826087,0.5570514157122465,3,FALSE,96.309286703009,0
00-0033246,Johnny Mundt,TE,2021,3,1.9,0.633333333333333,26.7734428473648,NA,4,4,4,53,8,0,0.0803931451612903,0.0208650624428876,13,0.135384615384615,9.3,1.86,5,FALSE,0,-0.639111168038151,61.890182746738866,0.513483002919607,4,FALSE,82.4617658561213,0
00-0033246,Johnny Mundt,TE,2022,13,39,3,27.772758384668,NA,5,1,1,9,7,0,0.024390243902439,0.019774011299435,6,0.263333333333333,1.9,0.633333333333333,3,TRUE,1,-2.8481260497613583,62.11011351909185,0.5416291982158619,0,TRUE,79.89857189040993,0.024390243902439
00-0033246,Johnny Mundt,TE,2023,10,40.2,4.02,28.7720739219713,NA,6,22,20,152,29,0,0.0531765462242158,0.0122846769513718,18,0.388333333333333,39,3,13,FALSE,0,2.68718916520798,64.7777777777778,0.651515151515151,1,FALSE,63.568368273025115,0
00-0033246,Johnny Mundt,TE,2024,14,45.2,3.22857142857143,29.7741273100616,NA,7,23,17,172,114,0,0.127881420642343,0.0660377698599647,17,0.206470588235294,40.2,4.02,10,FALSE,0,2.0976935157109353,63.67803123643234,0.6684650520890582,2,FALSE,36.46942571926204,0
00-0033246,Johnny Mundt,TE,2025,12,20.1,1.675,30.7734428473648,NA,8,30,21,170,126,0,0.101913270391575,0.0408703666020755,18,0.392777777777778,45.2,3.22857142857143,14,TRUE,1,-2.3156060854344385,60.48222947073567,0.5428931050762806,0,TRUE,20.501499721059933,0.101913270391575
00-0033251,Zach Pascal,WR,2019,16,135.3,8.45625,24.703627652293,NA,2,52,29,281,515,3,0.129556384679424,0.150561164325375,18,0.467777777777778,66.8,4.77142857142857,14,FALSE,0,3.8273808374224103,64.5,0.632978723404255,1,FALSE,99.63768087860034,0
00-0033251,Zach Pascal,WR,2020,16,136.9,8.55625,25.7056810403833,NA,3,72,41,607,810,2,0.195376409280395,0.254392678772329,16,0.74625,135.3,8.45625,16,FALSE,0,-1.4780427979098418,63.517716535433074,0.599127942885572,2,FALSE,91.5505700173843,0
00-0033251,Zach Pascal,WR,2021,16,94.5,5.90625,26.7049965776865,NA,4,76,47,666,810,0,0.158555056321589,0.229608271037999,17,0.78,136.9,8.55625,16,FALSE,1,-1.3326053848525747,62.44109108555703,0.5569567092023618,0,TRUE,75.0135249983918,0
00-0033251,Zach Pascal,WR,2022,15,36,2.4,27.7043121149897,NA,5,69,38,384,608,2,0.166978349645177,0.198672705512005,16,0.831875,94.5,5.90625,16,TRUE,0,-2.875325229137859,64.61005036393115,0.5261283996235602,3,FALSE,54.07189796423326,0.166978349645177
00-0033251,Zach Pascal,WR,2023,10,5.9,0.59,28.703627652293,NA,6,23,18,165,136,1,0.0597051527642074,0.0366858551493486,20,0.296,36,2.4,15,TRUE,1,-1.1508133315416142,62.217587857511425,0.5305483396322973,0,TRUE,37.932505764701475,0.0597051527642074
00-0033251,Zach Pascal,WR,2024,3,0,0,29.7056810403833,NA,7,15,4,19,160,0,0.0699198394048613,0.110369845835929,14,0.220714285714286,5.9,0.59,10,FALSE,0,-7.77746334075928,62.294117647058805,0.53968253968254,1,FALSE,22.163851430919827,0
00-0033258,Darrell Daniels,TE,2019,7,1.4,0.2,24.7748117727584,NA,2,1,0,0,21,0,0.0526315789473684,0.0875,6,0.18,0,0,6,TRUE,1,-0.6847276610291635,62.57480327657379,0.5714298756030322,0,TRUE,99.6312956406138,0.0526315789473684
00-0033258,Darrell Daniels,TE,2020,9,23.2,2.57777777777778,25.7768651608487,NA,3,3,1,4,22,0,0.0328633557800224,0.0367354183070223,8,0.0875,1.4,0.2,7,FALSE,0,1.6930076676102641,64.19371647976597,0.5939548506101404,2,FALSE,96.309286703009,0
00-0033258,Darrell Daniels,TE,2021,10,1,0.1,26.776180698152,NA,4,11,8,92,67,0,0.0441396823284756,0.024521969716793,12,0.431666666666667,23.2,2.57777777777778,9,FALSE,0,0.8673730317946872,64.20348050458715,0.5632598072358128,4,FALSE,82.4617658561213,0
00-0033266,JoJo Natson,WR,2019,12,0,0,25.5797399041752,NA,2,0,0,0,0,0,0,0,NA,NA,-2,-0.153846153846154,13,FALSE,1,-3.66217017397005,59.75,0.556603773584906,1,FALSE,91.5505700173843,0
00-0033266,JoJo Natson,WR,2020,3,0.3,0.1,26.5817932922656,NA,3,0,0,0,0,0,0,0,NA,NA,0,0,12,TRUE,1,-0.5896550513259056,63.38685406454249,0.5430471721587525,0,TRUE,75.0135249983918,0
00-0033266,JoJo Natson,WR,2021,3,0,0,27.5811088295688,NA,4,0,0,0,0,1,0,0,3,0.0466666666666667,0.3,0.1,3,FALSE,0,-1.61018073558807,62.5,0.46808510638297895,1,FALSE,54.07189796423326,0
00-0033275,PJ Walker,QB,2021,5,16.78,3.356,26.5133470225873,NA,4,1,0,0,6,5,0.0285714285714286,0.025531914893617,4,0.405,13.52,3.38,4,FALSE,0,1.97446778834423,61.25,0.5,1,FALSE,100.1093045339178,0
00-0033275,PJ Walker,QB,2022,6,42.14,7.02333333333333,27.5126625598905,NA,5,0,0,0,0,7,0,0,5,0.368,16.78,3.356,5,FALSE,1,-2.8481260497613583,62.11011351909185,0.5416291982158619,0,TRUE,89.57744281082132,0
00-0033275,PJ Walker,QB,2023,5,24.96,4.992,28.5119780971937,NA,6,0,0,0,0,6,0,0,6,0.723333333333333,42.14,7.02333333333333,6,TRUE,0,-4.569155185908812,62.7422569763876,0.4895010347471576,3,FALSE,82.32277997365468,0
00-0033280,Christian McCaffrey,RB,2019,16,471.2,29.45,23.233401779603,8,2,124,107,867,84,219,0.263553970595802,0.0345771755016141,16,0.919375,385.5,24.09375,16,FALSE,0,0.584780374251374,62.0625,0.509933774834437,1,FALSE,96.89962194628248,0
00-0033280,Christian McCaffrey,RB,2020,3,90.4,30.1333333333333,24.2354551676934,8,3,142,116,1005,111,287,0.262408207297603,0.0272144401044887,16,0.93125,471.2,29.45,16,FALSE,1,-0.5896550513259056,63.38685406454249,0.5430471721587525,0,TRUE,99.37614309886182,0
00-0033280,Christian McCaffrey,RB,2021,7,127.5,18.2142857142857,25.2347707049966,8,4,19,17,149,27,59,0.177279763580073,0.0452233255651918,3,0.773333333333333,90.4,30.1333333333333,3,FALSE,0,1.97446778834423,61.25,0.5,1,FALSE,91.39560576824717,0
00-0033280,Christian McCaffrey,RB,2022,17,356.36,20.9623529411765,26.2340862422998,8,5,41,37,343,91,99,0.243059877467349,0.122654832769464,7,0.605714285714286,127.5,18.2142857142857,7,TRUE,1,-2.8481260497613583,62.11011351909185,0.5416291982158619,0,TRUE,93.3197777467908,0.243059877467349
00-0033280,Christian McCaffrey,RB,2023,16,391.3,24.45625,27.233401779603,8,6,79,64,525,153,199,0.243297409453925,0.0674353134962157,14,0.708571428571429,356.36,20.9623529411765,17,FALSE,1,-2.29091030889994,62.8823529411765,0.502958579881657,1,FALSE,70.13043117440901,0
00-0033280,Christian McCaffrey,RB,2024,4,47.8,11.95,28.2354551676934,8,7,108,86,716,191,331,0.231791147528132,0.044975358817002,19,0.837368421052632,391.3,24.45625,16,FALSE,0,-1.746163993703397,61.15189530920728,0.48150446254666934,2,FALSE,50.58687746508861,0
00-0033280,Christian McCaffrey,RB,2025,17,416.6,24.5058823529412,29.2347707049966,8,8,19,15,146,60,50,0.183096315449257,0.0876878997086746,4,0.7225,47.8,11.95,4,FALSE,0,-2.673629810734993,60.52350065055126,0.4813981445744344,4,FALSE,25.648912801362936,0
00-0033282,Curtis Samuel,WR,2019,16,171.7,10.73125,23.0554414784394,40,2,65,39,494,776,8,0.18714019957774,0.274035148158827,13,0.528461538461538,136.8,10.5230769230769,13,FALSE,0,0.584780374251374,62.0625,0.509933774834437,1,FALSE,86.5765769116426,0
00-0033282,Curtis Samuel,WR,2020,15,212.1,14.14,24.0574948665298,40,3,105,54,627,1538,19,0.199156354365917,0.310982005456531,16,0.855625,171.7,10.73125,16,FALSE,1,-0.5896550513259056,63.38685406454249,0.5430471721587525,0,TRUE,98.73749318926043,0
00-0033282,Curtis Samuel,WR,2021,5,9.8,1.96,25.056810403833,40,4,97,77,851,711,41,0.217886177873291,0.202223339589493,15,0.681333333333333,212.1,14.14,15,TRUE,0,1.26828816587635,65,0.551948051948052,1,FALSE,99.63768087860034,0.217886177873291
00-0033282,Curtis Samuel,WR,2022,17,176.3,10.3705882352941,26.0561259411362,40,5,9,6,27,21,4,0.0770217720002512,0.00463292298250944,5,0.236,9.8,1.96,5,FALSE,0,-0.4798819167791796,63.64768431644504,0.5435222878010671,2,FALSE,91.5505700173843,0
00-0033282,Curtis Samuel,WR,2023,16,157.2,9.825,27.0554414784394,40,6,92,64,656,615,38,0.199037370481868,0.149425686405238,17,0.714705882352941,176.3,10.3705882352941,17,FALSE,1,9.995467900260666,63.23119450037804,0.6354203032875844,5,FALSE,75.0135249983918,0
00-0033282,Curtis Samuel,WR,2024,14,63.7,4.55,28.0574948665298,40,7,91,62,613,598,7,0.189553889884619,0.154945473043356,16,0.56375,157.2,9.825,16,TRUE,1,-0.8649786736527051,62.918497519489705,0.4885280251440543,2,FALSE,54.07189796423326,0.189553889884619
00-0033282,Curtis Samuel,WR,2025,6,21.1,3.51666666666667,29.056810403833,40,8,54,37,334,248,5,0.151855286972063,0.0868794580174608,17,0.394117647058824,63.7,4.55,14,FALSE,0,-1.7945790111540487,61.81365180352616,0.4638303406066273,3,FALSE,37.932505764701475,0
00-0033288,George Kittle,TE,2019,14,222.5,15.8928571428571,25.8945927446954,146,2,136,88,1377,996,1,0.289189404042547,0.284965554328547,16,0.87625,258.7,16.16875,16,FALSE,0,-1.01406999208309,61.6875,0.559748427672956,1,FALSE,96.309286703009,0
00-0033288,George Kittle,TE,2020,8,125.1,15.6375,26.8966461327858,146,3,120,93,1124,678,5,0.305054770738486,0.269969754874615,17,0.901176470588235,222.5,15.8928571428571,14,FALSE,0,-3.102495686243507,61.28793246227456,0.5274926331530104,2,FALSE,82.4617658561213,0
00-0033288,George Kittle,TE,2021,14,198,14.1428571428571,27.895961670089,146,4,63,48,634,460,2,0.271228384307653,0.305048774384101,8,0.82875,125.1,15.6375,8,FALSE,1,-1.3326053848525747,62.44109108555703,0.5569567092023618,0,TRUE,79.89857189040993,0
00-0033288,George Kittle,TE,2022,15,200.5,13.3666666666667,28.8952772073922,146,5,108,78,1018,918,3,0.269030059972738,0.303498424306959,17,0.93,198,14.1428571428571,14,FALSE,1,-2.8481260497613583,62.11011351909185,0.5416291982158619,0,TRUE,63.568368273025115,0
00-0033288,George Kittle,TE,2023,16,203.2,12.7,29.8945927446954,146,6,97,70,929,659,1,0.215560800321673,0.196478290214383,18,0.903333333333333,200.5,13.3666666666667,15,FALSE,1,-2.29091030889994,62.8823529411765,0.502958579881657,1,FALSE,36.46942571926204,0
00-0033288,George Kittle,TE,2024,15,236.6,15.7733333333333,30.8966461327858,146,7,103,73,1132,995,1,0.223662642076061,0.255255457645028,19,0.9,203.2,12.7,16,FALSE,0,-1.746163993703397,61.15189530920728,0.48150446254666934,2,FALSE,20.501499721059933,0
00-0033288,George Kittle,TE,2025,11,161.5,14.6818181818182,31.895961670089,146,8,94,78,1106,800,0,0.232619370404449,0.219124746707992,15,0.866,236.6,15.7733333333333,15,FALSE,0,-2.673629810734993,60.52350065055126,0.4813981445744344,4,FALSE,10.93928087016864,0
00-0033292,Trent Taylor,WR,2021,4,6.1,1.525,27.3401779603012,177,4,21,10,86,117,0,0.113720630528634,0.100854417753064,10,0.302,18.6,1.55,12,TRUE,0,2.510348320281197,64.50024224806202,0.5993945381770283,2,FALSE,75.0135249983918,0.113720630528634
00-0033292,Trent Taylor,WR,2022,16,11.7,0.73125,28.3394934976044,177,5,3,2,41,39,0,0.103448275862069,0.23780487804878,4,0.16,6.1,1.525,4,FALSE,0,2.677685954614587,63.142209216222355,0.5919254926756715,3,FALSE,54.07189796423326,0
00-0033292,Trent Taylor,WR,2023,15,-2.2,-0.146666666666667,29.3388090349076,177,6,10,6,62,45,4,0.0800883236177354,0.0745501897128488,16,0.13625,11.7,0.73125,16,TRUE,0,-11.2404955422377,57.6470588235294,0.401515151515151,1,FALSE,37.932505764701475,0.0800883236177354
00-0033292,Trent Taylor,WR,2024,2,2.1,1.05,30.3408624229979,177,7,2,0,0,0,1,0.0364583333333333,-0.00591549295774648,14,0.135714285714286,-2.2,-0.146666666666667,15,TRUE,0,-1.746163993703397,61.15189530920728,0.48150446254666934,2,FALSE,22.163851430919827,0.0364583333333333
00-0033293,Aaron Jones,RB,2019,16,314.8,19.675,24.7474332648871,182,2,35,26,206,9,133,0.129886824295056,0.00512296575723029,12,0.501666666666667,171.4,14.2833333333333,12,FALSE,1,-3.73727848646601,62.4375,0.592592592592593,1,FALSE,91.39560576824717,0
00-0033293,Aaron Jones,RB,2020,14,258.9,18.4928571428571,25.7494866529774,182,3,75,55,505,172,269,0.175530728961855,0.0481126682666336,18,0.621111111111111,314.8,19.675,16,FALSE,0,-0.2545699109913614,62.031798245614056,0.6079622132253715,2,FALSE,93.3197777467908,0
00-0033293,Aaron Jones,RB,2021,15,229,15.2666666666667,26.7488021902806,182,4,71,52,376,69,221,0.156787869727798,0.021858447171999,16,0.585625,258.9,18.4928571428571,14,FALSE,0,1.2448117567873749,61.772867804759954,0.5868189323739391,3,FALSE,70.13043117440901,0
00-0033293,Aaron Jones,RB,2022,17,248.6,14.6235294117647,27.7481177275838,182,5,75,61,520,77,183,0.198553225699968,0.041398203728433,16,0.599375,229,15.2666666666667,15,FALSE,1,-2.8481260497613583,62.11011351909185,0.5416291982158619,0,TRUE,50.58687746508861,0
00-0033293,Aaron Jones,RB,2023,11,134.9,12.2636363636364,28.7474332648871,182,6,72,59,395,-16,213,0.161104087160322,-0.0121939308413646,17,0.582352941176471,248.6,14.6235294117647,17,FALSE,0,-2.11541747163147,60.7647058823529,0.588235294117647,1,FALSE,25.648912801362936,0
00-0033293,Aaron Jones,RB,2024,17,241.6,14.2117647058824,29.7494866529774,182,7,50,34,254,-57,181,0.147490279522323,-0.0254907715754112,13,0.527692307692308,134.9,12.2636363636364,11,TRUE,0,2.0976935157109353,63.67803123643234,0.6684650520890582,2,FALSE,7.711988601272322,0.147490279522323
00-0033293,Aaron Jones,RB,2025,12,118.7,9.89166666666667,30.7488021902806,182,8,68,54,420,30,268,0.146292487625128,-0.00615427699398577,18,0.637222222222222,241.6,14.2117647058824,17,FALSE,0,2.6816146451914005,62.79394275248685,0.6485657275221384,3,FALSE,0,0
00-0033296,Alex Armah,RB,2019,8,9.7,1.2125,25.2922655715264,192,2,1,1,5,0,9,0.0333333333333333,0,16,0.106875,15,1.66666666666667,9,FALSE,0,0.584780374251374,62.0625,0.509933774834437,1,FALSE,91.39560576824717,0
00-0033296,Alex Armah,RB,2020,12,7.7,0.641666666666667,26.2943189596167,192,3,2,2,6,-1,6,0.0378571428571429,-9.6899224806201e-4,NA,NA,9.7,1.2125,8,FALSE,1,-0.5896550513259056,63.38685406454249,0.5430471721587525,0,TRUE,93.3197777467908,0
00-0033296,Alex Armah,RB,2021,9,9.2,1.02222222222222,27.2936344969199,192,4,9,5,18,2,6,0.0392592459585924,-0.00674313986910484,1,0.12,7.7,0.641666666666667,12,TRUE,0,-0.17176604021972183,62.57684815504885,0.5315089522252244,3,FALSE,70.13043117440901,0.0392592459585924
00-0033307,Kendrick Bourne,WR,2019,16,97.8,6.1125,24.0766598220397,NA,2,67,42,487,568,0,0.171215900496516,0.198637279954787,16,0.571875,114.7,7.16875,16,FALSE,0,-1.01406999208309,61.6875,0.559748427672956,1,FALSE,98.73749318926043,0
00-0033307,Kendrick Bourne,WR,2020,15,129.7,8.64666666666667,25.07871321013,NA,3,54,36,446,466,0,0.139209995833746,0.167953214086707,19,0.423157894736842,97.8,6.1125,16,FALSE,0,-3.102495686243507,61.28793246227456,0.5274926331530104,2,FALSE,99.63768087860034,0
00-0033307,Kendrick Bourne,WR,2021,17,180.5,10.6176470588235,26.0780287474333,NA,4,74,49,667,686,0,0.159076438055993,0.222202209210953,15,0.658,129.7,8.64666666666667,15,TRUE,0,-4.238815247798903,65.31543463133406,0.4723516745873113,3,FALSE,91.5505700173843,0.159076438055993
00-0033307,Kendrick Bourne,WR,2022,16,88.3,5.51875,27.0773442847365,NA,5,78,62,877,654,13,0.156464792424333,0.153942532413874,18,0.521666666666667,180.5,10.6176470588235,17,FALSE,1,-2.8481260497613583,62.11011351909185,0.5416291982158619,0,TRUE,75.0135249983918,0
00-0033307,Kendrick Bourne,WR,2023,8,100,12.5,28.0766598220397,NA,6,48,35,434,493,6,0.145287612010356,0.178089979534462,16,0.4425,88.3,5.51875,16,FALSE,1,-1.1508133315416142,62.217587857511425,0.5305483396322973,0,TRUE,54.07189796423326,0
00-0033307,Kendrick Bourne,WR,2024,12,65.1,5.425,29.07871321013,NA,7,55,37,406,574,1,0.224000404489837,0.251028200754295,8,0.73,100,12.5,8,FALSE,1,-3.947551699890613,64.46824339329336,0.49696331073012767,4,FALSE,37.932505764701475,0
00-0033307,Kendrick Bourne,WR,2025,14,92.1,6.57857142857143,30.0780287474333,NA,8,38,28,305,353,1,0.118870940189059,0.150456359610954,12,0.583333333333333,65.1,5.425,12,TRUE,0,-2.673629810734993,60.52350065055126,0.4813981445744344,4,FALSE,22.163851430919827,0.118870940189059
00-0033308,Matt Breida,RB,2019,12,103.3,8.60833333333333,24.5065023956194,NA,2,31,27,261,69,153,0.111471827748515,0.0354710675065786,14,0.402857142857143,162.5,11.6071428571429,14,FALSE,0,-1.01406999208309,61.6875,0.559748427672956,1,FALSE,91.39560576824717,0
00-0033308,Matt Breida,RB,2020,10,42,4.2,25.5085557837098,NA,3,22,19,120,-12,132,0.0769585727063733,-0.00449360988698316,14,0.272857142857143,103.3,8.60833333333333,12,TRUE,1,-0.5896550513259056,63.38685406454249,0.5430471721587525,0,TRUE,93.3197777467908,0.0769585727063733
00-0033308,Matt Breida,RB,2021,7,42.7,6.1,26.507871321013,NA,4,10,9,96,-1,59,0.0564488695823029,7.8919590358007e-4,10,0.23,42,4.2,10,TRUE,0,1.6002689201484088,62.7547023148179,0.5516260061675191,3,FALSE,70.13043117440901,0.0564488695823029
00-0033308,Matt Breida,RB,2022,17,59.8,3.51764705882353,27.5071868583162,NA,5,9,7,72,8,26,0.0700866671454907,0.00664644058232489,9,0.137777777777778,42.7,6.1,7,TRUE,1,-2.8481260497613583,62.11011351909185,0.5416291982158619,0,TRUE,50.58687746508861,0.0700866671454907
00-0033308,Matt Breida,RB,2023,15,46.9,3.12666666666667,28.5065023956194,NA,6,26,21,137,66,61,0.111665072071022,0.0212866962958086,19,0.247894736842105,59.8,3.51764705882353,17,FALSE,0,-3.35433829889119,62.4736842105263,0.436619718309859,1,FALSE,25.648912801362936,0
00-0033319,Nick Mullens,QB,2019,1,-0.3,-0.3,24.4490075290897,NA,2,0,0,0,0,18,0,0,8,1,133.48,16.685,8,FALSE,0,-1.01406999208309,61.6875,0.559748427672956,1,FALSE,100.67668139230038,0
00-0033319,Nick Mullens,QB,2020,10,128.28,12.828,25.45106091718,NA,3,0,0,0,0,3,0,0,1,0.11,-0.3,-0.3,1,FALSE,0,-3.102495686243507,61.28793246227456,0.5274926331530104,2,FALSE,97.53698303935931,0
00-0033319,Nick Mullens,QB,2021,1,9.88,9.88,26.4503764544832,NA,4,0,0,0,0,9,0,0,10,0.845,128.28,12.828,10,TRUE,0,-1.61018073558807,62.5,0.46808510638297895,1,FALSE,94.39609488384028,0
00-0033319,Nick Mullens,QB,2022,4,12.76,3.19,27.4496919917864,NA,5,0,0,0,0,0,0,0,1,1,9.88,9.88,1,TRUE,1,-2.8481260497613583,62.11011351909185,0.5416291982158619,0,TRUE,100.1093045339178,0
00-0033319,Nick Mullens,QB,2023,5,74.74,14.948,28.4490075290897,NA,6,0,0,0,0,4,0,0,4,0.2075,12.76,3.19,4,FALSE,0,2.68718916520798,64.7777777777778,0.651515151515151,1,FALSE,89.57744281082132,0
00-0033319,Nick Mullens,QB,2024,4,1.32,0.33,29.45106091718,NA,7,0,0,0,0,10,0,0,5,0.762,74.74,14.948,5,FALSE,0,2.0976935157109353,63.67803123643234,0.6684650520890582,2,FALSE,82.32277997365468,0
00-0033319,Nick Mullens,QB,2025,4,-0.04,-0.01,30.4503764544832,NA,8,0,0,0,0,3,0,0,4,0.025,1.32,0.33,4,TRUE,1,-2.3156060854344385,60.48222947073567,0.5428931050762806,0,TRUE,76.91939486134842,0
00-0033338,Cethan Carter,TE,2020,13,10.3,0.792307692307692,24.9911019849418,NA,3,3,2,13,8,0,0.0583226905065986,0.0212483399734396,7,0.194285714285714,9.3,1.32857142857143,7,FALSE,0,0.747418243329004,64.625,0.617021276595745,1,FALSE,99.6312956406138,0
00-0033338,Cethan Carter,TE,2021,8,3.6,0.45,25.990417522245,NA,4,7,5,53,54,0,0.0490900633757777,0.0607949880515875,15,0.228,10.3,0.792307692307692,13,TRUE,1,-1.3326053848525747,62.44109108555703,0.5569567092023618,0,TRUE,96.309286703009,0.0490900633757777
00-0033357,Taysom Hill,TE,2019,16,102.2,6.3875,29.0239561943874,NA,2,9,4,6,76,40,0.033282774553377,0.0277248686239217,NA,NA,34.56,2.304,15,FALSE,0,0.550929796968577,62,0.521551724137931,1,FALSE,63.568368273025115,0
00-0033357,Taysom Hill,TE,2020,16,158.62,9.91375,30.0260095824778,NA,3,24,21,259,122,31,0.0572347082214971,0.0517476492154389,NA,NA,102.2,6.3875,16,FALSE,0,1.8447942208887929,61.60275019098548,0.5593931930138827,2,FALSE,36.46942571926204,0
00-0033357,Taysom Hill,TE,2021,12,126.72,10.56,31.025325119781,NA,4,14,10,103,92,91,0.044036011561238,0.0431943109083757,NA,NA,158.62,9.91375,16,FALSE,0,-0.17176604021972183,62.57684815504885,0.5315089522252244,3,FALSE,20.501499721059933,0
00-0033357,Taysom Hill,TE,2022,16,145.8,9.1125,32.0246406570842,NA,5,6,4,52,19,70,0.0684981684981685,0.0149202485707872,NA,NA,126.72,10.56,12,FALSE,0,-1.0017622280411616,62.17367515588611,0.5342540590250734,4,FALSE,10.93928087016864,0
00-0033357,Taysom Hill,TE,2023,16,143.52,8.97,33.0239561943874,NA,6,13,9,77,75,96,0.0613318424731468,0.0753826000262717,13,0.374615384615385,145.8,9.1125,16,FALSE,0,-2.7801235815858245,61.55797462571899,0.5385562169808286,5,FALSE,7.103277265737504,0
00-0033357,Taysom Hill,TE,2024,8,103.34,12.9175,34.0260095824778,NA,7,40,33,291,209,81,0.109045333752228,0.0688774690568531,NA,NA,143.52,8.97,16,FALSE,1,-1.746163993703397,61.15189530920728,0.48150446254666934,2,FALSE,0,0
00-0033357,Taysom Hill,TE,2025,13,41.78,3.21384615384615,35.025325119781,NA,8,31,23,187,108,39,0.217752398072981,0.0971199643403036,8,0.425,103.34,12.9175,8,FALSE,1,-2.3156060854344385,60.48222947073567,0.5428931050762806,0,TRUE,0,0
00-0033367,C.J. Board,WR,2020,11,21.4,1.94545454545455,26.7214236824093,NA,3,4,2,31,31,0,0.0600649350649351,0.0538935351407134,4,0.1375,5.1,2.55,2,TRUE,1,-0.5896550513259056,63.38685406454249,0.5430471721587525,0,TRUE,75.0135249983918,0.0600649350649351
00-0033367,C.J. Board,WR,2021,6,9.7,1.61666666666667,27.7207392197125,NA,4,16,11,101,160,1,0.0756074823000472,0.0948163157241263,13,0.202307692307692,21.4,1.94545454545455,11,FALSE,0,-1.58459729902941,59.125,0.608,1,FALSE,54.07189796423326,0
00-0033367,C.J. Board,WR,2022,4,1.6,0.4,28.7200547570157,NA,5,6,4,51,102,1,0.0642177892177892,0.131145520814079,6,0.198333333333333,9.7,1.61666666666667,6,TRUE,0,-8.58597987701735,64.9444444444444,0.55,1,FALSE,37.932505764701475,0.0642177892177892
00-0033374,Ricky Ortiz,RB,2019,1,1.8,1.8,25.3798767967146,NA,2,4,3,11,-1,0,0.0429487179487179,-0.00101010581155466,NA,NA,4.1,1.025,4,TRUE,0,0.550929796968577,62,0.521551724137931,1,FALSE,91.39560576824717,0.0429487179487179
00-0033375,Tim Patrick,WR,2019,8,37.8,4.725,25.7713894592745,NA,2,41,23,315,435,3,0.158883696010913,0.228566944893076,16,0.358125,60.2,5.01666666666667,12,FALSE,1,-0.6847276610291635,62.57480327657379,0.5714298756030322,0,TRUE,91.5505700173843,0
00-0033375,Tim Patrick,WR,2020,15,161.2,10.7466666666667,26.7734428473648,NA,3,31,16,218,315,0,0.163794417684361,0.216417144454784,8,0.57375,37.8,4.725,8,FALSE,1,-0.5896550513259056,63.38685406454249,0.5430471721587525,0,TRUE,75.0135249983918,0
00-0033375,Tim Patrick,WR,2021,16,156.4,9.775,27.772758384668,NA,4,79,51,742,986,0,0.186352677743979,0.230248897461027,15,0.752666666666667,161.2,10.7466666666667,15,FALSE,0,-5.25500442379632,63.5,0.616666666666667,1,FALSE,54.07189796423326,0
00-0033375,Tim Patrick,WR,2025,13,51.7,3.97692307692308,31.772758384668,NA,8,48,34,416,494,0,0.116140588245397,0.166896966612415,17,0.582352941176471,92.4,6.16,15,TRUE,1,-2.3156060854344385,60.48222947073567,0.5428931050762806,0,TRUE,0,0.116140588245397
00-0033376,Patrick Ricard,RB,2019,10,18.7,1.87,25.264887063655,NA,2,0,0,0,0,0,0,0,NA,NA,0,0,7,FALSE,1,-0.6847276610291635,62.57480327657379,0.5714298756030322,0,TRUE,91.39560576824717,0
00-0033376,Patrick Ricard,RB,2020,9,17.4,1.93333333333333,26.2669404517454,NA,3,11,8,47,-1,0,0.0759633642446781,-0.00275475886215947,NA,NA,18.7,1.87,10,FALSE,0,-9.28535716243663,66.3529411764706,0.451086956521739,1,FALSE,93.3197777467908,0
00-0033376,Patrick Ricard,RB,2021,8,20.7,2.5875,27.2662559890486,NA,4,17,13,82,5,1,0.0927294989082262,0.00506965546187297,NA,NA,17.4,1.93333333333333,9,FALSE,0,-11.100175002691868,64.05516147206238,0.4510869565217391,2,FALSE,70.13043117440901,0
00-0033376,Patrick Ricard,RB,2022,13,20,1.53846153846154,28.2655715263518,NA,5,13,8,63,14,2,0.086805935271032,0.0137895391937071,NA,NA,20.7,2.5875,8,FALSE,0,-7.907648010302149,65.67061259167201,0.49385102749788146,3,FALSE,50.58687746508861,0
00-0033376,Patrick Ricard,RB,2023,7,16.2,2.31428571428571,29.264887063655,NA,6,15,11,74,4,7,0.0793525222117176,-3.790168674408e-4,NA,NA,20,1.53846153846154,13,FALSE,1,3.4864180115215095,62.878328770532605,0.6282900360853253,2,FALSE,25.648912801362936,0
00-0033376,Patrick Ricard,RB,2024,9,11.2,1.24444444444444,30.2669404517454,NA,7,7,5,52,19,0,0.0501771468661973,0.0163346986991321,NA,NA,16.2,2.31428571428571,7,FALSE,0,2.996667788796563,62.6891488564084,0.5677081034738317,3,FALSE,7.711988601272322,0
00-0033376,Patrick Ricard,RB,2025,5,2.1,0.42,31.2662559890486,NA,8,5,3,22,6,0,0.0396200177864015,0.00746061566198866,NA,NA,11.2,1.24444444444444,9,FALSE,0,0.4558089730608386,62.2806738134938,0.5473334568380964,4,FALSE,0,0
00-0033382,Austin Carr,WR,2019,2,1.9,0.95,25.6837782340862,NA,2,15,10,102,136,0,0.0516256823171223,0.0637671563629698,15,0.298666666666667,30.7,3.41111111111111,9,FALSE,0,0.550929796968577,62,0.521551724137931,1,FALSE,91.5505700173843,0
00-0033382,Austin Carr,WR,2020,5,11.7,2.34,26.6858316221766,NA,3,4,1,9,41,0,0.0510335917312661,0.0792387437124279,6,0.453333333333333,1.9,0.95,2,FALSE,0,1.8447942208887929,61.60275019098548,0.5593931930138827,2,FALSE,75.0135249983918,0
00-0033386,Cody Hollister,WR,2020,1,2.2,2.2,26.7871321013005,NA,3,2,2,13,10,0,0.0952380952380952,0.0598802395209581,3,0.0333333333333333,3.3,1.1,3,FALSE,0,-6.43469719202592,57.4210526315789,0.513698630136986,1,FALSE,75.0135249983918,0
00-0033386,Cody Hollister,WR,2021,3,7.3,2.43333333333333,27.7864476386037,NA,4,1,1,12,10,0,0.0357142857142857,0.0552486187845304,2,0.23,2.2,2.2,1,FALSE,1,-1.3326053848525747,62.44109108555703,0.5569567092023618,0,TRUE,54.07189796423326,0
00-0033386,Cody Hollister,WR,2022,6,8.4,1.4,28.7857631759069,NA,5,7,4,33,72,0,0.131462585034014,0.139371270486216,3,0.69,7.3,2.43333333333333,3,FALSE,0,-8.58597987701735,64.9444444444444,0.55,1,FALSE,37.932505764701475,0
00-0033387,Jacob Hollister,TE,2019,10,93.9,9.39,25.7850787132101,NA,2,5,4,52,41,0,0.0714285714285714,0.0853015529071867,7,0.124285714285714,9.2,3.06666666666667,3,TRUE,0,-13.3775139572444,61.1764705882353,0.477987421383648,1,FALSE,96.309286703009,0.0714285714285714
00-0033387,Jacob Hollister,TE,2020,13,65.9,5.06923076923077,26.7871321013005,NA,3,69,48,412,398,0,0.202738933446979,0.126633770259776,13,0.69,93.9,9.39,10,FALSE,0,-7.49088804122155,62.333907214115975,0.5482848076249452,2,FALSE,82.4617658561213,0
00-0033387,Jacob Hollister,TE,2021,7,20.5,2.92857142857143,27.7864476386037,NA,4,45,25,209,298,0,0.131382036021863,0.0883123007789504,17,0.362941176470588,65.9,5.06923076923077,13,TRUE,1,-3.074511719805549,62.108863865123304,0.5780123029612375,2,FALSE,79.89857189040993,0.131382036021863
00-0033421,Antony Auclair,TE,2019,5,2.1,0.42,26.2614647501711,NA,2,8,7,48,40,0,0.0386231911314148,0.0169288127370149,16,0.31125,11.8,1.31111111111111,9,FALSE,1,-0.6847276610291635,62.57480327657379,0.5714298756030322,0,TRUE,96.309286703009,0
00-0033421,Antony Auclair,TE,2020,1,0,0,27.2635181382615,NA,3,3,1,11,2,0,0.0402670111972438,6.3054882970137e-4,8,0.29875,2.1,0.42,5,FALSE,0,1.6930076676102641,64.19371647976597,0.5939548506101404,2,FALSE,82.4617658561213,0
00-0033421,Antony Auclair,TE,2021,4,15.7,3.925,28.2628336755647,NA,4,1,0,0,12,0,0.0454545454545455,0.0526315789473684,7,0.154285714285714,0,0,1,TRUE,0,4.252459109954118,61.09923889156884,0.6506994693680657,2,FALSE,79.89857189040993,0.0454545454545455
00-0033434,Bobo Wilson,WR,2019,6,4.5,0.75,24.5995893223819,NA,2,5,4,52,54,0,0.0491554054054054,0.0534212631222598,5,0.214,9.2,1.84,5,FALSE,1,-0.6847276610291635,62.57480327657379,0.5714298756030322,0,TRUE,99.63768087860034,0
00-0033439,Pharaoh Brown,TE,2020,10,42.3,4.23,26.3299110198494,NA,3,3,2,27,27,0,0.0304286140979689,0.029601984222842,8,0.34,4.7,0.671428571428571,7,TRUE,0,1.45406736998584,63.61111111111109,0.58,1,FALSE,96.309286703009,0.0304286140979689
00-0033439,Pharaoh Brown,TE,2021,13,38.1,2.93076923076923,27.3292265571526,NA,4,16,14,163,127,0,0.0774300938235829,0.0647155790847008,13,0.341538461538462,42.3,4.23,10,FALSE,0,4.252459109954118,61.09923889156884,0.6506994693680657,2,FALSE,82.4617658561213,0
00-0033439,Pharaoh Brown,TE,2022,8,23.7,2.9625,28.3285420944559,NA,5,34,23,171,146,0,0.126759333739729,0.0661612200397725,15,0.644666666666667,38.1,2.93076923076923,13,TRUE,0,-3.175694760403078,61.836291725562674,0.46540353266213097,2,FALSE,79.89857189040993,0.126759333739729
00-0033439,Pharaoh Brown,TE,2023,11,37.8,3.43636363636364,29.3278576317591,NA,6,10,5,45,68,0,0.102283990519285,0.053296742064284,13,0.233846153846154,23.7,2.9625,8,TRUE,1,-1.1508133315416142,62.217587857511425,0.5305483396322973,0,TRUE,63.568368273025115,0.102283990519285
00-0033439,Pharaoh Brown,TE,2024,10,12.5,1.25,30.3299110198494,NA,7,15,13,208,104,0,0.0672240029433207,0.0727099237317484,17,0.392352941176471,37.8,3.43636363636364,11,TRUE,1,-2.3927249464459472,61.20751703093519,0.5382602054028329,0,TRUE,36.46942571926204,0.0672240029433207
00-0033439,Pharaoh Brown,TE,2025,5,2.1,0.42,31.3292265571526,NA,8,12,8,65,51,0,0.0505716541825846,0.0303879117891683,15,0.278,12.5,1.25,10,TRUE,0,-4.450844670721244,61.33889123994921,0.5266301244718511,2,FALSE,20.501499721059933,0.0505716541825846
00-0033455,Anthony Firkser,TE,2019,10,40.4,4.04,24.5311430527036,NA,2,20,19,225,133,0,0.120344616652713,0.114464050281614,12,0.256666666666667,47.5,5.27777777777778,9,FALSE,1,-0.6847276610291635,62.57480327657379,0.5714298756030322,0,TRUE,99.6312956406138,0
00-0033455,Anthony Firkser,TE,2020,15,83.7,5.58,25.533196440794,NA,3,29,17,249,316,0,0.134182870353235,0.127550452986925,18,0.223888888888889,40.4,4.04,10,FALSE,0,-6.43469719202592,57.4210526315789,0.513698630136986,1,FALSE,96.309286703009,0
00-0033455,Anthony Firkser,TE,2021,15,73.1,4.87333333333333,26.5325119780972,NA,4,55,41,431,380,0,0.157605118948219,0.133674485541302,17,0.317058823529412,83.7,5.58,15,FALSE,1,-1.3326053848525747,62.44109108555703,0.5569567092023618,0,TRUE,82.4617658561213,0
00-0033455,Anthony Firkser,TE,2022,8,19,2.375,27.5318275154004,NA,5,44,34,291,253,0,0.116975834234238,0.0944405755665634,16,0.373125,73.1,4.87333333333333,15,TRUE,0,-0.356785931309,58.5294117647059,0.605095541401274,1,FALSE,79.89857189040993,0.116975834234238
00-0033455,Anthony Firkser,TE,2024,1,0,0,29.533196440794,NA,7,1,1,8,4,0,0.025,0.010752688172043,4,0.11,NA,NA,NA,TRUE,0,5.007275832550871,62.904761904761905,0.626126126126126,1,FALSE,36.46942571926204,0.025
00-0033455,Anthony Firkser,TE,2025,5,13.3,2.66,30.5325119780972,NA,8,0,0,0,0,0,0,0,3,0.11,0,0,1,TRUE,1,-2.3156060854344385,60.48222947073567,0.5428931050762806,0,TRUE,20.501499721059933,0
00-0033460,John Ross,WR,2019,8,95,11.875,23.7618069815195,9,2,58,21,210,807,4,0.170473901709613,0.262954454892812,13,0.755384615384615,84.9,6.53076923076923,13,FALSE,1,-0.6847276610291635,62.57480327657379,0.5714298756030322,0,TRUE,98.73749318926043,0
00-0033460,John Ross,WR,2020,2,3.7,1.85,24.7638603696099,9,3,56,28,506,875,3,0.199143121945001,0.368563264101002,8,0.71,95,11.875,8,FALSE,0,0.747418243329004,64.625,0.617021276595745,1,FALSE,99.63768087860034,0
00-0033460,John Ross,WR,2021,9,41,4.55555555555556,25.7631759069131,9,4,7,2,17,84,0,0.111726046350744,0.1651181536634,3,0.383333333333333,3.7,1.85,2,TRUE,0,-1.58459729902941,59.125,0.608,1,FALSE,91.5505700173843,0.111726046350744
00-0033466,Isaiah McKenzie,WR,2019,12,63.3,5.275,24.3969883641342,172,2,30,18,179,246,10,0.208991221906823,0.144833840237794,7,0.472857142857143,52.5,6.5625,8,FALSE,0,-5.4886656210703,62.375,0.495652173913044,1,FALSE,98.73749318926043,0
00-0033466,Isaiah McKenzie,WR,2020,15,93.58,6.23866666666667,25.399041752224498,172,3,44,31,277,183,8,0.12531071974899,0.058986928312285,16,0.443125,63.3,5.275,12,FALSE,0,-2.5026045642574752,62.974983015342815,0.5184767480822224,2,FALSE,99.63768087860034,0
00-0033466,Isaiah McKenzie,WR,2021,15,52.5,3.5,26.3983572895277,172,4,37,33,296,151,12,0.105883202332956,0.0606784512852995,19,0.23,93.58,6.23866666666667,15,FALSE,0,1.6002689201484088,62.7547023148179,0.5516260061675191,3,FALSE,91.5505700173843,0
00-0033466,Isaiah McKenzie,WR,2022,15,119.8,7.98666666666667,27.3976728268309,172,5,30,24,226,168,15,0.154795464781415,0.153795303469703,17,0.242352941176471,52.5,3.5,15,FALSE,1,-2.8481260497613583,62.11011351909185,0.5416291982158619,0,TRUE,75.0135249983918,0
00-0033466,Isaiah McKenzie,WR,2023,13,16.6,1.27692307692308,28.3969883641342,172,6,67,44,433,558,9,0.147154061435398,0.138368716754092,16,0.52,119.8,7.98666666666667,15,TRUE,0,-4.28875800108645,64.4117647058823,0.516556291390728,1,FALSE,54.07189796423326,0.147154061435398
00-0033471,Isaiah Ford,WR,2019,8,48.5,6.0625,23.5592060232717,237,2,1,0,0,6,0,0.0416666666666667,0.024896265560166,1,0.24,0,0,1,FALSE,1,-0.6847276610291635,62.57480327657379,0.5714298756030322,0,TRUE,98.73749318926043,0
00-0033471,Isaiah Ford,WR,2020,9,55.6,6.17777777777778,24.5612594113621,237,3,35,23,244,295,1,0.169277016281525,0.148547755633904,8,0.3925,48.5,6.0625,8,FALSE,1,-0.5896550513259056,63.38685406454249,0.5430471721587525,0,TRUE,99.63768087860034,0
00-0033471,Isaiah Ford,WR,2021,10,40.1,4.01,25.560574948665302,237,4,44,28,276,405,0,0.16217796378634,0.202716422234355,10,0.55,55.6,6.17777777777778,9,FALSE,1,-1.3326053848525747,62.44109108555703,0.5569567092023618,0,TRUE,91.5505700173843,0
00-0033474,Gehrig Dieter,WR,2019,2,0,0,26.5160848733744,NA,2,4,2,33,59,0,0.0498913547694035,0.0499840407177364,6,0.115,3.2,1.6,2,FALSE,0,8.36410846493461,61.5555555555556,0.637755102040816,1,FALSE,75.0135249983918,0
00-0033474,Gehrig Dieter,WR,2020,1,2,2,27.5181382614647,NA,3,0,0,0,0,0,0,0,2,0.045,0,0,2,FALSE,0,9.086456124702195,60.951722617704675,0.606813047579598,2,FALSE,54.07189796423326,0
00-0033481,Marcus Kemp,WR,2021,12,4.4,0.366666666666667,26.0506502395619,NA,4,1,1,11,1,0,0.0416666666666667,0.00602409638554217,7,0.0871428571428571,2.1,0.525,4,FALSE,0,9.2487708965395,62.24912817981407,0.6206834181363526,3,FALSE,91.5505700173843,0
00-0033481,Marcus Kemp,WR,2022,2,0,0,27.0499657768652,NA,5,5,2,24,62,0,0.0266230936819172,0.0375487669758843,18,0.0661111111111111,4.4,0.366666666666667,12,FALSE,0,9.764874939182034,63.265673354913034,0.6318005958082872,4,FALSE,75.0135249983918,0
00-0033526,Samaje Perine,RB,2019,4,1.6,0.4,23.958932238193,114,2,4,3,5,-9,8,0.0575757575757576,-0.0125797130330809,4,0.1175,6.7,1.675,4,TRUE,1,-0.6847276610291635,62.57480327657379,0.5714298756030322,0,TRUE,99.37614309886182,0.0575757575757576
00-0033526,Samaje Perine,RB,2020,12,65.7,5.475,24.9609856262834,114,3,0,0,0,0,0,0,0,2,0.035,1.6,0.4,4,FALSE,0,0.747418243329004,64.625,0.617021276595745,1,FALSE,91.39560576824717,0
00-0033526,Samaje Perine,RB,2021,15,83.2,5.54666666666667,25.9603011635866,114,4,12,11,66,-21,63,0.0608688109341338,-0.0197192568401552,NA,NA,65.7,5.475,12,FALSE,0,2.510348320281197,64.50024224806202,0.5993945381770283,2,FALSE,93.3197777467908,0
00-0033526,Samaje Perine,RB,2022,16,142.1,8.88125,26.9596167008898,114,5,38,31,243,1,58,0.086757809589367,-0.00375003196529751,19,0.268947368421053,83.2,5.54666666666667,15,FALSE,0,2.677685954614587,63.142209216222355,0.5919254926756715,3,FALSE,70.13043117440901,0
00-0033526,Samaje Perine,RB,2023,17,121.3,7.13529411764706,27.958932238193,114,6,61,46,322,-1,109,0.122934417252118,-0.0119176515632448,19,0.424210526315789,142.1,8.88125,16,TRUE,1,4.361920524449067,66.15048913733956,0.6067168199037676,2,FALSE,50.58687746508861,0.122934417252118
00-0033526,Samaje Perine,RB,2024,17,81.4,4.78823529411765,28.9609856262834,114,7,56,50,455,-10,53,0.138344031732271,-0.00127628038534141,17,0.336470588235294,121.3,7.13529411764706,17,TRUE,0,5.007275832550871,62.904761904761905,0.626126126126126,1,FALSE,25.648912801362936,0.138344031732271
00-0033526,Samaje Perine,RB,2025,15,77.9,5.19333333333333,29.9603011635866,114,8,38,29,339,10,21,0.0759643825547581,0.00171116652104476,20,0.2575,81.4,4.78823529411765,17,TRUE,0,10.0828731123803,62.705882352941195,0.66504854368932,1,FALSE,7.711988601272322,0.0759643825547581
00-0033528,Jeremy Sprinkle,TE,2019,16,56.1,3.50625,25.0595482546201,154,2,9,5,41,58,0,0.0989460753953507,0.044480667488794,16,0.3625,15.1,1.8875,8,FALSE,0,-3.66217017397005,59.75,0.556603773584906,1,FALSE,99.6312956406138,0
00-0033528,Jeremy Sprinkle,TE,2020,7,1.6,0.228571428571429,26.0616016427105,154,3,40,26,241,258,0,0.11401992479491,0.107295086300518,16,0.648125,56.1,3.50625,16,FALSE,1,-0.5896550513259056,63.38685406454249,0.5430471721587525,0,TRUE,96.309286703009,0
00-0033528,Jeremy Sprinkle,TE,2021,6,6.1,1.01666666666667,27.0609171800137,154,4,4,2,14,8,0,0.0355515839641155,0.0110310169690077,17,0.206470588235294,1.6,0.228571428571429,7,TRUE,0,-2.0653857588530733,67.62566458622284,0.5389140927812085,2,FALSE,82.4617658561213,0.0355515839641155
00-0033536,Mike Williams,WR,2019,15,161.3,10.7533333333333,24.9089664613279,7,2,82,50,774,1228,7,0.175081627760539,0.292592717529568,18,0.637777777777778,180.2,11.2625,16,FALSE,1,-0.6847276610291635,62.57480327657379,0.5714298756030322,0,TRUE,99.63768087860034,0
00-0033536,Mike Williams,WR,2020,14,153.7,10.9785714285714,25.9110198494182,7,3,90,49,1001,1603,1,0.188811833127131,0.412715332085189,15,0.849333333333333,161.3,10.7533333333333,15,FALSE,0,-0.392821717534081,61.625,0.605263157894737,1,FALSE,91.5505700173843,0
00-0033536,Mike Williams,WR,2021,16,246.6,15.4125,26.9103353867214,7,4,85,48,756,1236,1,0.199048181027655,0.352276067221692,15,0.704666666666667,153.7,10.9785714285714,14,FALSE,1,-1.3326053848525747,62.44109108555703,0.5569567092023618,0,TRUE,75.0135249983918,0
00-0033536,Mike Williams,WR,2022,13,176.5,13.5769230769231,27.9096509240246,7,5,129,76,1146,1497,0,0.230811298500191,0.327872792636243,16,0.789375,246.6,15.4125,16,FALSE,0,2.94323904591114,65.4117647058823,0.595348837209302,1,FALSE,54.07189796423326,0
00-0033536,Mike Williams,WR,2023,3,50.2,16.7333333333333,28.9089664613279,7,6,93,63,895,1111,0,0.225299226746991,0.402632346538813,13,0.755384615384615,176.5,13.5769230769231,13,FALSE,0,4.361920524449067,66.15048913733956,0.6067168199037676,2,FALSE,37.932505764701475,0
00-0033536,Mike Williams,WR,2024,14,56.8,4.05714285714286,29.9110198494182,7,7,26,19,249,307,1,0.248966087675765,0.310666626689314,3,0.78,50.2,16.7333333333333,3,TRUE,1,-7.120032313232597,60.03284145075934,0.496930334488184,2,FALSE,22.163851430919827,0.248966087675765
00-0033537,Deshaun Watson,QB,2019,15,332.98,22.1986666666667,23.964407939767302,12,2,0,0,0,0,107,0,0,17,0.998823529411765,340.7,21.29375,16,FALSE,1,-0.6847276610291635,62.57480327657379,0.5714298756030322,0,TRUE,100.67668139230038,0
00-0033537,Deshaun Watson,QB,2020,16,376.32,23.52,24.9664613278576,12,3,1,1,6,0,102,0.0384615384615385,0,17,0.995882352941176,332.98,22.1986666666667,15,FALSE,0,1.45406736998584,63.61111111111109,0.58,1,FALSE,97.53698303935931,0
00-0033537,Deshaun Watson,QB,2023,6,90.8,15.133333333333301,27.964407939767302,12,6,0,0,0,0,36,0,0,6,0.985,90.58,15.0966666666667,6,FALSE,0,-4.569155185908812,62.7422569763876,0.4895010347471576,3,FALSE,89.57744281082132,0
00-0033537,Deshaun Watson,QB,2024,7,79.72,11.3885714285714,28.9664613278576,12,7,0,0,0,0,26,0,0,6,0.833333333333333,90.8,15.133333333333301,6,FALSE,1,-1.07547140563658,62.6875,0.580645161290323,1,FALSE,82.32277997365468,0
00-0033550,Davis Webb,QB,2022,1,20.82,20.82,27.6084873374401,87,5,0,0,0,0,2,0,0,1,0.07,-0.3,-0.3,1,TRUE,1,-2.8481260497613583,62.11011351909185,0.5416291982158619,0,TRUE,89.57744281082132,0
00-0033553,James Conner,RB,2019,10,145.5,14.55,24.3258042436687,105,2,71,55,497,-18,215,0.147799326139948,-0.00114008694108333,13,0.773076923076923,280,21.5384615384615,13,FALSE,0,9.22088145774646,65.0625,0.675862068965517,1,FALSE,99.37614309886182,0
00-0033553,James Conner,RB,2020,13,164.6,12.6615384615385,25.3278576317591,105,3,38,34,251,-54,116,0.193962927080286,-0.0558151505195038,10,0.534,145.5,14.55,10,FALSE,0,3.3721813220040873,61.596550407331975,0.5890179950939574,2,FALSE,91.39560576824717,0
00-0033553,James Conner,RB,2021,15,257.7,17.18,26.3271731690623,105,4,48,40,245,-16,180,0.108349420746155,-0.0025041024263307,14,0.627857142857143,164.6,12.6615384615385,13,TRUE,0,0.8673730317946872,64.20348050458715,0.5632598072358128,4,FALSE,93.3197777467908,0.108349420746155
00-0033553,James Conner,RB,2022,13,200.2,15.4,27.3264887063655,105,5,41,38,380,13,206,0.136926853528263,0.00282004339494047,16,0.559375,257.7,17.18,15,FALSE,0,2.1048884742145724,64.66575143138203,0.5689299557692652,6,FALSE,70.13043117440901,0
00-0033553,James Conner,RB,2023,13,201.5,15.5,28.3258042436687,105,6,58,46,300,-47,183,0.133188943007709,-0.0162987049915984,13,0.717692307692308,200.2,15.4,13,FALSE,1,-1.1508133315416142,62.217587857511425,0.5305483396322973,0,TRUE,50.58687746508861,0
00-0033553,James Conner,RB,2024,16,253.8,15.8625,29.3278576317591,105,7,33,27,165,-23,208,0.112266452444614,-0.0212953374481111,13,0.616153846153846,201.5,15.5,13,FALSE,0,-7.77746334075928,62.294117647058805,0.53968253968254,1,FALSE,25.648912801362936,0
00-0033553,James Conner,RB,2025,3,33.3,11.1,30.3271731690623,105,8,55,47,414,-103,236,0.131537419332252,-0.0387641745383325,16,0.60625,253.8,15.8625,16,FALSE,0,-4.450844670721244,61.33889123994921,0.5266301244718511,2,FALSE,7.711988601272322,0
00-0033555,Mack Hollins,WR,2020,11,37.6,3.41818181818182,26.9596167008898,118,3,22,10,125,270,0,0.139570565350753,0.179561826331556,12,0.463333333333333,22.5,1.875,12,TRUE,1,-0.5896550513259056,63.38685406454249,0.5430471721587525,0,TRUE,75.0135249983918,0.139570565350753
00-0033555,Mack Hollins,WR,2021,15,60.3,4.02,27.958932238193,118,4,25,16,176,240,0,0.122149131461324,0.169753106894357,16,0.259375,37.6,3.41818181818182,11,FALSE,1,-1.3326053848525747,62.44109108555703,0.5569567092023618,0,TRUE,54.07189796423326,0
00-0033555,Mack Hollins,WR,2022,17,154.16,9.06823529411765,28.9582477754962,118,5,28,14,223,425,0,0.0858666163870256,0.176439459419537,17,0.284117647058824,60.3,4.02,15,TRUE,1,-2.8481260497613583,62.11011351909185,0.5416291982158619,0,TRUE,37.932505764701475,0.0858666163870256
00-0033555,Mack Hollins,WR,2023,12,43.1,3.59166666666667,29.9575633127995,118,6,94,57,690,1196,4,0.202654393328431,0.248501402704744,17,0.934117647058823,154.16,9.06823529411765,17,TRUE,0,-6.726744015948854,58.588294353886134,0.4820650886087547,2,FALSE,22.163851430919827,0.202654393328431
00-0033555,Mack Hollins,WR,2024,17,98.8,5.81176470588235,30.9596167008898,118,7,30,18,251,375,0,0.128063840757339,0.225914286293202,13,0.396153846153846,43.1,3.59166666666667,12,TRUE,1,-0.8649786736527051,62.918497519489705,0.4885280251440543,2,FALSE,5.8228665329595835,0.128063840757339
00-0033555,Mack Hollins,WR,2025,14,113.4,8.1,31.958932238193,118,8,58,36,482,805,0,0.130577971448413,0.195211398600863,20,0.66,98.8,5.81176470588235,17,TRUE,1,-5.244402479179989,64.19506391873436,0.4758346739648673,4,FALSE,0,0.130577971448413
00-0033556,Tarik Cohen,RB,2019,16,163.9,10.24375,24.1013004791239,119,2,96,74,752,366,100,0.227734713350167,0.102932006611121,17,0.479411764705882,233.94,14.62125,16,FALSE,0,0.371345973023808,62.176470588235304,0.585714285714286,1,FALSE,99.37614309886182,0
00-0033556,Tarik Cohen,RB,2020,3,17.5,5.83333333333333,25.1033538672142,119,3,104,79,456,182,64,0.199884811759135,0.0336495619274995,16,0.495625,163.9,10.24375,16,FALSE,1,0.935528214695384,58.0625,0.621848739495798,1,FALSE,91.39560576824717,0
00-0033562,Ryan Switzer,WR,2019,9,10.7,1.18888888888889,24.8240930869268,NA,2,44,36,253,148,6,0.088789763039663,0.0499813655302505,16,0.273125,69.4,4.3375,16,FALSE,0,9.22088145774646,65.0625,0.675862068965517,1,FALSE,99.63768087860034,0
00-0033567,Brian Hill,RB,2019,10,67.2,6.72,23.8110882956879,156,2,2,1,9,7,20,0.0308586762075134,0.0103826118196515,5,0.2,15.6,3.12,5,FALSE,1,-0.6847276610291635,62.57480327657379,0.5714298756030322,0,TRUE,99.37614309886182,0
00-0033567,Brian Hill,RB,2020,16,95.4,5.9625,24.8131416837782,156,3,14,10,69,21,78,0.0735650611437314,0.0118116102680649,10,0.314,67.2,6.72,10,FALSE,0,2.02935244854015,67.5625,0.645962732919255,1,FALSE,91.39560576824717,0
00-0033567,Brian Hill,RB,2021,1,0,0,25.8124572210815,156,4,30,25,199,38,100,0.0643078028220651,0.00952630017968428,16,0.29,95.4,5.9625,16,TRUE,1,-1.3326053848525747,62.44109108555703,0.5569567092023618,0,TRUE,93.3197777467908,0.0643078028220651
00-0033572,Jamal Agnew,WR,2019,13,-0.3,-0.0230769230769231,24.4134154688569,165,2,0,0,0,0,1,0,0,NA,NA,1.7,0.283333333333333,6,FALSE,1,-0.6847276610291635,62.57480327657379,0.5714298756030322,0,TRUE,98.73749318926043,0
00-0033572,Jamal Agnew,WR,2020,14,23.2,1.65714285714286,25.4154688569473,165,3,2,1,-2,29,1,0.0689655172413793,0.10431654676259,NA,NA,-0.3,-0.0230769230769231,13,FALSE,0,-3.80589589800994,63.0625,0.604838709677419,1,FALSE,99.63768087860034,0
00-0033572,Jamal Agnew,WR,2021,10,70,7,26.4147843942505,165,4,20,13,89,97,6,0.0890042371309065,0.0983213823080179,NA,NA,23.2,1.65714285714286,14,TRUE,1,-3.074511719805549,62.108863865123304,0.5780123029612375,2,FALSE,91.5505700173843,0.0890042371309065
00-0033572,Jamal Agnew,WR,2022,15,70.3,4.68666666666667,27.4140999315537,165,5,39,24,229,291,7,0.184993472813986,0.178084052733293,10,0.389,70,7,10,FALSE,1,-1.41590982238568,66.1875,0.610294117647059,1,FALSE,75.0135249983918,0
00-0033572,Jamal Agnew,WR,2023,11,40.3,3.66363636363636,28.4134154688569,165,6,34,26,194,192,13,0.106809081199291,0.0984762366420012,17,0.145882352941176,70.3,4.68666666666667,15,FALSE,0,-1.3488422968493057,64.25181382193803,0.5645692856581886,2,FALSE,54.07189796423326,0
00-0033576,Eric Saubert,TE,2019,2,4.1,2.05,25.3141683778234,174,2,9,5,48,48,0,0.0483360865713807,0.0302301325379891,16,0.165625,9.8,1.4,7,TRUE,0,0.371345973023808,62.176470588235304,0.585714285714286,1,FALSE,99.6312956406138,0.0483360865713807
00-0033576,Eric Saubert,TE,2020,6,4.6,0.766666666666667,26.3162217659138,174,3,3,2,21,9,0,0.0499278499278499,0.0226847918436703,2,0.34,4.1,2.05,2,TRUE,1,-0.5896550513259056,63.38685406454249,0.5430471721587525,0,TRUE,96.309286703009,0.0499278499278499
00-0033576,Eric Saubert,TE,2021,10,18.7,1.87,27.315537303217,174,4,4,3,16,13,0,0.0250253593676939,0.00957654042652778,8,0.18625,4.6,0.766666666666667,6,TRUE,0,-5.25500442379632,63.5,0.616666666666667,1,FALSE,82.4617658561213,0.0250253593676939
00-0033576,Eric Saubert,TE,2022,14,35.8,2.55714285714286,28.3148528405202,174,5,12,8,47,40,0,0.0681635647415166,0.0282360821917096,17,0.264705882352941,18.7,1.87,10,FALSE,1,-2.8481260497613583,62.11011351909185,0.5416291982158619,0,TRUE,79.89857189040993,0
00-0033576,Eric Saubert,TE,2023,3,4.2,1.4,29.3141683778234,174,6,24,15,148,202,0,0.0973150363062753,0.0832606867715846,17,0.350588235294118,35.8,2.55714285714286,14,TRUE,1,-4.57572469712941,60.05,0.437810945273632,1,FALSE,63.568368273025115,0.0973150363062753
00-0033576,Eric Saubert,TE,2024,12,26.7,2.225,30.3162217659138,174,7,3,3,12,6,0,0.0359188800049015,0.00481693676137718,8,0.2275,4.2,1.4,3,TRUE,0,-1.746163993703397,61.15189530920728,0.48150446254666934,2,FALSE,36.46942571926204,0.0359188800049015
00-0033576,Eric Saubert,TE,2025,9,9.1,1.01111111111111,31.315537303217,174,8,14,11,97,94,0,0.0724164062834014,0.0492881975093056,17,0.338235294117647,26.7,2.225,12,TRUE,1,-2.673629810734993,60.52350065055126,0.4813981445744344,4,FALSE,20.501499721059933,0.0724164062834014
00-0033589,David Moore,WR,2019,14,59.6,4.25714285714286,24.6269678302532,226,2,53,26,445,839,1,0.193516168165672,0.308876552033452,17,0.55,101,7.21428571428571,14,FALSE,0,-13.3775139572444,61.1764705882353,0.477987421383648,1,FALSE,99.63768087860034,0
00-0033589,David Moore,WR,2020,16,118.8,7.425,25.6290212183436,226,3,38,19,358,555,4,0.104271935204854,0.14940255789528,16,0.336875,59.6,4.25714285714286,14,FALSE,0,-7.49088804122155,62.333907214115975,0.5482848076249452,2,FALSE,91.5505700173843,0
00-0033589,David Moore,WR,2021,2,0,0,26.6283367556468,226,4,48,36,418,412,9,0.10561433385068,0.109266812579587,17,0.456470588235294,118.8,7.425,16,TRUE,0,-5.25500442379632,63.5,0.616666666666667,1,FALSE,75.0135249983918,0.10561433385068
00-0033589,David Moore,WR,2024,15,85.1,5.67333333333333,29.6290212183436,226,7,11,8,171,96,0,0.0536255132978765,0.0588690750475688,9,0.257777777777778,20.4,3.4,6,TRUE,1,-0.93537900248378,60.73684210526321,0.633093525179856,1,FALSE,22.163851430919827,0.0536255132978765
00-0033589,David Moore,WR,2025,3,2.7,0.9,30.6283367556468,226,8,57,32,351,631,1,0.171653906438629,0.217155931336799,17,0.539411764705882,85.1,5.67333333333333,15,FALSE,0,-0.9174934729566496,59.42308282674996,0.6249431195491183,2,FALSE,5.8228665329595835,0
00-0033591,Noah Brown,WR,2021,9,34.4,3.82222222222222,25.6536618754278,239,4,24,14,154,247,1,0.0898670267903414,0.139595461408719,16,0.20125,29.8,2.98,10,FALSE,0,-2.0653857588530733,67.62566458622284,0.5389140927812085,2,FALSE,91.5505700173843,0
00-0033591,Noah Brown,WR,2022,16,114.5,7.15625,26.652977412731,239,5,25,16,184,227,0,0.112751201406891,0.100957454836772,14,0.316428571428571,34.4,3.82222222222222,9,FALSE,0,-1.1087734579919446,67.32279387485555,0.5712511189221585,3,FALSE,75.0135249983918,0
00-0033591,Noah Brown,WR,2023,10,101.6,10.16,27.6522929500342,239,6,78,47,594,805,0,0.182963496523534,0.234661889955569,18,0.703333333333333,114.5,7.15625,16,TRUE,1,-4.57572469712941,60.05,0.437810945273632,1,FALSE,54.07189796423326,0.182963496523534
00-0033591,Noah Brown,WR,2024,11,86.3,7.84545454545455,28.6543463381246,239,7,56,33,567,675,1,0.194143538553672,0.257669479988211,11,0.617272727272727,101.6,10.16,10,TRUE,1,-2.3927249464459472,61.20751703093519,0.5382602054028329,0,TRUE,37.932505764701475,0.194143538553672
00-0033591,Noah Brown,WR,2025,4,13.3,3.325,29.6536618754278,239,8,56,35,453,637,0,0.208458868278181,0.298821117062599,11,0.630909090909091,86.3,7.84545454545455,11,FALSE,0,1.05845290147838,65,0.4615384615384619,1,FALSE,22.163851430919827,0
00-0033594,Chris Carson,RB,2019,15,232.6,15.5066666666667,24.9582477754962,NA,2,27,22,162,-6,260,0.147736508035786,-0.0102263334503828,15,0.491333333333333,201.4,14.3857142857143,14,FALSE,0,-13.3775139572444,61.1764705882353,0.477987421383648,1,FALSE,91.39560576824717,0
00-0033594,Chris Carson,RB,2020,12,187.8,15.65,25.9603011635866,249,3,47,37,266,-48,278,0.149751092619749,-0.028007016354312,15,0.698666666666667,232.6,15.5066666666667,15,FALSE,0,-7.49088804122155,62.333907214115975,0.5482848076249452,2,FALSE,93.3197777467908,0
00-0033594,Chris Carson,RB,2021,4,48.1,12.025,26.9596167008898,249,4,48,38,292,86,157,0.136560533890773,0.0179220708155659,13,0.531538461538462,187.8,15.65,12,FALSE,1,-1.3326053848525747,62.44109108555703,0.5569567092023618,0,TRUE,70.13043117440901,0
00-0033611,Ricky Seals-Jones,TE,2019,9,58.9,6.54444444444445,24.4654346338125,NA,2,69,34,343,680,0,0.178054262560337,0.234185719654001,15,0.613333333333333,74.3,4.95333333333333,15,TRUE,1,6.20990521322913,65.25,0.674846625766871,1,FALSE,99.31220378490926,0.178054262560337
00-0033611,Ricky Seals-Jones,TE,2020,1,0,0,25.4674880219028,NA,3,22,14,229,253,0,0.0970515518924179,0.128102407756385,14,0.269285714285714,58.9,6.54444444444445,9,TRUE,0,9.086456124702195,60.951722617704675,0.606813047579598,2,FALSE,99.6312956406138,0.0970515518924179
00-0033611,Ricky Seals-Jones,TE,2021,11,69.1,6.28181818181818,26.466803559206,NA,4,1,0,0,7,0,0.0384615384615385,0.0434782608695652,4,0.065,0,0,1,TRUE,0,1.26828816587635,65,0.551948051948052,1,FALSE,96.309286703009,0.0384615384615385
00-0033658,Blake Jarwin,TE,2019,15,85.5,5.7,25.1279945242984,NA,2,41,32,339,303,0,0.122833841809282,0.124296559836663,18,0.366111111111111,75.7,5.82307692307692,13,FALSE,1,-0.6847276610291635,62.57480327657379,0.5714298756030322,0,TRUE,99.6312956406138,0
00-0033658,Blake Jarwin,TE,2020,1,2.2,2.2,26.1300479123888,NA,3,41,31,365,329,0,0.0989935561788089,0.0852552835160686,16,0.38625,85.5,5.7,15,FALSE,0,-2.36529952786075,66.125,0.493055555555556,1,FALSE,96.309286703009,0
00-0033658,Blake Jarwin,TE,2021,8,32.6,4.075,27.129363449692,NA,4,1,1,12,12,0,0.027027027027027,0.0424028268551237,1,0.35,2.2,2.2,1,FALSE,0,-2.0653857588530733,67.62566458622284,0.5389140927812085,2,FALSE,82.4617658561213,0
00-0033662,Cooper Rush,QB,2022,8,59.64,7.455,28.7775496235455,NA,5,0,0,0,0,9,0,0,5,0.312,25.08,6.27,4,FALSE,0,-1.1087734579919446,67.32279387485555,0.5712511189221585,3,FALSE,82.32277997365468,0
00-0033662,Cooper Rush,QB,2023,7,4.26,0.608571428571429,29.7768651608487,NA,6,0,0,0,0,9,0,0,9,0.607777777777778,59.64,7.455,8,FALSE,1,-3.253496611940459,62.359387411143786,0.5639090904966904,3,FALSE,76.91939486134842,0
00-0033662,Cooper Rush,QB,2024,12,114.56,9.54666666666667,30.7789185489391,NA,7,0,0,0,0,12,0,0,7,0.148571428571429,4.26,0.608571428571429,7,FALSE,0,-1.9438461941564844,63.33569615957746,0.566553637844823,4,FALSE,67.23057283030921,0
00-0033662,Cooper Rush,QB,2025,4,5.72,1.43,31.7782340862423,NA,8,0,0,0,0,26,0,0,12,0.698333333333333,114.56,9.54666666666667,12,TRUE,0,0.4558089730608386,62.2806738134938,0.5473334568380964,4,FALSE,56.715950770053986,0
00-0033681,Keelan Cole,WR,2019,12,78.7,6.55833333333333,26.3655030800821,NA,2,70,38,491,691,0,0.180319564983393,0.243362013875233,16,0.665625,89.1,6.36428571428571,14,FALSE,1,2.05703243783867,61.9375,0.650793650793651,1,FALSE,91.5505700173843,0
00-0033681,Keelan Cole,WR,2020,16,149.4,9.3375,27.3675564681725,NA,3,35,24,361,374,1,0.112039936834369,0.163860082499418,16,0.345625,78.7,6.55833333333333,12,FALSE,1,-0.5896550513259056,63.38685406454249,0.5430471721587525,0,TRUE,75.0135249983918,0
00-0033681,Keelan Cole,WR,2021,14,78.9,5.63571428571429,28.3668720054757,NA,4,88,55,642,957,1,0.173179940867676,0.229526712549509,16,0.755625,149.4,9.3375,16,TRUE,1,-4.237220859663053,62.415471591191114,0.5350290456824077,3,FALSE,54.07189796423326,0.173179940867676
00-0033681,Keelan Cole,WR,2022,12,30.1,2.50833333333333,29.3661875427789,NA,5,51,28,449,686,0,0.123236515863116,0.230937531402153,15,0.583333333333333,78.9,5.63571428571429,14,TRUE,1,-2.8481260497613583,62.11011351909185,0.5416291982158619,0,TRUE,37.932505764701475,0.123236515863116
00-0033696,Sean Culkin,TE,2019,3,2.2,0.733333333333333,26.2231348391513,NA,2,1,1,24,24,0,0.032258064516129,0.180451127819549,14,0.235714285714286,3.4,1.7,2,FALSE,1,-0.6847276610291635,62.57480327657379,0.5714298756030322,0,TRUE,96.309286703009,0
00-0033699,Austin Ekeler,RB,2019,16,309,19.3125,24.2929500342231,NA,2,62,46,437,53,117,0.186960918425352,-0.00586403537165355,16,0.423125,168.8,12.0571428571429,14,FALSE,1,-0.6847276610291635,62.57480327657379,0.5714298756030322,0,TRUE,99.37614309886182,0
00-0033699,Austin Ekeler,RB,2020,10,165.3,16.53,25.2950034223135,NA,3,108,92,993,136,132,0.212952508069139,0.0174002170672738,16,0.56625,309,19.3125,16,FALSE,0,-0.392821717534081,61.625,0.605263157894737,1,FALSE,91.39560576824717,0
00-0033699,Austin Ekeler,RB,2021,16,343.8,21.4875,26.2943189596167,NA,4,65,54,403,-78,116,0.214660296509025,-0.0410029412932753,10,0.565,165.3,16.53,10,FALSE,1,-1.3326053848525747,62.44109108555703,0.5569567092023618,0,TRUE,93.3197777467908,0
00-0033699,Austin Ekeler,RB,2022,17,372.7,21.9235294117647,27.2936344969199,NA,5,94,70,647,171,206,0.177852789442754,0.0509581232545663,16,0.645625,343.8,21.4875,16,FALSE,0,2.94323904591114,65.4117647058823,0.595348837209302,1,FALSE,70.13043117440901,0
00-0033699,Austin Ekeler,RB,2023,14,185.4,13.2428571428571,28.2929500342231,NA,6,131,109,730,-111,217,0.215150946543,-0.0305345878649581,18,0.617777777777778,372.7,21.9235294117647,17,FALSE,0,4.361920524449067,66.15048913733956,0.6067168199037676,2,FALSE,50.58687746508861,0
00-0033699,Austin Ekeler,RB,2024,12,132.3,11.025,29.2950034223135,NA,7,74,51,436,-82,179,0.166712970677616,-0.0464290605516518,14,0.655,185.4,13.2428571428571,14,TRUE,1,-2.3927249464459472,61.20751703093519,0.5382602054028329,0,TRUE,25.648912801362936,0.166712970677616
00-0033699,Austin Ekeler,RB,2025,2,13.1,6.55,30.2943189596167,NA,8,56,47,450,-34,99,0.151286180965581,-0.0189917835478734,15,0.516666666666667,132.3,11.025,12,FALSE,0,1.05845290147838,65,0.4615384615384619,1,FALSE,7.711988601272322,0
00-0033720,Colin Thompson,TE,2021,3,0,0,27.7125256673511,NA,4,2,1,7,6,0,0.0370879120879121,0.0160621638909289,15,0.189333333333333,7.7,3.85,2,FALSE,0,1.97446778834423,61.25,0.5,1,FALSE,79.89857189040993,0
00-0033725,Corey Clement,RB,2019,2,-4,-2,24.829568788501,NA,2,25,22,192,-31,68,0.0873506378331504,-3.5437968269335e-4,11,0.310909090909091,81.1,7.37272727272727,11,FALSE,0,2.01562726562108,62.83333333333329,0.53072625698324,1,FALSE,91.39560576824717,0
00-0033725,Corey Clement,RB,2020,10,21,2.1,25.8316221765914,NA,3,0,0,0,0,0,0,0,1,0.04,-4,-2,2,FALSE,1,-0.5896550513259056,63.38685406454249,0.5430471721587525,0,TRUE,93.3197777467908,0
00-0033725,Corey Clement,RB,2021,11,28.9,2.62727272727273,26.8309377138946,NA,4,6,5,25,-10,21,0.0513262086012296,-0.00740509770661877,13,0.118461538461538,21,2.1,10,TRUE,0,-2.0653857588530733,67.62566458622284,0.5389140927812085,2,FALSE,70.13043117440901,0.0513262086012296
00-0033725,Corey Clement,RB,2022,5,21.9,4.38,27.8302532511978,NA,5,7,6,29,12,33,0.100613672042243,0.0280378058155836,8,0.13125,28.9,2.62727272727273,11,TRUE,0,2.1048884742145724,64.66575143138203,0.5689299557692652,6,FALSE,50.58687746508861,0.100613672042243
00-0033733,Greg Ward,WR,2020,16,133.1,8.31875,25.1416837782341,NA,3,44,31,278,296,2,0.168724747474747,0.187911631675316,8,0.59125,59.9,9.98333333333333,6,FALSE,1,-0.5896550513259056,63.38685406454249,0.5430471721587525,0,TRUE,99.63768087860034,0
00-0033733,Greg Ward,WR,2021,10,34.58,3.458,26.1409993155373,NA,4,79,53,419,444,2,0.170087801689644,0.114052780793689,16,0.698125,133.1,8.31875,16,FALSE,1,-1.556697294251077,65.79897521448999,0.5741231667858766,2,FALSE,91.5505700173843,0
00-0033742,Tyrone Swoopes,TE,2019,1,1.5,1.5,24.7967145790554,NA,2,1,1,23,8,0,0.0434782608695652,0.0357142857142857,1,0.42,3.3,3.3,1,FALSE,0,-13.3775139572444,61.1764705882353,0.477987421383648,1,FALSE,99.6312956406138,0
00-0033757,Robert Tonyan,TE,2019,9,26,2.88888888888889,25.3388090349076,NA,2,6,4,77,83,0,0.0364380768211282,0.0452278062937573,11,0.0918181818181818,17.7,2.52857142857143,7,FALSE,1,-3.73727848646601,62.4375,0.592592592592593,1,FALSE,99.6312956406138,0
00-0033757,Robert Tonyan,TE,2020,15,176.6,11.7733333333333,26.3408624229979,NA,3,15,10,100,158,0,0.0600991851068656,0.0700554572660853,13,0.263076923076923,26,2.88888888888889,9,FALSE,0,-0.2545699109913614,62.031798245614056,0.6079622132253715,2,FALSE,96.309286703009,0
00-0033757,Robert Tonyan,TE,2021,8,50.4,6.3,27.3401779603012,NA,4,67,60,668,494,0,0.139218385256125,0.12454248201542,18,0.618888888888889,176.6,11.7733333333333,15,FALSE,0,1.2448117567873749,61.772867804759954,0.5868189323739391,3,FALSE,82.4617658561213,0
00-0033757,Robert Tonyan,TE,2022,17,112,6.58823529411765,28.3394934976044,NA,5,29,18,204,262,0,0.137439103460173,0.159932259934066,8,0.60125,50.4,6.3,8,FALSE,1,-2.8481260497613583,62.11011351909185,0.5416291982158619,0,TRUE,79.89857189040993,0
00-0033757,Robert Tonyan,TE,2023,12,22.2,1.85,29.3388090349076,NA,6,67,53,470,390,0,0.15578701149335,0.113205650475231,17,0.541764705882353,112,6.58823529411765,17,TRUE,0,-11.2404955422377,57.6470588235294,0.401515151515151,1,FALSE,63.568368273025115,0.15578701149335
00-0033789,T.J. Logan,RB,2019,9,4.3,0.477777777777778,24.993839835729,NA,2,7,7,37,-2,2,0.0891534992375328,-0.00392946832147946,7,0.0471428571428571,10.9,1.81666666666667,6,TRUE,1,-0.6847276610291635,62.57480327657379,0.5714298756030322,0,TRUE,91.39560576824717,0.0891534992375328
00-0033838,Trey Edmunds,RB,2020,1,0,0,25.6728268309377,NA,3,7,6,48,6,22,0.0735511258767073,0.00901311107145482,9,0.151111111111111,20,2.85714285714286,7,FALSE,0,3.3721813220040873,61.596550407331975,0.5890179950939574,2,FALSE,93.3197777467908,0
00-0033839,Dede Westbrook,WR,2019,15,156.7,10.4466666666667,25.7768651608487,110,2,101,66,717,852,9,0.230186879460338,0.286590306871993,16,0.78125,173.5,10.84375,16,FALSE,1,2.05703243783867,61.9375,0.650793650793651,1,FALSE,91.5505700173843,0
00-0033839,Dede Westbrook,WR,2020,2,-0.6,-0.3,26.7789185489391,110,3,101,66,660,670,5,0.221313378949793,0.189475223191215,15,0.737333333333333,156.7,10.4466666666667,15,FALSE,1,-0.5896550513259056,63.38685406454249,0.5430471721587525,0,TRUE,75.0135249983918,0
00-0033839,Dede Westbrook,WR,2021,15,16.8,1.12,27.7782340862423,110,4,1,1,4,4,0,0.0238095238095238,0.012779552715655,1,0.24,-0.6,-0.3,2,TRUE,1,-1.3326053848525747,62.44109108555703,0.5569567092023618,0,TRUE,54.07189796423326,0.0238095238095238
00-0033854,Dare Ogunbowale,RB,2019,16,75.3,4.70625,25.3278576317591,NA,2,0,0,0,0,0,0,0,1,0.03,0,0,1,FALSE,1,-0.6847276610291635,62.57480327657379,0.5714298756030322,0,TRUE,91.39560576824717,0
00-0033854,Dare Ogunbowale,RB,2020,10,29.9,2.99,26.3299110198494,NA,3,46,35,286,121,11,0.0932962101568402,0.0236641249100341,16,0.313125,75.3,4.70625,16,TRUE,1,-0.5896550513259056,63.38685406454249,0.5430471721587525,0,TRUE,93.3197777467908,0.0932962101568402
00-0033854,Dare Ogunbowale,RB,2021,13,50.1,3.85384615384615,27.3292265571526,NA,4,20,10,54,17,32,0.11566549001961,0.00733177543526541,10,0.297,29.9,2.99,10,FALSE,1,-3.074511719805549,62.108863865123304,0.5780123029612375,2,FALSE,70.13043117440901,0
00-0033854,Dare Ogunbowale,RB,2022,15,48.7,3.24666666666667,28.3285420944559,NA,5,21,13,114,31,43,0.104824021229364,0.0230637659128643,12,0.243333333333333,50.1,3.85384615384615,13,TRUE,1,-2.8481260497613583,62.11011351909185,0.5416291982158619,0,TRUE,50.58687746508861,0.104824021229364
00-0033854,Dare Ogunbowale,RB,2023,9,7.3,0.811111111111111,29.3278576317591,NA,6,26,20,104,-11,42,0.115132213980898,0.00412637843396088,13,0.218461538461538,48.7,3.24666666666667,15,FALSE,1,-4.57572469712941,60.05,0.437810945273632,1,FALSE,25.648912801362936,0
00-0033854,Dare Ogunbowale,RB,2024,16,56,3.5,30.3299110198494,NA,7,8,3,31,36,10,0.0542943768008996,0.0262500158738948,10,0.204,7.3,0.811111111111111,9,FALSE,0,-3.705483912483935,60.5426101785595,0.4803488471835923,2,FALSE,7.711988601272322,0
00-0033854,Dare Ogunbowale,RB,2025,14,24.1,1.72142857142857,31.3292265571526,NA,8,29,20,198,42,32,0.102474173579017,0.0206584192500726,19,0.274736842105263,56,3.5,16,FALSE,0,-2.5050011258412974,60.992172224454286,0.5055515164721399,3,FALSE,0,0
00-0033856,Leonard Fournette,RB,2019,15,259.4,17.2933333333333,24.6187542778919,4,2,26,22,185,-14,133,0.152361012072459,-0.0164441765279556,8,0.51375,120.4,15.05,8,FALSE,1,2.05703243783867,61.9375,0.650793650793651,1,FALSE,91.39560576824717,0
00-0033856,Leonard Fournette,RB,2020,12,132,11,25.6208076659822,4,3,100,76,522,13,265,0.210070407802733,0.00591340082369024,15,0.886,259.4,17.2933333333333,15,TRUE,0,1.6930076676102641,64.19371647976597,0.5939548506101404,2,FALSE,93.3197777467908,0.210070407802733
00-0033856,Leonard Fournette,RB,2021,14,255.6,18.2571428571429,26.6201232032854,4,4,68,54,381,10,161,0.133669704542179,0.00304679316806061,16,0.499375,132,11,12,FALSE,0,0.8673730317946872,64.20348050458715,0.5632598072358128,4,FALSE,70.13043117440901,0
00-0033856,Leonard Fournette,RB,2022,16,227.1,14.19375,27.6194387405886,4,5,93,78,510,49,193,0.158479544478267,0.0108377995174591,15,0.649333333333333,255.6,18.2571428571429,14,FALSE,0,2.1048884742145724,64.66575143138203,0.5689299557692652,6,FALSE,50.58687746508861,0
00-0033856,Leonard Fournette,RB,2023,2,4,2,28.6187542778919,4,6,84,74,529,-55,194,0.142532167212728,-0.0118403591211215,17,0.588823529411765,227.1,14.19375,16,TRUE,0,5.29349471715236,63.77777777777781,0.586734693877551,1,FALSE,25.648912801362936,0.142532167212728
00-0033857,JuJu Smith-Schuster,WR,2019,12,113.2,9.43333333333333,22.7734428473648,62,2,166,111,1426,1461,1,0.257658030081508,0.295303682374305,16,0.860625,296.9,18.55625,16,FALSE,0,9.22088145774646,65.0625,0.675862068965517,1,FALSE,86.5765769116426,0
00-0033857,JuJu Smith-Schuster,WR,2020,16,234.1,14.63125,23.7754962354552,62,3,70,42,552,683,0,0.200932819434802,0.244739576699737,12,0.774166666666667,113.2,9.43333333333333,12,FALSE,0,3.3721813220040873,61.596550407331975,0.5890179950939574,2,FALSE,98.73749318926043,0
00-0033857,JuJu Smith-Schuster,WR,2021,5,34.8,6.96,24.7748117727584,62,4,147,110,988,896,0,0.219061981420422,0.194923397840219,17,0.850588235294118,234.1,14.63125,16,FALSE,0,4.32871819518336,62.84387095228973,0.5983447227642579,3,FALSE,99.63768087860034,0
00-0033857,JuJu Smith-Schuster,WR,2022,16,185.3,11.58125,25.7741273100616,62,5,36,20,155,216,3,0.184345365681573,0.165053742354127,6,0.726666666666667,34.8,6.96,5,TRUE,0,9.764874939182034,63.265673354913034,0.6318005958082872,4,FALSE,91.5505700173843,0.184345365681573
00-0033857,JuJu Smith-Schuster,WR,2023,11,61,5.54545454545455,26.7734428473648,62,6,113,88,1022,836,0,0.205698846782715,0.208808596914461,19,0.697894736842105,185.3,11.58125,16,TRUE,1,-1.1508133315416142,62.217587857511425,0.5305483396322973,0,TRUE,75.0135249983918,0.205698846782715
00-0033857,JuJu Smith-Schuster,WR,2024,11,53.1,4.82727272727273,27.7754962354552,62,7,47,29,260,338,0,0.146947883942849,0.149127162646391,11,0.643636363636364,61,5.54545454545455,11,TRUE,0,5.007275832550871,62.904761904761905,0.626126126126126,1,FALSE,54.07189796423326,0.146947883942849
00-0033857,JuJu Smith-Schuster,WR,2025,17,73.5,4.32352941176471,28.7748117727584,62,8,32,22,307,193,0,0.111704649329629,0.123385874120556,17,0.474117647058824,53.1,4.82727272727273,11,FALSE,0,5.300602599522808,62.06117943246481,0.6217951442008044,2,FALSE,37.932505764701475,0
00-0033858,Jonnu Smith,TE,2019,15,104.7,6.98,24.0273785078713,100,2,30,20,258,155,0,0.136397332616128,0.0980776424843773,13,0.747692307692308,63.8,5.31666666666667,12,FALSE,1,-0.6847276610291635,62.57480327657379,0.5714298756030322,0,TRUE,99.31220378490926,0
00-0033858,Jonnu Smith,TE,2020,14,140.2,10.0142857142857,25.0294318959617,100,3,53,41,498,303,4,0.158405193061436,0.0938448567214582,19,0.735263157894737,104.7,6.98,15,FALSE,0,-6.43469719202592,57.4210526315789,0.513698630136986,1,FALSE,99.6312956406138,0
00-0033858,Jonnu Smith,TE,2021,16,67.4,4.2125,26.0287474332649,100,4,68,43,457,368,2,0.190638955479628,0.125113310383079,16,0.74375,140.2,10.0142857142857,14,TRUE,0,-4.238815247798903,65.31543463133406,0.4723516745873113,3,FALSE,96.309286703009,0.190638955479628
00-0033858,Jonnu Smith,TE,2022,12,52,4.33333333333333,27.0280629705681,100,5,45,28,294,249,9,0.119380064761902,0.0839257989520055,17,0.500588235294118,67.4,4.2125,16,FALSE,1,-2.8481260497613583,62.11011351909185,0.5416291982158619,0,TRUE,82.4617658561213,0
00-0033858,Jonnu Smith,TE,2023,17,124.2,7.30588235294118,28.0273785078713,100,6,38,27,245,116,1,0.110695412569786,0.0409746795052885,14,0.48,52,4.33333333333333,12,TRUE,0,-6.726744015948854,58.588294353886134,0.4820650886087547,2,FALSE,79.89857189040993,0.110695412569786
00-0033858,Jonnu Smith,TE,2024,17,222.3,13.0764705882353,29.0294318959617,100,7,70,50,582,458,1,0.165894622876114,0.124356576406303,17,0.573529411764706,124.2,7.30588235294118,17,TRUE,0,1.6387244690867036,59.873498324310376,0.5398887365534697,2,FALSE,63.568368273025115,0.165894622876114
00-0033858,Jonnu Smith,TE,2025,17,85.2,5.01176470588235,30.0287474332649,100,8,111,88,884,542,2,0.230443882849173,0.178647299640935,17,0.548823529411765,222.3,13.0764705882353,17,TRUE,0,-6.551421263838917,60.54958485906386,0.498988084765842,3,FALSE,36.46942571926204,0.230443882849173
00-0033869,Mitchell Trubisky,QB,2019,15,212.82,14.188,25.0321697467488,2,2,0,0,0,0,71,0,0,15,0.994,275.02,19.6442857142857,14,FALSE,0,0.371345973023808,62.176470588235304,0.585714285714286,1,FALSE,97.53698303935931,0
00-0033869,Mitchell Trubisky,QB,2020,10,161.7,16.17,26.0342231348392,2,3,0,0,0,0,48,0,0,15,0.933333333333333,212.82,14.188,15,FALSE,1,0.935528214695384,58.0625,0.621848739495798,1,FALSE,94.39609488384028,0
00-0033869,Mitchell Trubisky,QB,2021,5,9.12,1.824,27.0335386721424,2,4,0,0,0,0,36,0,0,11,0.852727272727273,161.7,16.17,10,TRUE,0,1.6002689201484088,62.7547023148179,0.5516260061675191,3,FALSE,100.1093045339178,0
00-0033869,Mitchell Trubisky,QB,2022,7,78.88,11.2685714285714,28.0328542094456,2,5,0,0,0,0,16,0,0,7,0.0757142857142857,9.12,1.824,5,TRUE,1,-2.8481260497613583,62.11011351909185,0.5416291982158619,0,TRUE,89.57744281082132,0
00-0033869,Mitchell Trubisky,QB,2023,5,53.68,10.736,29.0321697467488,2,6,0,0,0,0,19,0,0,7,0.827142857142857,78.88,11.2685714285714,7,FALSE,0,-4.60431391612077,64.5882352941177,0.5,1,FALSE,82.32277997365468,0
00-0033869,Mitchell Trubisky,QB,2024,8,15.26,1.9075,30.0342231348392,2,7,0,0,0,0,16,0,0,5,0.632,53.68,10.736,5,TRUE,1,-0.8649786736527051,62.918497519489705,0.4885280251440543,2,FALSE,76.91939486134842,0
00-0033869,Mitchell Trubisky,QB,2025,4,31.12,7.78,31.0335386721424,2,8,0,0,0,0,20,0,0,10,0.167,15.26,1.9075,8,FALSE,0,-1.7945790111540487,61.81365180352616,0.4638303406066273,3,FALSE,67.23057283030921,0
00-0033871,Corey Davis,WR,2019,15,115.1,7.67333333333333,24.6379192334018,5,2,112,65,891,1159,6,0.290786280156309,0.381091270011817,16,0.883125,183.6,11.475,16,FALSE,1,-0.6847276610291635,62.57480327657379,0.5714298756030322,0,TRUE,99.63768087860034,0
00-0033871,Corey Davis,WR,2020,14,191.4,13.6714285714286,25.6399726214921,5,3,81,49,669,998,0,0.186044932123069,0.269926372064722,18,0.765,115.1,7.67333333333333,15,FALSE,0,-6.43469719202592,57.4210526315789,0.513698630136986,1,FALSE,91.5505700173843,0
00-0033871,Corey Davis,WR,2021,9,105.2,11.6888888888889,26.6392881587953,5,4,94,65,984,1092,0,0.258054877778972,0.332384807258368,15,0.763333333333333,191.4,13.6714285714286,14,TRUE,1,-4.237220859663053,62.415471591191114,0.5350290456824077,3,FALSE,75.0135249983918,0.258054877778972
00-0033871,Corey Davis,WR,2022,13,97.6,7.50769230769231,27.6386036960986,5,5,59,34,492,765,0,0.199391147502722,0.30866656144193,9,0.787777777777778,105.2,11.6888888888889,9,FALSE,0,-3.2398543233494106,61.92644902198673,0.5336580980676521,4,FALSE,54.07189796423326,0
00-0033873,Patrick Mahomes,QB,2019,14,292.04,20.86,23.9561943874059,10,2,0,0,0,0,65,0,0,18,0.986666666666667,429.08,26.8175,16,FALSE,0,8.36410846493461,61.5555555555556,0.637755102040816,1,FALSE,100.67668139230038,0
00-0033873,Patrick Mahomes,QB,2020,15,380.4,25.36,24.9582477754962,10,3,0,0,0,0,67,0,0,17,0.944705882352941,292.04,20.86,14,FALSE,0,9.086456124702195,60.951722617704675,0.606813047579598,2,FALSE,97.53698303935931,0
00-0033873,Patrick Mahomes,QB,2021,17,374.66,22.0388235294118,25.9575633127995,10,4,2,0,0,25,75,0.0227743271221532,0.0351197156752712,17,0.960588235294118,380.4,25.36,15,FALSE,0,9.2487708965395,62.24912817981407,0.6206834181363526,3,FALSE,94.39609488384028,0
00-0033873,Patrick Mahomes,QB,2022,17,429.4,25.2588235294118,26.9568788501027,10,5,0,0,0,0,79,0,0,20,0.978,374.66,22.0388235294118,17,FALSE,0,9.764874939182034,63.265673354913034,0.6318005958082872,4,FALSE,100.1093045339178,0
00-0033873,Patrick Mahomes,QB,2023,16,294.22,18.38875,27.9561943874059,10,6,1,1,6,-9,73,0.024390243902439,-0.0287539936102236,20,0.9765,429.4,25.2588235294118,17,FALSE,1,-1.1508133315416142,62.217587857511425,0.5305483396322973,0,TRUE,89.57744281082132,0
00-0033873,Patrick Mahomes,QB,2024,16,294.02,18.37625,28.9582477754962,10,7,0,0,0,0,98,0,0,20,0.9865,294.22,18.38875,16,FALSE,0,5.007275832550871,62.904761904761905,0.626126126126126,1,FALSE,82.32277997365468,0
00-0033873,Patrick Mahomes,QB,2025,14,296.68,21.1914285714286,29.9575633127995,10,8,1,1,2,-1,80,0.037037037037037,-0.00606060606060606,19,0.994210526315789,294.02,18.37625,16,FALSE,0,5.300602599522808,62.06117943246481,0.6217951442008044,2,FALSE,76.91939486134842,0
00-0033879,O.J. Howard,TE,2019,14,83.9,5.99285714285714,24.7857631759069,19,2,48,34,565,567,0,0.133288537432472,0.147163233192113,10,0.604,120.5,12.05,10,FALSE,1,-0.6847276610291635,62.57480327657379,0.5714298756030322,0,TRUE,99.6312956406138,0
00-0033879,O.J. Howard,TE,2020,4,37.6,9.4,25.7878165639973,19,3,53,34,459,528,0,0.132223811568035,0.124082720679234,14,0.792142857142857,83.9,5.99285714285714,14,FALSE,0,1.6930076676102641,64.19371647976597,0.5939548506101404,2,FALSE,96.309286703009,0
00-0033879,O.J. Howard,TE,2021,10,33.5,3.35,26.7871321013005,19,4,19,11,146,226,0,0.134758464789425,0.187129958890076,4,0.4875,37.6,9.4,4,FALSE,0,0.8673730317946872,64.20348050458715,0.5632598072358128,4,FALSE,82.4617658561213,0
00-0033879,O.J. Howard,TE,2022,11,36.5,3.31818181818182,27.7864476386037,19,5,23,16,145,143,0,0.0865363130117866,0.0595523769054735,19,0.300526315789474,33.5,3.35,10,TRUE,1,-2.8481260497613583,62.11011351909185,0.5416291982158619,0,TRUE,79.89857189040993,0.0865363130117866
00-0033881,Evan Engram,TE,2019,8,109.4,13.675,24.9965776865161,NA,2,64,45,577,339,3,0.189080017146075,0.12813041913311,11,0.655454545454546,126.3,11.4818181818182,11,FALSE,0,-0.11700487545225,61.125,0.565217391304348,1,FALSE,99.6312956406138,0
00-0033881,Evan Engram,TE,2020,16,141,8.8125,25.9986310746064,23,3,68,44,467,397,3,0.237189504166352,0.176258877093752,8,0.7975,109.4,13.675,8,FALSE,1,-0.5896550513259056,63.38685406454249,0.5430471721587525,0,TRUE,96.309286703009,0
00-0033881,Evan Engram,TE,2021,15,102.5,6.83333333333333,26.9979466119097,23,4,109,63,654,785,6,0.241423694948396,0.226130568684021,16,0.82375,141,8.8125,16,FALSE,0,-1.58459729902941,59.125,0.608,1,FALSE,82.4617658561213,0
00-0033881,Evan Engram,TE,2022,17,176.9,10.4058823529412,27.9972621492129,23,5,73,46,408,366,1,0.156887504324815,0.0904958483118313,15,0.746666666666667,102.5,6.83333333333333,15,TRUE,1,-1.41590982238568,66.1875,0.610294117647059,1,FALSE,79.89857189040993,0.156887504324815
00-0033881,Evan Engram,TE,2023,17,230.3,13.5470588235294,28.9965776865161,23,6,115,85,890,679,2,0.221139082011786,0.176517685513564,19,0.794736842105263,176.9,10.4058823529412,17,FALSE,0,-1.3488422968493057,64.25181382193803,0.5645692856581886,2,FALSE,63.568368273025115,0
00-0033881,Evan Engram,TE,2024,9,89.5,9.94444444444444,29.9986310746064,23,7,143,114,963,716,0,0.247964570898434,0.152139907431506,17,0.786470588235294,230.3,13.5470588235294,17,FALSE,0,-0.16653390748279134,64.32353884647833,0.5623575634262084,3,FALSE,36.46942571926204,0
00-0033881,Evan Engram,TE,2025,16,102.8,6.425,30.9979466119097,23,8,64,47,365,360,0,0.266282894736842,0.164721258458011,9,0.72,89.5,9.94444444444444,9,TRUE,0,1.6623237357923664,63.199504917454426,0.5887198393990302,5,FALSE,20.501499721059933,0.266282894736842
00-0033885,David Njoku,TE,2019,3,15.1,5.03333333333333,23.1430527036277,29,2,88,56,639,762,0,0.189775069662317,0.158430563154577,16,0.79625,143.9,9.59333333333333,15,FALSE,1,6.20990521322913,65.25,0.674846625766871,1,FALSE,74.1857788205039,0
00-0033885,David Njoku,TE,2020,11,52.3,4.75454545454545,24.145106091718,29,3,10,5,41,64,0,0.138770933014354,0.0999560821859445,4,0.3775,15.1,5.03333333333333,3,FALSE,1,-0.5896550513259056,63.38685406454249,0.5430471721587525,0,TRUE,99.31220378490926,0
00-0033885,David Njoku,TE,2021,15,107.6,7.17333333333333,25.1444216290212,29,4,35,24,279,244,0,0.109744590303303,0.085095026651577907,15,0.468,52.3,4.75454545454545,11,FALSE,0,-1.61018073558807,62.5,0.46808510638297895,1,FALSE,99.6312956406138,0
00-0033885,David Njoku,TE,2022,14,142,10.1428571428571,26.1437371663244,29,5,53,36,475,432,1,0.143365410250657,0.137399753881772,16,0.64625,107.6,7.17333333333333,15,FALSE,0,-3.175694760403078,61.836291725562674,0.46540353266213097,2,FALSE,96.309286703009,0
00-0033885,David Njoku,TE,2023,16,201.2,12.575,27.1430527036277,29,6,80,58,628,535,2,0.212437240291071,0.152248826838621,14,0.842857142857143,142,10.1428571428571,14,FALSE,0,-4.569155185908812,62.7422569763876,0.4895010347471576,3,FALSE,82.4617658561213,0
00-0033885,David Njoku,TE,2024,11,148.5,13.5,28.145106091718,29,7,134,88,975,701,0,0.244084682104265,0.178637276423011,17,0.810588235294118,201.2,12.575,16,FALSE,1,-1.07547140563658,62.6875,0.580645161290323,1,FALSE,79.89857189040993,0
00-0033885,David Njoku,TE,2025,11,86.3,7.84545454545454,29.1444216290212,29,8,97,64,505,510,0,0.257385636726129,0.17074492608664,11,0.749090909090909,148.5,13.5,11,FALSE,1,-2.3156060854344385,60.48222947073567,0.5428931050762806,0,TRUE,63.568368273025115,0
00-0033891,Zay Jones,WR,2019,14,48.9,3.49285714285714,24.4243668720055,37,2,102,56,652,1226,1,0.254910672288667,0.29562312782886,16,0.891875,165.2,10.325,16,FALSE,0,-5.4886656210703,62.375,0.495652173913044,1,FALSE,98.73749318926043,0
00-0033891,Zay Jones,WR,2020,11,36.56,3.32363636363636,25.4264202600958,37,3,18,7,69,250,0,0.145126350614155,0.183267219727342,5,0.46,48.9,3.49285714285714,14,TRUE,0,-0.6006980829077988,61.12525562372189,0.537748270162759,2,FALSE,99.63768087860034,0.145126350614155
00-0033891,Zay Jones,WR,2021,15,105.9,7.06,26.425735797399,37,4,20,14,154,142,0,0.0929388611049517,0.101441254592975,16,0.26,36.56,3.32363636363636,11,FALSE,0,-0.5850600027418753,62.090991104397446,0.5329616513244375,3,FALSE,91.5505700173843,0
00-0033891,Zay Jones,WR,2022,16,198.1,12.38125,27.4250513347023,37,5,78,52,607,1068,2,0.196838101615046,0.298273874304049,18,0.585555555555556,105.9,7.06,15,TRUE,1,-1.41590982238568,66.1875,0.610294117647059,1,FALSE,75.0135249983918,0.196838101615046
00-0033891,Zay Jones,WR,2023,9,78.1,8.67777777777778,28.4243668720055,37,6,141,95,980,1235,4,0.240538033539158,0.288638923758296,18,0.878888888888889,198.1,12.38125,16,FALSE,0,-1.3488422968493057,64.25181382193803,0.5645692856581886,2,FALSE,54.07189796423326,0
00-0033891,Zay Jones,WR,2024,6,16.4,2.73333333333333,29.4264202600958,37,7,64,34,321,871,0,0.202887369571836,0.306781287264293,9,0.736666666666667,78.1,8.67777777777778,9,TRUE,0,-7.77746334075928,62.294117647058805,0.53968253968254,1,FALSE,37.932505764701475,0.202887369571836
00-0033891,Zay Jones,WR,2025,6,30.3,5.05,30.425735797399,37,8,11,8,84,119,0,0.0919360431760108,0.168003145020262,11,0.345454545454545,16.4,2.73333333333333,6,FALSE,0,-4.450844670721244,61.33889123994921,0.5266301244718511,2,FALSE,22.163851430919827,0
00-0033893,Dalvin Cook,RB,2019,14,292.4,20.8857142857143,24.0602327173169,41,2,49,40,305,-90,133,0.168828610657116,-0.0396616896929249,11,0.698181818181818,152,13.8181818181818,11,FALSE,1,-0.6847276610291635,62.57480327657379,0.5714298756030322,0,TRUE,99.37614309886182,0
00-0033893,Dalvin Cook,RB,2020,14,337.8,24.1285714285714,25.0622861054073,41,3,76,62,563,-105,287,0.197693197738936,-0.0402647801875411,16,0.674375,292.4,20.8857142857143,14,FALSE,1,-0.5896550513259056,63.38685406454249,0.5430471721587525,0,TRUE,91.39560576824717,0
00-0033893,Dalvin Cook,RB,2021,13,206.3,15.8692307692308,26.0616016427105,41,4,54,44,361,-96,312,0.152052419039585,-0.0528633428188433,14,0.709285714285714,337.8,24.1285714285714,14,FALSE,1,-1.3326053848525747,62.44109108555703,0.5569567092023618,0,TRUE,93.3197777467908,0
00-0033893,Dalvin Cook,RB,2022,17,237.8,13.9882352941176,27.0609171800137,41,5,49,34,224,-79,249,0.133912908228513,-0.0329600053591395,13,0.697692307692308,206.3,15.8692307692308,13,FALSE,1,-2.8481260497613583,62.11011351909185,0.5416291982158619,0,TRUE,70.13043117440901,0
00-0033893,Dalvin Cook,RB,2023,14,40.2,2.87142857142857,28.0602327173169,41,6,63,45,305,-53,279,0.122365478365181,-0.0191839453070441,18,0.728888888888889,237.8,13.9882352941176,17,TRUE,1,1.7472426029804171,61.63220683305003,0.5940290152635698,4,FALSE,50.58687746508861,0.122365478365181
00-0033893,Dalvin Cook,RB,2024,2,4,2,29.0622861054073,41,7,20,15,78,-23,67,0.0741716421716422,-0.0125701657082167,15,0.223333333333333,40.2,2.87142857142857,14,TRUE,0,-1.9438461941564844,63.33569615957746,0.566553637844823,4,FALSE,25.648912801362936,0.0741716421716422
00-0033895,Gerald Everett,TE,2019,12,89.8,7.48333333333333,25.1854893908282,44,2,57,35,370,377,2,0.122426487901973,0.0965767650957966,18,0.37,86.6,5.77333333333333,15,FALSE,1,-3.66217017397005,59.75,0.556603773584906,1,FALSE,99.6312956406138,0
00-0033895,Gerald Everett,TE,2020,15,92.9,6.19333333333333,26.1875427789185,44,3,60,37,408,487,1,0.195244015397432,0.199146012601549,12,0.536666666666667,89.8,7.48333333333333,12,FALSE,0,-1.701287477845543,60.1919347826087,0.5570514157122465,3,FALSE,96.309286703009,0
00-0033895,Gerald Everett,TE,2021,15,117.8,7.85333333333333,27.1868583162218,44,4,64,41,417,401,1,0.130535500816835,0.115265049803363,18,0.565555555555556,92.9,6.19333333333333,15,TRUE,1,-1.3326053848525747,62.44109108555703,0.5569567092023618,0,TRUE,82.4617658561213,0.130535500816835
00-0033895,Gerald Everett,TE,2022,15,139.5,9.3,28.186173853525,44,5,63,48,478,330,3,0.17376983997945,0.0925650073655603,15,0.752,117.8,7.85333333333333,15,TRUE,0,2.94323904591114,65.4117647058823,0.595348837209302,1,FALSE,79.89857189040993,0.17376983997945
00-0033895,Gerald Everett,TE,2023,15,111.1,7.40666666666667,29.1854893908282,44,6,95,64,664,538,1,0.154247302170879,0.135181479457674,17,0.588235294117647,139.5,9.3,15,FALSE,0,4.361920524449067,66.15048913733956,0.6067168199037676,2,FALSE,63.568368273025115,0
00-0033895,Gerald Everett,TE,2024,10,11.6,1.16,30.1875427789185,44,7,70,51,411,282,3,0.168731658957578,0.0880375872088714,15,0.566,111.1,7.40666666666667,15,TRUE,1,0.09937692503816128,58.15604034108125,0.5602657737692467,3,FALSE,36.46942571926204,0.168731658957578
00-0033896,Adam Shaheen,TE,2019,7,16.4,2.34285714285714,24.8542094455852,NA,2,10,8,61,83,0,0.0771032079778926,0.0784461512804358,7,0.444285714285714,17.8,3.56,5,FALSE,0,0.371345973023808,62.176470588235304,0.585714285714286,1,FALSE,99.6312956406138,0
00-0033896,Adam Shaheen,TE,2020,13,45,3.46153846153846,25.8562628336756,45,3,13,9,74,49,0,0.0634596270269895,0.0301589374982579,8,0.34375,16.4,2.34285714285714,7,TRUE,1,-0.5896550513259056,63.38685406454249,0.5430471721587525,0,TRUE,96.309286703009,0.0634596270269895
00-0033896,Adam Shaheen,TE,2021,7,23,3.28571428571429,26.8555783709788,45,4,22,12,150,95,0,0.0567558892138825,0.0376212315408629,16,0.343125,45,3.46153846153846,13,FALSE,1,-1.3326053848525747,62.44109108555703,0.5569567092023618,0,TRUE,82.4617658561213,0
00-0033897,Joe Mixon,RB,2019,16,225.4,14.0875,23.1047227926078,48,2,55,43,296,1,237,0.156268486759654,-0.0155876281871932,14,0.697142857142857,243.4,17.3857142857143,14,FALSE,1,-0.6847276610291635,62.57480327657379,0.5714298756030322,0,TRUE,96.89962194628248,0
00-0033897,Joe Mixon,RB,2020,6,99.6,16.6,24.1067761806982,48,3,45,35,287,-2,278,0.0941484047279469,-0.00533531753057291,16,0.6,225.4,14.0875,16,FALSE,0,0.747418243329004,64.625,0.617021276595745,1,FALSE,99.37614309886182,0
00-0033897,Joe Mixon,RB,2021,16,287.9,17.99375,25.1060917180014,48,4,26,21,138,-29,119,0.15638442616593,-0.0148174159619948,NA,NA,99.6,16.6,6,FALSE,0,2.510348320281197,64.50024224806202,0.5993945381770283,2,FALSE,91.39560576824717,0
00-0033897,Joe Mixon,RB,2022,14,239.5,17.1071428571429,26.1054072553046,48,5,69,60,421,-24,359,0.150645719325548,-0.00947327404620078,20,0.683,287.9,17.99375,16,FALSE,0,2.677685954614587,63.142209216222355,0.5919254926756715,3,FALSE,93.3197777467908,0
00-0033897,Joe Mixon,RB,2023,17,267,15.7058823529412,27.1047227926078,48,6,85,68,491,-31,249,0.155273985260149,-0.0153625525383804,17,0.612941176470588,239.5,17.1071428571429,14,FALSE,0,4.526730966061893,63.31439633983992,0.591176217626744,4,FALSE,70.13043117440901,0
00-0033897,Joe Mixon,RB,2024,14,240.5,17.1785714285714,28.1067761806982,48,7,64,52,376,-114,257,0.124627722402173,-0.0391630797750556,17,0.688823529411765,267,15.7058823529412,17,TRUE,0,-3.705483912483935,60.5426101785595,0.4803488471835923,2,FALSE,50.58687746508861,0.124627722402173
00-0033906,Alvin Kamara,RB,2019,14,248.52,17.7514285714286,24.104038329911,67,2,122,96,840,210,218,0.275797449821805,0.0593133538518355,17,0.661764705882353,354.2,23.6133333333333,15,FALSE,0,0.550929796968577,62,0.521551724137931,1,FALSE,99.37614309886182,0
00-0033906,Alvin Kamara,RB,2020,15,377.8,25.1866666666667,25.1060917180014,67,3,106,89,567,25,178,0.231458213691181,-0.00744354951642982,15,0.694666666666667,248.52,17.7514285714286,14,FALSE,0,1.8447942208887929,61.60275019098548,0.5593931930138827,2,FALSE,91.39560576824717,0
00-0033906,Alvin Kamara,RB,2021,13,234.7,18.0538461538462,26.1054072553046,67,4,115,88,793,83,228,0.251136732487972,0.0114672517983778,17,0.665294117647059,377.8,25.1866666666667,15,FALSE,0,-0.17176604021972183,62.57684815504885,0.5315089522252244,3,FALSE,93.3197777467908,0
00-0033906,Alvin Kamara,RB,2022,15,211.7,14.1133333333333,27.1047227926078,67,5,67,47,439,77,240,0.242739627432197,0.0412014917601552,13,0.756923076923077,234.7,18.0538461538462,13,FALSE,0,-1.0017622280411616,62.17367515588611,0.5342540590250734,4,FALSE,70.13043117440901,0
00-0033906,Alvin Kamara,RB,2023,13,233,17.9230769230769,28.104038329911,67,6,77,57,490,73,223,0.214076923036735,0.0229126566024198,15,0.697333333333333,211.7,14.1133333333333,15,FALSE,0,-2.7801235815858245,61.55797462571899,0.5385562169808286,5,FALSE,50.58687746508861,0
00-0033906,Alvin Kamara,RB,2024,14,265.3,18.95,29.1060917180014,67,7,86,75,466,5,180,0.220883493187044,-0.00114706969448609,13,0.621538461538462,233,17.9230769230769,13,FALSE,1,-1.746163993703397,61.15189530920728,0.48150446254666934,2,FALSE,25.648912801362936,0
00-0033906,Alvin Kamara,RB,2025,11,100.7,9.15454545454545,30.1054072553046,67,8,89,68,543,79,228,0.228244020898183,0.0221631418615789,14,0.708571428571429,265.3,18.95,14,FALSE,1,-2.3156060854344385,60.48222947073567,0.5428931050762806,0,TRUE,7.711988601272322,0
00-0033908,Cooper Kupp,WR,2019,16,270.5,16.90625,26.2121834360027,69,2,55,40,566,460,4,0.241678615861167,0.244184425033112,8,0.8325,135.1,16.8875,8,FALSE,1,-3.66217017397005,59.75,0.556603773584906,1,FALSE,91.5505700173843,0
00-0033908,Cooper Kupp,WR,2020,15,208.7,13.9133333333333,27.2142368240931,69,3,134,94,1161,970,2,0.250445631758557,0.22488028321074,16,0.805625,270.5,16.90625,16,FALSE,0,-1.701287477845543,60.1919347826087,0.5570514157122465,3,FALSE,75.0135249983918,0
00-0033908,Cooper Kupp,WR,2021,17,439.5,25.8529411764706,28.2135523613963,69,4,133,96,1052,943,4,0.258040539740724,0.265649888641602,16,0.8075,208.7,13.9133333333333,15,FALSE,0,-0.639111168038151,61.890182746738866,0.513483002919607,4,FALSE,54.07189796423326,0
00-0033908,Cooper Kupp,WR,2022,9,201.4,22.3777777777778,29.2128678986995,69,5,233,178,2425,2017,6,0.330704733076144,0.335765028564999,21,0.951904761904762,439.5,25.8529411764706,17,FALSE,1,-2.8481260497613583,62.11011351909185,0.5416291982158619,0,TRUE,37.932505764701475,0
00-0033908,Cooper Kupp,WR,2023,12,164.4,13.7,30.2121834360027,69,6,98,75,812,713,9,0.33454252053497,0.392870285318804,9,0.95,201.4,22.3777777777778,9,FALSE,0,-3.35668263581916,58.0588235294118,0.595419847328244,1,FALSE,22.163851430919827,0
00-0033908,Cooper Kupp,WR,2024,12,175,14.5833333333333,31.2142368240931,69,7,104,64,764,849,1,0.289188778382795,0.280570375216638,13,0.913076923076923,164.4,13.7,12,FALSE,0,-1.5340879553944275,60.88578223955308,0.5544179392950374,2,FALSE,5.8228665329595835,0
00-0033908,Cooper Kupp,WR,2025,16,117.3,7.33125,32.2135523613963,69,8,108,73,800,886,2,0.291091961044191,0.29375170836659,14,0.806428571428571,175,14.5833333333333,12,TRUE,1,-2.673629810734993,60.52350065055126,0.4813981445744344,4,FALSE,0,0.291091961044191
00-0033911,Taywan Taylor,WR,2019,2,0,0,24.5010266940452,72,2,56,37,466,732,0,0.199072440833961,0.310889960425295,13,0.569230769230769,87.6,6.73846153846154,13,TRUE,1,6.20990521322913,65.25,0.674846625766871,1,FALSE,99.63768087860034,0.199072440833961
00-0033911,Taywan Taylor,WR,2020,1,0,0,25.5030800821355,72,3,1,0,0,33,0,0.03125,0.0959302325581395,3,0.143333333333333,0,0,2,FALSE,1,-0.5896550513259056,63.38685406454249,0.5430471721587525,0,TRUE,91.5505700173843,0
00-0033921,Chris Godwin Jr.,WR,2019,14,276.1,19.7214285714286,23.5099247091034,84,2,95,59,842,1109,0,0.17994261045435,0.196683338532585,16,0.6425,185.2,11.575,16,FALSE,1,-0.6847276610291635,62.57480327657379,0.5714298756030322,0,TRUE,98.73749318926043,0
00-0033921,Chris Godwin Jr.,WR,2020,12,191,15.9166666666667,24.5119780971937,84,3,121,86,1333,1267,1,0.247764701215263,0.254693739611274,14,0.923571428571429,276.1,19.7214285714286,14,FALSE,0,1.6930076676102641,64.19371647976597,0.5939548506101404,2,FALSE,99.63768087860034,0
00-0033921,Chris Godwin Jr.,WR,2021,14,242.4,17.3142857142857,25.5112936344969,84,4,116,81,1072,1198,1,0.212509599013826,0.213742518804433,15,0.862666666666667,191,15.9166666666667,12,FALSE,0,0.8673730317946872,64.20348050458715,0.5632598072358128,4,FALSE,91.5505700173843,0
00-0033921,Chris Godwin Jr.,WR,2022,15,222.8,14.8533333333333,26.5106091718001,84,5,127,98,1103,931,4,0.244638138413128,0.223001863249934,14,0.855,242.4,17.3142857142857,14,FALSE,0,2.1048884742145724,64.66575143138203,0.5689299557692652,6,FALSE,75.0135249983918,0
00-0033921,Chris Godwin Jr.,WR,2023,17,209.2,12.3058823529412,27.5099247091034,84,6,155,114,1108,863,3,0.231528676577713,0.187265960705503,16,0.8075,222.8,14.8533333333333,15,FALSE,1,-1.1508133315416142,62.217587857511425,0.5305483396322973,0,TRUE,54.07189796423326,0
00-0033921,Chris Godwin Jr.,WR,2024,7,137.8,19.6857142857143,28.5119780971937,84,7,143,91,1109,1310,4,0.257729133947613,0.280132430534989,19,0.813157894736842,209.2,12.3058823529412,17,FALSE,1,-1.5340879553944275,60.88578223955308,0.5544179392950374,2,FALSE,37.932505764701475,0
00-0033921,Chris Godwin Jr.,WR,2025,9,83,9.22222222222222,29.5112936344969,84,8,62,50,576,356,1,0.286304082027879,0.282988523592574,7,0.87,137.8,19.6857142857143,7,FALSE,1,-2.3156060854344385,60.48222947073567,0.5428931050762806,0,TRUE,22.163851430919827,0
00-0033923,Kareem Hunt,RB,2019,8,101.4,12.675,24.0711841204654,86,2,35,26,378,68,181,0.124508096011265,0.0337454937462629,11,0.705454545454545,230.2,20.9272727272727,11,TRUE,1,6.20990521322913,65.25,0.674846625766871,1,FALSE,99.37614309886182,0.124508096011265
00-0033923,Kareem Hunt,RB,2020,16,218.5,13.65625,25.0732375085558,86,3,44,37,285,35,43,0.194824354274115,0.0222721360173515,8,0.6,101.4,12.675,8,FALSE,1,-0.5896550513259056,63.38685406454249,0.5430471721587525,0,TRUE,91.39560576824717,0
00-0033923,Kareem Hunt,RB,2021,8,110,13.75,26.072553045859,86,4,53,40,319,62,212,0.125750075012663,0.014497946389816,18,0.517222222222222,218.5,13.65625,16,FALSE,0,-1.61018073558807,62.5,0.46808510638297895,1,FALSE,93.3197777467908,0
00-0033923,Kareem Hunt,RB,2022,17,126.8,7.45882352941177,27.0718685831622,86,5,27,22,174,4,78,0.158403055532764,-7.0524639068692e-4,8,0.4375,110,13.75,8,FALSE,0,-3.175694760403078,61.836291725562674,0.46540353266213097,2,FALSE,70.13043117440901,0
00-0033923,Kareem Hunt,RB,2023,15,118.5,7.9,28.0711841204654,86,6,44,35,210,-12,123,0.109741254006553,0.00320549188788214,17,0.415882352941176,126.8,7.45882352941177,17,FALSE,0,-4.569155185908812,62.7422569763876,0.4895010347471576,3,FALSE,50.58687746508861,0
00-0033923,Kareem Hunt,RB,2024,13,155.4,11.9538461538462,29.0732375085558,86,7,27,20,93,-15,143,0.082753315218471,-0.0123204192885183,16,0.315625,118.5,7.9,15,TRUE,0,5.007275832550871,62.904761904761905,0.626126126126126,1,FALSE,25.648912801362936,0.082753315218471
00-0033923,Kareem Hunt,RB,2025,17,145.4,8.55294117647059,30.072553045859,86,8,35,26,189,-60,228,0.123676888170758,-0.032368853504592,16,0.498125,155.4,11.9538461538462,13,FALSE,0,5.300602599522808,62.06117943246481,0.6217951442008044,2,FALSE,7.711988601272322,0
00-0033925,D'Onta Foreman,RB,2021,9,93.9,10.4333333333333,25.3552361396304,89,4,1,1,5,2,22,0.037037037037037,0.0101522842639594,5,0.094,17,3.4,5,FALSE,1,-1.3326053848525747,62.44109108555703,0.5569567092023618,0,TRUE,91.39560576824717,0
00-0033925,D'Onta Foreman,RB,2022,16,131,8.1875,26.3545516769336,89,5,11,9,123,-1,137,0.068632579294344,3.37818373002629e-5,10,0.366,93.9,10.4333333333333,9,TRUE,1,-2.8481260497613583,62.11011351909185,0.5416291982158619,0,TRUE,93.3197777467908,0.068632579294344
00-0033925,D'Onta Foreman,RB,2023,9,91.2,10.133333333333301,27.3538672142368,89,6,9,5,26,-3,203,0.0736680036411219,0.00632271183173186,17,0.334705882352941,131,8.1875,16,TRUE,0,-11.2404955422377,57.6470588235294,0.401515151515151,1,FALSE,70.13043117440901,0.0736680036411219
00-0033925,D'Onta Foreman,RB,2024,10,32.6,3.26,28.3559206023272,89,7,16,11,77,21,109,0.105427733768251,-0.0193290863095471,9,0.426666666666667,91.2,10.133333333333301,9,TRUE,1,-1.07547140563658,62.6875,0.580645161290323,1,FALSE,50.58687746508861,0.105427733768251
00-0033932,Kenny Golladay,WR,2019,16,248,15.5,25.8261464750171,96,2,119,70,1063,1475,1,0.273644653484257,0.476904500203978,15,0.901333333333333,207.1,13.8066666666667,15,FALSE,1,-0.6847276610291635,62.57480327657379,0.5714298756030322,0,TRUE,91.5505700173843,0
00-0033932,Kenny Golladay,WR,2020,5,65.8,13.16,26.8281998631075,96,3,116,65,1190,1698,0,0.254392021952015,0.34344309383955,16,0.861875,248,15.5,16,FALSE,0,-3.80589589800994,63.0625,0.604838709677419,1,FALSE,75.0135249983918,0
00-0033932,Kenny Golladay,WR,2021,14,89.1,6.36428571428571,27.8275154004107,96,4,32,20,338,466,0,0.212703713037634,0.327309827525345,5,0.686,65.8,13.16,5,TRUE,0,-1.58459729902941,59.125,0.608,1,FALSE,54.07189796423326,0.212703713037634
00-0033932,Kenny Golladay,WR,2022,6,20.1,3.35,28.8268309377139,96,5,76,37,521,1050,0,0.189732195249432,0.33601020055519,14,0.743571428571429,89.1,6.36428571428571,14,FALSE,1,-2.8481260497613583,62.11011351909185,0.5416291982158619,0,TRUE,37.932505764701475,0
00-0033933,Chad Williams,WR,2019,1,0,0,24.8678986995209,98,2,46,17,171,586,1,0.203633653392247,0.266623405266908,10,0.759,41,4.1,10,TRUE,0,3.8273808374224103,64.5,0.632978723404255,1,FALSE,99.63768087860034,0.203633653392247
00-0033936,C.J. Beathard,QB,2021,2,1.52,0.76,27.791923340178,104,4,0,0,0,0,6,0,0,6,0.488333333333333,52.28,8.71333333333333,6,TRUE,1,-3.074511719805549,62.108863865123304,0.5780123029612375,2,FALSE,89.57744281082132,0
00-0033936,C.J. Beathard,QB,2022,4,1.11022302462516e-16,2.77555756156289e-17,28.7912388774812,104,5,0,0,0,0,1,0,0,2,0.06,1.52,0.76,2,FALSE,1,-1.41590982238568,66.1875,0.610294117647059,1,FALSE,82.32277997365468,0
00-0033936,C.J. Beathard,QB,2023,6,21.46,3.57666666666667,29.7905544147844,104,6,0,0,0,0,4,0,0,4,0.105,1.11022302462516e-16,2.77555756156289e-17,4,FALSE,0,-1.3488422968493057,64.25181382193803,0.5645692856581886,2,FALSE,76.91939486134842,0
00-0033943,Josh Reynolds,WR,2019,16,61.9,3.86875,24.539356605065,117,2,71,37,523,864,4,0.177630807064023,0.251800299336124,18,0.568333333333333,100,8.33333333333333,12,FALSE,1,-3.66217017397005,59.75,0.556603773584906,1,FALSE,99.63768087860034,0
00-0033943,Josh Reynolds,WR,2020,16,124.3,7.76875,25.5414099931554,117,3,43,21,326,459,5,0.149781469445008,0.195368742308025,16,0.443125,61.9,3.86875,16,FALSE,0,-1.701287477845543,60.1919347826087,0.5570514157122465,3,FALSE,91.5505700173843,0
00-0033943,Josh Reynolds,WR,2021,11,80.6,7.32727272727273,26.5407255304586,117,4,85,55,683,933,1,0.17966542980399,0.267895447204296,18,0.726666666666667,124.3,7.76875,16,TRUE,1,-1.3326053848525747,62.44109108555703,0.5569567092023618,0,TRUE,75.0135249983918,0.17966542980399
00-0033943,Josh Reynolds,WR,2022,12,103.9,8.65833333333333,27.5400410677618,117,5,36,19,306,524,0,0.178712027252231,0.383247742671747,7,0.794285714285714,80.6,7.32727272727273,11,FALSE,1,-2.8481260497613583,62.11011351909185,0.5416291982158619,0,TRUE,54.07189796423326,0
00-0033943,Josh Reynolds,WR,2023,16,128.8,8.05,28.539356605065,117,6,59,38,479,704,0,0.189265289600655,0.272695745948273,14,0.657857142857143,103.9,8.65833333333333,12,FALSE,0,-3.7693556183232695,63.294117647058805,0.507853403141361,1,FALSE,37.932505764701475,0
00-0033943,Josh Reynolds,WR,2024,8,38.4,4.8,29.5414099931554,117,7,78,48,740,814,0,0.154032352622833,0.237390526063701,20,0.7275,128.8,8.05,16,TRUE,0,2.314489148752637,63.996828470321134,0.5900392582514449,4,FALSE,22.163851430919827,0.154032352622833
00-0033943,Josh Reynolds,WR,2025,5,23.1,4.62,30.5407255304586,117,8,19,12,183,217,0,0.142783078634472,0.213570405751331,5,0.578,38.4,4.8,8,TRUE,1,-2.3156060854344385,60.48222947073567,0.5428931050762806,0,TRUE,5.8228665329595835,0.142783078634472
00-0033948,Jamaal Williams,RB,2019,14,146.3,10.45,24.4134154688569,134,2,41,27,210,31,121,0.100748565576462,0.00433279926988112,16,0.465625,114.4,7.15,16,FALSE,1,-3.73727848646601,62.4375,0.592592592592593,1,FALSE,99.37614309886182,0
00-0033948,Jamaal Williams,RB,2020,14,127.1,9.07857142857143,25.4154688569473,134,3,49,42,263,-35,111,0.131957916752288,-0.0126403629731892,16,0.391875,146.3,10.45,14,FALSE,0,-0.2545699109913614,62.031798245614056,0.6079622132253715,2,FALSE,91.39560576824717,0
00-0033948,Jamaal Williams,RB,2021,13,119.8,9.21538461538461,26.4147843942505,134,4,39,35,258,15,138,0.135992262008179,0.011304380916339,16,0.450625,127.1,9.07857142857143,14,TRUE,1,-1.3326053848525747,62.44109108555703,0.5569567092023618,0,TRUE,93.3197777467908,0.135992262008179
00-0033948,Jamaal Williams,RB,2022,17,225.9,13.2882352941176,27.4140999315537,134,5,28,26,157,10,153,0.1207880972641,0.00426776625812886,13,0.381538461538462,119.8,9.21538461538461,13,FALSE,1,-2.8481260497613583,62.11011351909185,0.5416291982158619,0,TRUE,70.13043117440901,0
00-0033948,Jamaal Williams,RB,2023,13,60.8,4.67692307692308,28.4134154688569,134,6,16,12,73,29,262,0.0574663729339248,0.0121884113917333,17,0.401176470588235,225.9,13.2882352941176,17,TRUE,0,-2.7801235815858245,61.55797462571899,0.5385562169808286,5,FALSE,50.58687746508861,0.0574663729339248
00-0033948,Jamaal Williams,RB,2024,14,37.1,2.65,29.4154688569473,134,7,20,18,62,-27,106,0.0770646406512279,-0.0217289418343189,13,0.375384615384615,60.8,4.67692307692308,13,FALSE,1,-1.746163993703397,61.15189530920728,0.48150446254666934,2,FALSE,25.648912801362936,0
00-0033949,Joshua Dobbs,QB,2023,13,210.66,16.2046153846154,28.5968514715948,135,6,0,0,0,0,8,0,0,2,0.995,22.84,11.42,2,TRUE,1,-1.1508133315416142,62.217587857511425,0.5305483396322973,0,TRUE,82.32277997365468,0
00-0033949,Joshua Dobbs,QB,2024,2,32.84,16.42,29.5989048596851,135,7,0,0,0,0,47,0,0,8,1,210.66,16.2046153846154,13,TRUE,0,-1.746163993703397,61.15189530920728,0.48150446254666934,2,FALSE,76.91939486134842,0
00-0033949,Joshua Dobbs,QB,2025,4,2.1,0.525,30.5982203969884,135,8,0,0,0,0,9,0,0,2,0.54,32.84,16.42,2,TRUE,1,-5.244402479179989,64.19506391873436,0.4758346739648673,4,FALSE,67.23057283030921,0
00-0033950,Wayne Gallman,RB,2019,9,48.2,5.35555555555556,24.9171800136893,140,2,22,14,89,29,51,0.0738904534107994,0.016957630034649,15,0.160666666666667,44.5,3.42307692307692,13,FALSE,0,-0.11700487545225,61.125,0.565217391304348,1,FALSE,91.39560576824717,0
00-0033950,Wayne Gallman,RB,2020,14,136.6,9.75714285714286,25.9192334017796,140,3,15,11,102,31,29,0.130838086024015,0.0352031692379081,10,0.235,48.2,5.35555555555556,9,FALSE,1,-0.5896550513259056,63.38685406454249,0.5430471721587525,0,TRUE,93.3197777467908,0
00-0033950,Wayne Gallman,RB,2021,7,13.5,1.92857142857143,26.9185489390828,140,4,27,21,114,10,147,0.113893133687033,-0.00561823397769627,15,0.406666666666667,136.6,9.75714285714286,14,TRUE,1,-1.3326053848525747,62.44109108555703,0.5569567092023618,0,TRUE,70.13043117440901,0.113893133687033
00-0033951,Marlon Mack,RB,2019,14,181.3,12.95,23.4852840520192,143,2,29,19,109,-22,228,0.0805300122951472,-0.0132003254405444,14,0.558571428571429,178.1,14.8416666666667,12,FALSE,0,3.8273808374224103,64.5,0.632978723404255,1,FALSE,96.89962194628248,0
00-0033951,Marlon Mack,RB,2020,1,8.6,8.6,24.4873374401095,143,3,17,14,82,-5,247,0.0863499245852187,-0.00498114430153873,14,0.54,181.3,12.95,14,FALSE,0,-1.4780427979098418,63.517716535433074,0.599127942885572,2,FALSE,99.37614309886182,0
00-0033951,Marlon Mack,RB,2021,5,12.9,2.58,25.4866529774127,143,4,3,3,30,-1,4,0.0652173913043478,-0.00346020761245675,1,0.15,8.6,8.6,1,FALSE,1,-1.3326053848525747,62.44109108555703,0.5569567092023618,0,TRUE,91.39560576824717,0
00-0033951,Marlon Mack,RB,2022,7,38.3,5.47142857142857,26.4859685147159,143,5,5,2,8,16,28,0.0542436974789916,0.0232373800584063,6,0.15,12.9,2.58,5,TRUE,1,-2.8481260497613583,62.11011351909185,0.5416291982158619,0,TRUE,93.3197777467908,0.0542436974789916
00-0033955,Jeremy McNichols,RB,2021,13,73.6,5.66153846153846,25.6837782340862,162,4,17,12,55,8,48,0.056834793357675203,0.00491727384867759,17,0.242941176470588,43.9,2.92666666666667,15,FALSE,1,-1.3326053848525747,62.44109108555703,0.5569567092023618,0,TRUE,93.3197777467908,0
00-0033955,Jeremy McNichols,RB,2024,15,63.8,4.25333333333333,28.684462696783,162,7,0,0,0,0,0,0,0,NA,NA,0,0,2,TRUE,1,-2.3927249464459472,61.20751703093519,0.5382602054028329,0,TRUE,25.648912801362936,0
00-0033955,Jeremy McNichols,RB,2025,16,72.7,4.54375,29.6837782340862,162,8,12,9,27,20,60,0.0789862059943766,0.0143624776111164,19,0.208421052631579,63.8,4.25333333333333,15,FALSE,0,1.05845290147838,65,0.4615384615384619,1,FALSE,7.711988601272322,0
00-0033958,Nathan Peterman,QB,2021,1,0.2,0.2,27.3292265571526,171,4,0,0,0,0,1,0,0,1,0.17,1.9,1.9,1,FALSE,0,-0.5850600027418753,62.090991104397446,0.5329616513244375,3,FALSE,100.1093045339178,0
00-0033958,Nathan Peterman,QB,2022,3,9.26,3.08666666666667,28.3285420944559,171,5,0,0,0,0,2,0,0,1,0.06,0.2,0.2,1,TRUE,1,-2.8481260497613583,62.11011351909185,0.5416291982158619,0,TRUE,89.57744281082132,0
00-0033958,Nathan Peterman,QB,2023,1,-0.4,-0.4,29.3278576317591,171,6,0,0,0,0,2,0,0,3,0.283333333333333,9.26,3.08666666666667,3,FALSE,0,-11.2404955422377,57.6470588235294,0.401515151515151,1,FALSE,82.32277997365468,0
00-0034011,Dan Arnold,TE,2019,5,32.7,6.54,24.4654346338125,NA,2,21,12,150,240,0,0.133665315388004,0.157331028845319,11,0.232727272727273,33,4.71428571428571,7,TRUE,1,-0.6847276610291635,62.57480327657379,0.5714298756030322,0,TRUE,99.31220378490926,0.133665315388004
00-0034011,Dan Arnold,TE,2020,15,96.8,6.45333333333333,25.4674880219028,NA,3,10,6,102,133,0,0.129988851727982,0.189769831082625,3,0.293333333333333,32.7,6.54,5,FALSE,0,1.6930076676102641,64.19371647976597,0.5939548506101404,2,FALSE,99.6312956406138,0
00-0034011,Dan Arnold,TE,2021,11,75.8,6.89090909090909,26.466803559206,NA,4,45,31,438,565,0,0.102862260992778,0.159165246401736,15,0.408,96.8,6.45333333333333,15,TRUE,1,-3.074511719805549,62.108863865123304,0.5780123029612375,2,FALSE,96.309286703009,0.102862260992778
00-0034011,Dan Arnold,TE,2022,11,22.5,2.04545454545455,27.4661190965092,NA,5,41,28,324,239,0,0.203343061745798,0.169275020018929,8,0.545,75.8,6.89090909090909,11,FALSE,1,-1.41590982238568,66.1875,0.610294117647059,1,FALSE,82.4617658561213,0
00-0034052,Brandon Zylstra,WR,2019,5,18.6,3.72,26.4366872005476,NA,1,2,1,23,43,0,0.0289495450785773,0.066391804097951,9,0.0277777777777778,3.3,0.66,5,TRUE,0,0.584780374251374,62.0625,0.509933774834437,1,FALSE,91.5505700173843,0.0289495450785773
00-0034052,Brandon Zylstra,WR,2020,5,6.6,1.32,27.4387405886379,NA,2,12,8,106,160,0,0.121413249984679,0.212511212519788,7,0.138571428571429,18.6,3.72,5,FALSE,1,-0.5896550513259056,63.38685406454249,0.5430471721587525,0,TRUE,75.0135249983918,0
00-0034052,Brandon Zylstra,WR,2021,12,49,4.08333333333333,28.4380561259411,NA,3,4,3,35,55,1,0.0405821030821031,0.0952358171261944,14,0.140714285714286,6.6,1.32,5,FALSE,0,1.97446778834423,61.25,0.5,1,FALSE,54.07189796423326,0
00-0034052,Brandon Zylstra,WR,2022,1,0,0,29.4373716632444,NA,4,25,18,250,262,0,0.0895792797405701,0.103514813803272,13,0.376153846153846,49,4.08333333333333,12,TRUE,1,-2.8481260497613583,62.11011351909185,0.5416291982158619,0,TRUE,37.932505764701475,0.0895792797405701
00-0034054,River Cracraft,WR,2021,3,0,0,26.8336755646817,NA,4,9,6,41,58,0,0.105237867504725,0.114059909281965,8,0.21625,10.1,2.02,5,FALSE,1,-1.3326053848525747,62.44109108555703,0.5569567092023618,0,TRUE,75.0135249983918,0
00-0034054,River Cracraft,WR,2022,8,31.2,3.9,27.8329911019849,NA,5,0,0,0,0,0,0,0,NA,NA,0,0,3,TRUE,1,-2.8481260497613583,62.11011351909185,0.5416291982158619,0,TRUE,54.07189796423326,0
00-0034054,River Cracraft,WR,2023,6,27.1,4.51666666666667,28.8323066392882,NA,6,14,9,102,122,0,0.0667175393549233,0.0560551230114288,12,0.223333333333333,31.2,3.9,8,FALSE,0,0.050788902645481,59,0.598484848484849,1,FALSE,37.932505764701475,0
00-0034054,River Cracraft,WR,2024,5,13.6,2.72,29.8343600273785,NA,7,15,11,154,122,0,0.080232270563789,0.071170868019358,11,0.286363636363636,27.1,4.51666666666667,6,FALSE,0,1.6387244690867036,59.873498324310376,0.5398887365534697,2,FALSE,22.163851430919827,0
00-0034054,River Cracraft,WR,2025,2,0,0,30.8336755646817,NA,8,9,7,66,71,0,0.0877847450428096,0.0962264248989034,8,0.2275,13.6,2.72,5,TRUE,0,1.05845290147838,65,0.4615384615384619,1,FALSE,5.8228665329595835,0.0877847450428096
00-0034073,Ross Dwelley,TE,2019,8,36.1,4.5125,24.5968514715948,NA,1,2,2,14,13,0,0.0378787878787879,0.0404862655095747,7,0.0942857142857143,3.4,1.13333333333333,3,FALSE,0,-1.01406999208309,61.6875,0.559748427672956,1,FALSE,99.6312956406138,0
00-0034073,Ross Dwelley,TE,2020,12,49.5,4.125,25.5989048596851,NA,2,22,15,91,117,0,0.124733854279309,0.0840361588946413,19,0.282105263157895,36.1,4.5125,8,FALSE,0,-3.102495686243507,61.28793246227456,0.5274926331530104,2,FALSE,96.309286703009,0
00-0034073,Ross Dwelley,TE,2021,4,15.1,3.775,26.5982203969884,NA,3,24,19,245,182,0,0.0743507008870471,0.0782653691333011,16,0.455,49.5,4.125,12,FALSE,1,-1.3326053848525747,62.44109108555703,0.5569567092023618,0,TRUE,82.4617658561213,0
00-0034073,Ross Dwelley,TE,2022,5,19.5,3.9,27.5975359342916,NA,4,5,4,51,59,0,0.0633292633292633,0.0728077093501581,17,0.181764705882353,15.1,3.775,4,FALSE,1,-2.8481260497613583,62.11011351909185,0.5416291982158619,0,TRUE,79.89857189040993,0
00-0034073,Ross Dwelley,TE,2023,2,2.2,1.1,28.5968514715948,NA,5,5,3,105,69,0,0.0547948717948718,0.0874324824692484,11,0.143636363636364,19.5,3.9,5,FALSE,1,-2.29091030889994,62.8823529411765,0.502958579881657,1,FALSE,63.568368273025115,0
00-0034073,Ross Dwelley,TE,2024,4,1.5,0.375,29.5989048596851,NA,6,2,1,12,17,0,0.0380747126436782,0.034,12,0.0958333333333333,2.2,1.1,2,TRUE,1,-2.3927249464459472,61.20751703093519,0.5382602054028329,0,TRUE,36.46942571926204,0.0380747126436782
00-0034073,Ross Dwelley,TE,2025,4,2.7,0.675,30.5982203969884,NA,7,1,1,5,1,0,0.0344827586206897,0.00432900432900433,14,0.12,1.5,0.375,4,TRUE,1,-2.3156060854344385,60.48222947073567,0.5428931050762806,0,TRUE,20.501499721059933,0.0344827586206897
00-0034081,Steven Mitchell,WR,2020,4,11,2.75,26.3353867214237,NA,2,6,2,37,101,0,0.136160714285714,0.246496137380115,3,0.4,5.7,2.85,2,FALSE,0,1.45406736998584,63.61111111111109,0.58,1,FALSE,91.5505700173843,0
00-0034104,Cam Sims,WR,2020,13,86.2,6.63076923076923,24.6543463381246,NA,2,3,2,27,35,0,0.0471042471042471,0.0731937674289525,7,0.131428571428571,4.7,1.56666666666667,3,FALSE,1,-0.5896550513259056,63.38685406454249,0.5430471721587525,0,TRUE,99.63768087860034,0
00-0034104,Cam Sims,WR,2021,12,48.8,4.06666666666667,25.6536618754278,NA,3,61,39,581,683,1,0.182213642324134,0.269903876550298,15,0.68,86.2,6.63076923076923,13,FALSE,0,1.26828816587635,65,0.551948051948052,1,FALSE,91.5505700173843,0
00-0034104,Cam Sims,WR,2022,13,16.9,1.3,26.652977412731,NA,4,23,15,211,267,1,0.0983510539137138,0.16324503583521,14,0.324285714285714,48.8,4.06666666666667,12,FALSE,0,-0.4798819167791796,63.64768431644504,0.5435222878010671,2,FALSE,75.0135249983918,0
00-0034109,Phillip Lindsay,RB,2019,16,197.7,12.35625,25.1060917180014,NA,1,47,35,241,-43,192,0.121086060983556,-0.0105021246003369,15,0.456666666666667,222.8,14.8533333333333,15,FALSE,1,-0.6847276610291635,62.57480327657379,0.5714298756030322,0,TRUE,91.39560576824717,0
00-0034109,Phillip Lindsay,RB,2020,11,66,6,26.1081451060917,NA,2,48,35,196,-71,224,0.13678417089142,-0.0235354929896209,16,0.503125,197.7,12.35625,16,FALSE,1,-0.5896550513259056,63.38685406454249,0.5430471721587525,0,TRUE,93.3197777467908,0
00-0034109,Phillip Lindsay,RB,2021,14,45.4,3.24285714285714,27.1074606433949,NA,3,14,7,28,-6,118,0.0683392509050404,-0.0164625641095588,11,0.385454545454545,66,6,11,TRUE,0,4.252459109954118,61.09923889156884,0.6506994693680657,2,FALSE,70.13043117440901,0.0683392509050404
00-0034109,Phillip Lindsay,RB,2022,3,14.8,4.93333333333333,28.1067761806982,NA,4,4,3,37,-10,50,0.0405505952380952,-0.0114113052402945,10,0.162,45.4,3.24285714285714,14,TRUE,1,-2.8481260497613583,62.11011351909185,0.5416291982158619,0,TRUE,50.58687746508861,0.0405505952380952
00-0034115,Jeff Wilson,RB,2019,8,46.9,5.8625,23.791923340178,NA,1,15,12,98,0,66,0.14856135732109,0.00171206779804791,6,0.49,44.4,7.4,6,FALSE,0,-1.01406999208309,61.6875,0.559748427672956,1,FALSE,99.37614309886182,0
00-0034115,Jeff Wilson,RB,2020,11,142.3,12.9363636363636,24.7939767282683,NA,2,6,4,54,16,27,0.0357535092254956,0.0152479234042035,9,0.108888888888889,46.9,5.8625,8,FALSE,0,-3.102495686243507,61.28793246227456,0.5274926331530104,2,FALSE,91.39560576824717,0
00-0034115,Jeff Wilson,RB,2021,8,51.5,6.4375,25.7932922655715,NA,3,28,13,133,51,126,0.11772841850368,0.0304602853171518,11,0.410909090909091,142.3,12.9363636363636,11,FALSE,1,-1.3326053848525747,62.44109108555703,0.5569567092023618,0,TRUE,93.3197777467908,0
00-0034115,Jeff Wilson,RB,2022,16,158.5,9.90625,26.7926078028747,NA,4,8,7,31,-10,79,0.0827838827838828,-0.0112277604678302,10,0.362,51.5,6.4375,8,TRUE,1,-2.8481260497613583,62.11011351909185,0.5416291982158619,0,TRUE,70.13043117440901,0.0827838827838828
00-0034115,Jeff Wilson,RB,2023,9,41.3,4.58888888888889,27.791923340178,NA,5,28,13,107,67,94,0.119399176607709,0.0267152857247545,9,0.52,158.5,9.90625,16,FALSE,0,0.050788902645481,59,0.598484848484849,1,FALSE,50.58687746508861,0
00-0034115,Jeff Wilson,RB,2024,7,10.6,1.51428571428571,28.7939767282683,NA,6,19,15,91,45,41,0.0873561937446979,0.034779954936219,11,0.229090909090909,41.3,4.58888888888889,9,FALSE,0,1.6387244690867036,59.873498324310376,0.5398887365534697,2,FALSE,25.648912801362936,0
00-0034132,Christian Blake,WR,2020,10,27.1,2.71,24.2327173169062,NA,2,24,11,91,184,0,0.146580773566754,0.140436002677288,9,0.467777777777778,20.1,2.87142857142857,7,FALSE,0,2.02935244854015,67.5625,0.645962732919255,1,FALSE,98.73749318926043,0
00-0034132,Christian Blake,WR,2021,9,6.5,0.722222222222222,25.2320328542094,NA,3,18,13,141,173,0,0.0921143630702454,0.10103135032215,16,0.2475,27.1,2.71,10,FALSE,1,-1.3326053848525747,62.44109108555703,0.5569567092023618,0,TRUE,99.63768087860034,0
00-0034159,Will Dissly,TE,2019,6,73.9,12.3166666666667,23.1485284052019,NA,1,14,8,156,141,0,0.136796536796537,0.156658409726757,4,0.495,35.6,8.9,4,FALSE,0,-13.3775139572444,61.1764705882353,0.477987421383648,1,FALSE,74.1857788205039,0
00-0034159,Will Dissly,TE,2020,15,61.1,4.07333333333333,24.1505817932923,120,2,27,23,262,256,1,0.189589722926764,0.176120598243266,6,0.59,73.9,12.3166666666667,6,FALSE,0,-7.49088804122155,62.333907214115975,0.5482848076249452,2,FALSE,99.31220378490926,0
00-0034159,Will Dissly,TE,2021,13,50.1,3.85384615384615,25.1498973305955,120,3,31,25,252,143,0,0.0734024280049388,0.0318371201912822,17,0.520588235294118,61.1,4.07333333333333,15,FALSE,1,-1.3326053848525747,62.44109108555703,0.5569567092023618,0,TRUE,99.6312956406138,0
00-0034159,Will Dissly,TE,2022,15,86.9,5.79333333333333,26.1492128678987,120,4,26,21,231,112,0,0.0911691085035737,0.0401745461455464,15,0.58,50.1,3.85384615384615,13,FALSE,0,-4.28740337043254,55.5882352941176,0.544715447154472,1,FALSE,96.309286703009,0
00-0034159,Will Dissly,TE,2023,13,40.2,3.09230769230769,27.1485284052019,120,5,38,34,349,206,0,0.0958193640792848,0.059802959211563,15,0.594,86.9,5.79333333333333,15,FALSE,0,-0.39381781134052657,58.372619539887225,0.5632543451476695,2,FALSE,82.4617658561213,0
00-0034159,Will Dissly,TE,2024,15,110.1,7.34,28.1505817932923,120,6,22,17,172,62,0,0.0673866827644417,0.0348136951554692,16,0.384375,40.2,3.09230769230769,13,TRUE,1,-7.082631239843433,64.48163851650537,0.4985939516130559,4,FALSE,79.89857189040993,0.0673866827644417
00-0034159,Will Dissly,TE,2025,8,20.7,2.5875,29.1498973305955,120,7,69,52,497,326,0,0.190241789595957,0.111987040414425,16,0.573125,110.1,7.34,15,FALSE,0,-5.848188465752081,63.290112921482645,0.49565036001315527,5,FALSE,63.568368273025115,0
00-0034164,Trenton Cannon,RB,2019,2,0,0,25.1088295687885,NA,1,25,17,144,157,38,0.100251872605735,0.0930464753976453,13,0.233076923076923,48.7,4.05833333333333,12,FALSE,1,-2.25445855388325,54.0625,0.6052631578947371,1,FALSE,91.39560576824717,0
00-0034164,Trenton Cannon,RB,2020,12,7.9,0.658333333333333,26.1108829568789,204,2,0,0,0,0,0,0,0,1,0.01,0,0,2,TRUE,1,-0.5896550513259056,63.38685406454249,0.5430471721587525,0,TRUE,93.3197777467908,0
00-0034164,Trenton Cannon,RB,2021,10,-1.6,-0.16,27.1101984941821,204,3,3,3,16,3,10,0.0597993827160494,0.00769230769230769,9,0.08,7.9,0.658333333333333,12,TRUE,1,-1.3326053848525747,62.44109108555703,0.5569567092023618,0,TRUE,70.13043117440901,0.0597993827160494
00-0034164,Trenton Cannon,RB,2022,1,0,0,28.1095140314853,204,4,0,0,0,0,1,0,0,2,0.01,-1.6,-0.16,10,TRUE,0,-8.58597987701735,64.9444444444444,0.55,1,FALSE,50.58687746508861,0
00-0034177,Tim Boyle,QB,2020,8,-0.9,-0.1125,25.9137577002053,NA,2,0,0,0,0,5,0,0,3,0.1,-0.1,-0.0333333333333334,3,FALSE,0,-0.2545699109913614,62.031798245614056,0.6079622132253715,2,FALSE,94.39609488384028,0
00-0034177,Tim Boyle,QB,2021,4,30.34,7.585,26.9130732375086,NA,3,0,0,0,0,13,0,0,8,0.0425,-0.9,-0.1125,8,TRUE,1,-1.3326053848525747,62.44109108555703,0.5569567092023618,0,TRUE,100.1093045339178,0
00-0034177,Tim Boyle,QB,2022,1,-0.88,-0.88,27.9123887748118,NA,4,0,0,0,0,2,0,0,5,0.608,30.34,7.585,4,TRUE,1,-2.8481260497613583,62.11011351909185,0.5416291982158619,0,TRUE,89.57744281082132,0
00-0034177,Tim Boyle,QB,2023,3,14.9,4.96666666666667,28.911704312115,NA,5,0,0,0,0,2,0,0,1,0.25,-0.88,-0.88,1,TRUE,1,1.7472426029804171,61.63220683305003,0.5940290152635698,4,FALSE,82.32277997365468,0
00-0034177,Tim Boyle,QB,2024,3,14.94,4.98,29.9137577002053,NA,6,0,0,0,0,4,0,0,3,0.663333333333333,14.9,4.96666666666667,3,TRUE,0,1.6387244690867036,59.873498324310376,0.5398887365534697,2,FALSE,76.91939486134842,0
00-0034184,Gus Edwards,RB,2019,16,92.6,5.7875,24.3860369609856,NA,1,2,2,20,3,145,0.0340909090909091,0.0035799522673031,12,0.35,89.8,8.16363636363636,11,FALSE,1,-0.6847276610291635,62.57480327657379,0.5714298756030322,0,TRUE,99.37614309886182,0
00-0034184,Gus Edwards,RB,2020,16,128.2,8.0125,25.388090349076,NA,2,7,7,45,0,136,0.0408360237191669,-4.4705811935012e-4,17,0.347647058823529,92.6,5.7875,16,FALSE,0,-9.28535716243663,66.3529411764706,0.451086956521739,1,FALSE,91.39560576824717,0
00-0034184,Gus Edwards,RB,2023,17,187,11,28.3860369609856,NA,5,3,1,13,1,99,0.0438492063492064,0.00266323305528071,10,0.275,59.3,6.58888888888889,9,FALSE,1,3.4864180115215095,62.878328770532605,0.6282900360853253,2,FALSE,50.58687746508861,0
00-0034184,Gus Edwards,RB,2024,11,64.1,5.82727272727273,29.388090349076,NA,6,16,14,195,39,211,0.0792216135387381,0.0111808763651215,19,0.413684210526316,187,11,17,TRUE,1,-7.082631239843433,64.48163851650537,0.4985939516130559,4,FALSE,25.648912801362936,0.0792216135387381
00-0034193,Kevin Rader,TE,2021,3,2.8,0.933333333333333,26.3518138261465,NA,3,1,0,0,4,0,0.0238095238095238,0.00956937799043062,1,0.18,0,0,1,FALSE,0,4.32871819518336,62.84387095228973,0.5983447227642579,3,FALSE,96.309286703009,0
00-0034193,Kevin Rader,TE,2022,6,0,0,27.3511293634497,NA,4,3,2,8,8,0,0.0440917107583774,0.0258880192655027,7,0.0814285714285714,2.8,0.933333333333333,3,TRUE,0,-8.58597987701735,64.9444444444444,0.55,1,FALSE,82.4617658561213,0.0440917107583774
00-0034193,Kevin Rader,TE,2023,7,1.6,0.228571428571429,28.3504449007529,NA,5,0,0,0,0,0,0,0,14,0.149285714285714,0,0,6,FALSE,1,1.4135100279389323,60.4334680031692,0.6209852322499279,3,FALSE,79.89857189040993,0
00-0034201,De'Lance Turner,RB,2019,3,0.6,0.2,24.0246406570842,NA,1,2,2,17,3,1,0.0212719298245614,0.00326797385620915,2,0.055,4.1,2.05,2,TRUE,1,-0.6847276610291635,62.57480327657379,0.5714298756030322,0,TRUE,99.37614309886182,0.0212719298245614
00-0034208,Mike Boone,RB,2019,8,50,6.25,24.0903490759754,NA,1,3,2,1,-2,11,0.02141033569605,-0.00228954960277311,6,0.0883333333333333,6.8,1.13333333333333,6,FALSE,1,-0.6847276610291635,62.57480327657379,0.5714298756030322,0,TRUE,99.37614309886182,0
00-0034208,Mike Boone,RB,2020,10,14.9,1.49,25.0924024640657,NA,2,4,3,17,-5,49,0.120833333333333,0.0043915248098515,7,0.208571428571429,50,6.25,8,FALSE,1,-0.5896550513259056,63.38685406454249,0.5430471721587525,0,TRUE,91.39560576824717,0
00-0034208,Mike Boone,RB,2021,3,7.7,2.56666666666667,26.0917180013689,NA,3,2,2,10,-7,11,0.0285714285714286,-0.0121089931573803,6,0.07,14.9,1.49,10,TRUE,0,-5.25500442379632,63.5,0.616666666666667,1,FALSE,93.3197777467908,0.0285714285714286
00-0034208,Mike Boone,RB,2022,8,28.8,3.6,27.0910335386721,NA,4,2,2,22,-2,4,0.0243055555555556,-3.558476366417e-4,4,0.0825,7.7,2.56666666666667,3,FALSE,1,-2.8481260497613583,62.11011351909185,0.5416291982158619,0,TRUE,70.13043117440901,0
00-0034208,Mike Boone,RB,2023,9,13.3,1.47777777777778,28.0903490759754,NA,5,15,9,96,45,24,0.0955416435065732,0.0252231135698733,9,0.217777777777778,28.8,3.6,8,TRUE,1,-4.57572469712941,60.05,0.437810945273632,1,FALSE,50.58687746508861,0.0955416435065732
00-0034208,Mike Boone,RB,2024,5,5.9,1.18,29.0924024640657,NA,6,9,7,40,9,5,0.0745383011294884,-0.00237007001339128,9,0.164444444444444,13.3,1.47777777777778,9,TRUE,1,-0.93537900248378,60.73684210526321,0.633093525179856,1,FALSE,25.648912801362936,0.0745383011294884
00-0034253,Dontrell Hilliard,RB,2019,14,38.1,2.72142857142857,24.5119780971937,NA,1,10,9,105,19,0,0.0701406724827511,0.0132596198095508,9,0.106666666666667,18.5,1.85,10,FALSE,1,6.20990521322913,65.25,0.674846625766871,1,FALSE,91.39560576824717,0
00-0034253,Dontrell Hilliard,RB,2020,5,6,1.2,25.5140314852841,NA,2,15,12,92,5,13,0.0873446047915488,-0.00370925805409511,14,0.137142857142857,38.1,2.72142857142857,14,FALSE,1,-0.5896550513259056,63.38685406454249,0.5430471721587525,0,TRUE,93.3197777467908,0
00-0034253,Dontrell Hilliard,RB,2021,8,72.7,9.0875,26.5133470225873,NA,3,1,1,2,0,9,0.0384615384615385,0,2,0.16,6,1.2,5,TRUE,1,-1.3326053848525747,62.44109108555703,0.5569567092023618,0,TRUE,70.13043117440901,0.0384615384615385
00-0034253,Dontrell Hilliard,RB,2022,12,77.2,6.43333333333333,27.5126625598905,NA,4,29,22,100,-14,56,0.153419902443736,-0.00170927073765811,8,0.375,72.7,9.0875,8,FALSE,0,-8.58597987701735,64.9444444444444,0.55,1,FALSE,50.58687746508861,0
00-0034256,Da'Mari Scott,WR,2019,5,4.7,0.94,24.0657084188912,NA,1,0,0,0,0,0,0,0,1,0.05,0,0,1,TRUE,0,-0.11700487545225,61.125,0.565217391304348,1,FALSE,98.73749318926043,0
00-0034267,Jaleel Scott,WR,2020,1,2.6,2.6,25.5222450376454,132,2,3,1,6,39,0,0.15,0.288888888888889,1,0.25,1.6,1.6,1,TRUE,0,-2.031525260991639,56.537444629014395,0.6426844120961318,2,FALSE,91.5505700173843,0.15
00-0034270,Tyler Conklin,TE,2019,9,13.8,1.53333333333333,24.0903490759754,157,1,7,5,77,59,0,0.0893979292596804,0.135280479137414,16,0.139375,12.7,3.175,4,FALSE,1,-0.6847276610291635,62.57480327657379,0.5714298756030322,0,TRUE,99.31220378490926,0
00-0034270,Tyler Conklin,TE,2020,9,44.4,4.93333333333333,25.0924024640657,157,2,12,9,63,57,0,0.0689664736244269,0.0387082957501319,17,0.265294117647059,13.8,1.53333333333333,9,FALSE,1,-0.5896550513259056,63.38685406454249,0.5430471721587525,0,TRUE,99.6312956406138,0
00-0034270,Tyler Conklin,TE,2021,17,138.3,8.13529411764706,26.0917180013689,157,3,26,19,194,114,0,0.13020689021301,0.0725683801423342,16,0.391875,44.4,4.93333333333333,9,FALSE,1,-1.3326053848525747,62.44109108555703,0.5569567092023618,0,TRUE,96.309286703009,0
00-0034270,Tyler Conklin,TE,2022,17,131.5,7.73529411764706,27.0910335386721,157,4,87,61,593,464,0,0.172927780052313,0.111217016885362,17,0.81,138.3,8.13529411764706,17,TRUE,0,-3.2398543233494106,61.92644902198673,0.5336580980676521,4,FALSE,82.4617658561213,0.172927780052313
00-0034270,Tyler Conklin,TE,2023,17,123.1,7.24117647058824,28.0903490759754,157,5,87,58,552,617,2,0.170782946515103,0.148091981670028,17,0.77,131.5,7.73529411764706,17,FALSE,1,1.7472426029804171,61.63220683305003,0.5940290152635698,4,FALSE,79.89857189040993,0
00-0034270,Tyler Conklin,TE,2024,16,121.9,7.61875,29.0924024640657,157,6,87,61,621,595,1,0.171105880314805,0.163847751639102,17,0.702352941176471,123.1,7.24117647058824,17,FALSE,1,-9.413792033601224,61.56675373145686,0.5608928535266602,2,FALSE,63.568368273025115,0
00-0034270,Tyler Conklin,TE,2025,6,17.3,2.88333333333333,30.0917180013689,157,7,72,51,449,358,1,0.152364555295344,0.118169790505654,16,0.800625,121.9,7.61875,16,TRUE,0,-5.848188465752081,63.290112921482645,0.49565036001315527,5,FALSE,36.46942571926204,0.152364555295344
00-0034272,Marquez Valdes-Scantling,WR,2019,15,84.1,5.60666666666667,24.8925393566051,174,1,73,38,581,889,2,0.166647372014172,0.210725881636168,16,0.646875,111,6.9375,16,FALSE,1,-3.73727848646601,62.4375,0.592592592592593,1,FALSE,99.63768087860034,0
00-0034272,Marquez Valdes-Scantling,WR,2020,14,137.3,9.80714285714286,25.8945927446954,174,2,57,27,460,944,2,0.165660793306762,0.251180800630498,18,0.453333333333333,84.1,5.60666666666667,15,FALSE,0,-0.2545699109913614,62.031798245614056,0.6079622132253715,2,FALSE,91.5505700173843,0
00-0034272,Marquez Valdes-Scantling,WR,2021,11,87,7.90909090909091,26.8939082819986,174,3,77,41,838,1399,4,0.172792108764989,0.347068663608942,18,0.739444444444444,137.3,9.80714285714286,14,FALSE,0,1.2448117567873749,61.772867804759954,0.5868189323739391,3,FALSE,75.0135249983918,0
00-0034272,Marquez Valdes-Scantling,WR,2022,17,122.4,7.2,27.8932238193018,174,4,55,26,430,985,0,0.198034633445191,0.390647639511955,11,0.62,87,7.90909090909091,11,TRUE,0,9.764874939182034,63.265673354913034,0.6318005958082872,4,FALSE,54.07189796423326,0.198034633445191
00-0034272,Marquez Valdes-Scantling,WR,2023,16,56.5,3.53125,28.8925393566051,174,5,92,49,809,1335,1,0.162347644820455,0.302259056625184,20,0.666,122.4,7.2,17,FALSE,1,-1.1508133315416142,62.217587857511425,0.5305483396322973,0,TRUE,37.932505764701475,0
00-0034272,Marquez Valdes-Scantling,WR,2024,13,84.5,6.5,29.8945927446954,174,6,55,29,443,979,0,0.100947520510982,0.24140253167815,20,0.5855,56.5,3.53125,16,TRUE,1,-1.746163993703397,61.15189530920728,0.48150446254666934,2,FALSE,22.163851430919827,0.100947520510982
00-0034272,Marquez Valdes-Scantling,WR,2025,9,32,3.55555555555556,30.8939082819986,174,7,35,17,385,624,1,0.180839805760586,0.331937859358466,8,0.6675,84.5,6.5,13,TRUE,0,-6.551421263838917,60.54958485906386,0.498988084765842,3,FALSE,5.8228665329595835,0.180839805760586
00-0034273,Damion Ratley,WR,2019,9,38,4.22222222222222,24.3778234086242,175,1,20,13,144,227,0,0.132152043692741,0.179270361533467,11,0.230909090909091,27.4,5.48,5,FALSE,1,6.20990521322913,65.25,0.674846625766871,1,FALSE,98.73749318926043,0
00-0034273,Damion Ratley,WR,2020,5,10.3,2.06,25.3798767967146,175,2,24,12,200,307,0,0.0996204449457408,0.131779105983958,13,0.307692307692308,38,4.22222222222222,9,TRUE,1,-0.5896550513259056,63.38685406454249,0.5430471721587525,0,TRUE,99.63768087860034,0.0996204449457408
00-0034279,Equanimeous St. Brown,WR,2021,12,20.2,1.68333333333333,24.9199178644764,207,3,16,9,154,188,1,0.0570221508431022,0.0810330781974542,13,0.263076923076923,25.4,3.175,8,FALSE,0,1.2448117567873749,61.772867804759954,0.5868189323739391,3,FALSE,99.63768087860034,0
00-0034279,Equanimeous St. Brown,WR,2022,16,64.7,4.04375,25.9192334017796,207,4,17,9,98,175,4,0.0812722497620366,0.129978650329823,14,0.336428571428571,20.2,1.68333333333333,12,TRUE,1,-2.8481260497613583,62.11011351909185,0.5416291982158619,0,TRUE,91.5505700173843,0.0812722497620366
00-0034279,Equanimeous St. Brown,WR,2023,5,11.2,2.24,26.9185489390828,207,5,38,21,323,495,6,0.186817587003877,0.237995790661114,16,0.569375,64.7,4.04375,16,FALSE,0,-11.2404955422377,57.6470588235294,0.401515151515151,1,FALSE,75.0135249983918,0
00-0034286,Richie James,WR,2019,16,26.4,1.65,23.9890485968515,240,1,14,9,130,56,0,0.102605897536773,0.0888109918316977,11,0.261818181818182,26,2.16666666666667,12,FALSE,0,-1.01406999208309,61.6875,0.559748427672956,1,FALSE,98.73749318926043,0
00-0034286,Richie James,WR,2020,10,64.4,6.44,24.9911019849418,240,2,10,6,165,119,2,0.0965292294324552,0.189896617065399,18,0.184444444444444,26.4,1.65,16,FALSE,0,-3.102495686243507,61.28793246227456,0.5274926331530104,2,FALSE,99.63768087860034,0
00-0034286,Richie James,WR,2023,9,19.4,2.15555555555556,27.9890485968515,240,5,86,68,651,586,2,0.23073745755335,0.240918984055086,17,0.548235294117647,132.5,8.28125,16,TRUE,1,-1.1508133315416142,62.217587857511425,0.5305483396322973,0,TRUE,54.07189796423326,0.23073745755335
00-0034297,Byron Pringle,WR,2020,7,35,5,26.7898699520876,NA,2,16,12,170,178,0,0.143623504170379,0.154154709087921,16,0.153125,35,2.91666666666667,12,FALSE,0,9.086456124702195,60.951722617704675,0.606813047579598,2,FALSE,75.0135249983918,0
00-0034297,Byron Pringle,WR,2021,16,126.8,7.925,27.7891854893908,NA,3,27,19,199,228,0,0.11226305176341,0.152058640750058,14,0.356428571428571,35,5,7,FALSE,0,9.2487708965395,62.24912817981407,0.6206834181363526,3,FALSE,54.07189796423326,0
00-0034297,Byron Pringle,WR,2022,10,35.5,3.55,28.788501026694,NA,4,77,54,650,750,0,0.135351608168873,0.176102668800029,20,0.5135,126.8,7.925,16,TRUE,1,-2.8481260497613583,62.11011351909185,0.5416291982158619,0,TRUE,37.932505764701475,0.135351608168873
00-0034297,Byron Pringle,WR,2023,13,28.1,2.16153846153846,29.7878165639973,NA,5,16,10,135,225,0,0.122692820183629,0.184963966338357,11,0.459090909090909,35.5,3.55,10,TRUE,1,9.995467900260666,63.23119450037804,0.6354203032875844,5,FALSE,22.163851430919827,0.122692820183629
00-0034301,Darrel Williams,RB,2019,9,67.8,7.53333333333333,24.3805612594114,NA,1,3,3,27,-7,16,0.0461601307189543,-0.0127917833800187,6,0.128333333333333,16.1,4.025,4,FALSE,0,8.36410846493461,61.5555555555556,0.637755102040816,1,FALSE,99.37614309886182,0
00-0034301,Darrel Williams,RB,2020,13,54.5,4.19230769230769,25.3826146475017,NA,2,19,15,167,21,41,0.0961350097223185,-2.9445849426795e-4,11,0.27,67.8,7.53333333333333,9,FALSE,0,9.086456124702195,60.951722617704675,0.606813047579598,2,FALSE,91.39560576824717,0
00-0034301,Darrel Williams,RB,2021,17,196,11.5294117647059,26.3819301848049,NA,3,38,25,151,-30,67,0.0967074065273463,-0.0115084156376163,18,0.292222222222222,54.5,4.19230769230769,13,FALSE,0,9.2487708965395,62.24912817981407,0.6206834181363526,3,FALSE,93.3197777467908,0
00-0034301,Darrel Williams,RB,2022,5,21.1,4.22,27.3812457221081,NA,4,57,47,452,82,145,0.114070584713307,0.0241653009185119,19,0.428947368421053,196,11.5294117647059,17,TRUE,0,2.1048884742145724,64.66575143138203,0.5689299557692652,6,FALSE,70.13043117440901,0.114070584713307
00-0034309,Chad Beebe,WR,2019,3,9,3,25.2511978097194,NA,1,4,4,39,27,0,0.107828282828283,0.058604761218905,3,0.256666666666667,7.9,2.63333333333333,3,FALSE,1,-0.6847276610291635,62.57480327657379,0.5714298756030322,0,TRUE,99.63768087860034,0
00-0034309,Chad Beebe,WR,2020,12,50.1,4.175,26.2532511978097,NA,2,2,2,70,4,0,0.0740740740740741,0.00597014925373134,3,0.24,9,3,3,FALSE,1,-0.5896550513259056,63.38685406454249,0.5430471721587525,0,TRUE,91.5505700173843,0
00-0034317,Keith Kirkwood,WR,2021,3,4.7,1.56666666666667,26.6830937713895,NA,3,2,1,13,32,0,0.0740740740740741,0.123076923076923,1,0.51,2.3,2.3,1,FALSE,0,1.97446778834423,61.25,0.5,1,FALSE,75.0135249983918,0
00-0034317,Keith Kirkwood,WR,2022,3,3.8,1.26666666666667,27.6824093086927,NA,4,7,3,17,55,0,0.103338703902614,0.124384593148763,3,0.353333333333333,4.7,1.56666666666667,3,TRUE,0,-1.0017622280411616,62.17367515588611,0.5342540590250734,4,FALSE,54.07189796423326,0.103338703902614
00-0034317,Keith Kirkwood,WR,2023,7,14.7,2.1,28.681724845995902,NA,5,4,2,18,55,0,0.0894930875576037,0.199137608966376,5,0.456,3.8,1.26666666666667,3,FALSE,0,-2.7801235815858245,61.55797462571899,0.5385562169808286,5,FALSE,37.932505764701475,0
00-0034319,Deon Yelder,TE,2020,6,10.6,1.76666666666667,25.492128678987,NA,2,5,4,61,39,0,0.0365587388801675,0.0305832178746169,10,0.086,8,2.66666666666667,3,FALSE,0,9.086456124702195,60.951722617704675,0.606813047579598,2,FALSE,99.6312956406138,0
00-0034319,Deon Yelder,TE,2021,1,1,1,26.4914442162902,NA,3,11,7,36,57,0,0.116847782174327,0.198531738960649,14,0.214285714285714,10.6,1.76666666666667,6,TRUE,0,0.8673730317946872,64.20348050458715,0.5632598072358128,4,FALSE,96.309286703009,0.116847782174327
00-0034331,Jaylen Samuels,RB,2019,13,105.4,8.10769230769231,23.1156741957563,165,1,29,26,199,2,56,0.134930698171738,-0.0291232524035756,11,0.311818181818182,89.5,9.94444444444444,9,FALSE,0,9.22088145774646,65.0625,0.675862068965517,1,FALSE,96.89962194628248,0
00-0034331,Jaylen Samuels,RB,2020,9,16.4,1.82222222222222,24.1177275838467,165,2,57,47,305,-45,66,0.2110773086736,-0.0202215151260019,14,0.419285714285714,105.4,8.10769230769231,13,FALSE,0,3.3721813220040873,61.596550407331975,0.5890179950939574,2,FALSE,99.37614309886182,0
00-0034331,Jaylen Samuels,RB,2021,3,5.3,1.76666666666667,25.1170431211499,165,3,14,9,46,-3,9,0.0725324324632023,-0.00711749817544536,13,0.144615384615385,16.4,1.82222222222222,9,TRUE,0,4.252459109954118,61.09923889156884,0.6506994693680657,2,FALSE,91.39560576824717,0.0725324324632023
00-0034339,Trey Quinn,WR,2019,12,51.8,4.31666666666667,23.7344284736482,NA,1,10,9,75,73,1,0.139181286549708,0.105958132045089,3,0.513333333333333,22.5,7.5,3,FALSE,0,-3.66217017397005,59.75,0.556603773584906,1,FALSE,98.73749318926043,0
00-0034339,Trey Quinn,WR,2020,1,0,0,24.7364818617385,256,2,47,26,198,324,0,0.156737360232131,0.173158405522436,12,0.616666666666667,51.8,4.31666666666667,12,TRUE,1,-0.5896550513259056,63.38685406454249,0.5430471721587525,0,TRUE,99.63768087860034,0.156737360232131
00-0034343,Josh Rosen,QB,2019,5,22.98,4.596,22.5544147843943,10,1,0,0,0,0,23,0,0,14,0.917142857142857,126.92,9.06571428571429,14,TRUE,1,-0.6847276610291635,62.57480327657379,0.5714298756030322,0,TRUE,98.00322351301972,0
00-0034348,Courtland Sutton,WR,2019,16,222.42,13.90125,23.8932238193018,40,1,84,42,704,1178,1,0.17638490669139,0.315916797578571,16,0.761875,136.3,8.51875,16,FALSE,1,-0.6847276610291635,62.57480327657379,0.5714298756030322,0,TRUE,98.73749318926043,0
00-0034348,Courtland Sutton,WR,2020,1,9.6,9.6,24.8952772073922,40,2,124,72,1112,1436,3,0.275571437203161,0.424916206812343,16,0.92125,222.42,13.90125,16,FALSE,1,-0.5896550513259056,63.38685406454249,0.5430471721587525,0,TRUE,99.63768087860034,0
00-0034348,Courtland Sutton,WR,2021,17,150.24,8.83764705882353,25.8945927446954,40,3,6,3,66,106,0,0.157894736842105,0.205825242718447,1,0.4,9.6,9.6,1,FALSE,0,-5.25500442379632,63.5,0.616666666666667,1,FALSE,91.5505700173843,0
00-0034348,Courtland Sutton,WR,2022,15,159.4,10.6266666666667,26.8939082819986,40,4,98,58,776,1509,0,0.226293632865283,0.380497629466934,17,0.851176470588235,150.24,8.83764705882353,17,FALSE,1,-2.8481260497613583,62.11011351909185,0.5416291982158619,0,TRUE,75.0135249983918,0
00-0034348,Courtland Sutton,WR,2023,16,190.2,11.8875,27.8932238193018,40,5,109,64,829,1343,1,0.258071357911859,0.330124997576636,15,0.880666666666667,159.4,10.6266666666667,15,FALSE,1,4.361920524449067,66.15048913733956,0.6067168199037676,2,FALSE,54.07189796423326,0
00-0034348,Courtland Sutton,WR,2024,16,240.3,15.01875,28.8952772073922,40,6,90,59,772,1060,0,0.242054803256911,0.372916648403739,16,0.785,190.2,11.8875,16,FALSE,0,2.314489148752637,63.996828470321134,0.5900392582514449,4,FALSE,37.932505764701475,0
00-0034348,Courtland Sutton,WR,2025,17,219.7,12.9235294117647,29.8945927446954,40,7,144,86,1156,1944,0,0.280290158649216,0.497436728442686,18,0.859444444444444,240.3,15.01875,16,FALSE,0,1.6623237357923664,63.199504917454426,0.5887198393990302,5,FALSE,22.163851430919827,0
00-0034349,Kerryon Johnson,RB,2019,8,85,10.625,22.1711156741958,43,1,39,32,213,-24,118,0.129940913440679,-0.00360315978463345,10,0.516,139.4,13.94,10,FALSE,1,-0.6847276610291635,62.57480327657379,0.5714298756030322,0,TRUE,89.07074872817178,0
00-0034349,Kerryon Johnson,RB,2020,14,71.8,5.12857142857143,23.1731690622861,43,2,15,10,127,69,113,0.0850507639134362,0.0376561819567988,8,0.5275,85,10.625,8,FALSE,0,-3.80589589800994,63.0625,0.604838709677419,1,FALSE,96.89962194628248,0
00-0034351,Dallas Goedert,TE,2019,15,144.7,9.64666666666667,24.6598220396988,49,1,48,35,354,349,0,0.111727365155795,0.101872509607439,18,0.471666666666667,90.4,6.02666666666667,15,FALSE,0,2.01562726562108,62.83333333333329,0.53072625698324,1,FALSE,99.6312956406138,0
00-0034351,Dallas Goedert,TE,2020,11,116.4,10.5818181818182,25.6618754277892,49,2,95,65,680,563,0,0.195110066978116,0.176215580685817,16,0.723125,144.7,9.64666666666667,15,FALSE,1,-0.5896550513259056,63.38685406454249,0.5430471721587525,0,TRUE,96.309286703009,0
00-0034351,Dallas Goedert,TE,2021,15,165,11,26.6611909650924,49,3,65,46,524,560,0,0.203074354259212,0.19912440884634,11,0.787272727272727,116.4,10.5818181818182,11,FALSE,1,-1.556697294251077,65.79897521448999,0.5741231667858766,2,FALSE,82.4617658561213,0
00-0034351,Dallas Goedert,TE,2022,12,141.2,11.7666666666667,27.6605065023956,49,4,88,62,922,798,0,0.252586299422947,0.252914600058237,16,0.7875,165,11,15,FALSE,0,-2.875325229137859,64.61005036393115,0.5261283996235602,3,FALSE,79.89857189040993,0
00-0034351,Dallas Goedert,TE,2023,14,136.3,9.73571428571429,28.6598220396988,49,5,87,71,843,521,0,0.223626591428093,0.177538582372834,15,0.906,141.2,11.7666666666667,12,FALSE,1,-1.1508133315416142,62.217587857511425,0.5305483396322973,0,TRUE,63.568368273025115,0
00-0034351,Dallas Goedert,TE,2024,10,103.6,10.36,29.6618754277892,49,6,89,63,613,482,1,0.218893602930317,0.128991194230412,15,0.842666666666667,136.3,9.73571428571429,14,FALSE,1,-2.8661339040731684,66.57601057433756,0.5607137647104727,4,FALSE,36.46942571926204,0
00-0034351,Dallas Goedert,TE,2025,15,185.1,12.34,30.6611909650924,49,7,72,59,711,458,2,0.239570303720213,0.191226908301182,14,0.716428571428571,103.6,10.36,10,FALSE,1,-2.3156060854344385,60.48222947073567,0.5428931050762806,0,TRUE,20.501499721059933,0
00-0034353,Anthony Miller,WR,2019,16,127.5,7.96875,24.8952772073922,51,1,59,36,457,681,6,0.157159466964183,0.184260504179534,16,0.570625,120.22,8.01466666666667,15,FALSE,0,0.371345973023808,62.176470588235304,0.585714285714286,1,FALSE,99.63768087860034,0
00-0034353,Anthony Miller,WR,2020,16,108.7,6.79375,25.8973305954825,51,2,85,52,656,865,1,0.219016727088153,0.26960244635894,16,0.63875,127.5,7.96875,16,FALSE,1,0.935528214695384,58.0625,0.621848739495798,1,FALSE,91.5505700173843,0
00-0034353,Anthony Miller,WR,2021,3,14.5,4.83333333333333,26.8966461327858,51,3,79,51,507,764,3,0.153718705467014,0.174669626507036,17,0.538235294117647,108.7,6.79375,16,TRUE,0,4.252459109954118,61.09923889156884,0.6506994693680657,2,FALSE,75.0135249983918,0.153718705467014
00-0034364,Jordan Akins,TE,2019,16,89.8,5.6125,27.3675564681725,98,1,28,19,233,186,0,0.067908934589386,0.0580980008359006,17,0.351176470588235,39.5,2.82142857142857,14,FALSE,1,-0.6847276610291635,62.57480327657379,0.5714298756030322,0,TRUE,82.4617658561213,0
00-0034364,Jordan Akins,TE,2020,13,83.7,6.43846153846154,28.3696098562628,98,2,55,36,418,393,0,0.132937670042367,0.112987628514743,16,0.60875,89.8,5.6125,16,FALSE,0,1.45406736998584,63.61111111111109,0.58,1,FALSE,79.89857189040993,0
00-0034364,Jordan Akins,TE,2021,12,41.7,3.475,29.3689253935661,98,3,49,37,403,369,1,0.143611889085826,0.115426289670384,13,0.519230769230769,83.7,6.43846153846154,13,FALSE,0,4.252459109954118,61.09923889156884,0.6506994693680657,2,FALSE,63.568368273025115,0
00-0034364,Jordan Akins,TE,2022,15,116.5,7.76666666666667,30.3682409308693,98,4,33,24,214,207,1,0.113015006697802,0.0914663619259342,13,0.4,41.7,3.475,12,FALSE,1,-2.8481260497613583,62.11011351909185,0.5416291982158619,0,TRUE,36.46942571926204,0
00-0034364,Jordan Akins,TE,2023,13,28.2,2.16923076923077,31.3675564681725,98,5,54,37,495,332,0,0.134115478063127,0.0967338425032409,15,0.43,116.5,7.76666666666667,15,TRUE,0,-4.569155185908812,62.7422569763876,0.4895010347471576,3,FALSE,20.501499721059933,0.134115478063127
00-0034364,Jordan Akins,TE,2024,16,91,5.6875,32.3696098562628,98,6,23,15,132,109,0,0.100966660366786,0.049752615872473,18,0.197222222222222,28.2,2.16923076923077,13,FALSE,1,-1.07547140563658,62.6875,0.580645161290323,1,FALSE,10.93928087016864,0
00-0034365,Ian Thomas,TE,2019,10,35.6,3.56,23.2361396303901,101,1,49,36,333,303,0,0.176078339539564,0.129496269476869,15,0.498666666666667,81.3,8.13,10,FALSE,0,0.584780374251374,62.0625,0.509933774834437,1,FALSE,74.1857788205039,0
00-0034365,Ian Thomas,TE,2020,13,40.5,3.11538461538462,24.2381930184805,101,2,30,16,136,204,0,0.134256089991405,0.132542316110705,16,0.268125,35.6,3.56,10,FALSE,1,-0.5896550513259056,63.38685406454249,0.5430471721587525,0,TRUE,99.31220378490926,0
00-0034365,Ian Thomas,TE,2021,14,36.8,2.62857142857143,25.2375085557837,101,3,31,20,145,196,0,0.0900757212427042,0.0786545155613488,16,0.6525,40.5,3.11538461538462,13,FALSE,0,1.97446778834423,61.25,0.5,1,FALSE,99.6312956406138,0
00-0034365,Ian Thomas,TE,2022,13,40.7,3.13076923076923,26.2368240930869,101,4,30,18,188,183,0,0.0817830155348988,0.0634444553561483,17,0.615294117647059,36.8,2.62857142857143,14,FALSE,1,-2.8481260497613583,62.11011351909185,0.5416291982158619,0,TRUE,96.309286703009,0
00-0034365,Ian Thomas,TE,2023,8,10.6,1.325,27.2361396303901,101,5,30,21,197,69,0,0.102753761278429,0.0256362815946542,17,0.543529411764706,40.7,3.13076923076923,13,FALSE,1,-1.1508133315416142,62.217587857511425,0.5305483396322973,0,TRUE,82.4617658561213,0
00-0034365,Ian Thomas,TE,2024,3,3.7,1.23333333333333,28.2381930184805,101,6,9,5,56,78,0,0.0554106811463914,0.092023026927854,12,0.2675,10.6,1.325,8,FALSE,1,-0.93537900248378,60.73684210526321,0.633093525179856,1,FALSE,79.89857189040993,0
00-0034365,Ian Thomas,TE,2025,9,24.4,2.71111111111111,29.2375085557837,101,7,6,3,7,24,0,0.086422893481717,0.0415197856374327,5,0.344,3.7,1.23333333333333,3,TRUE,1,-2.3156060854344385,60.48222947073567,0.5428931050762806,0,TRUE,63.568368273025115,0.086422893481717
00-0034366,Keke Coutee,WR,2019,8,52.8,6.6,22.6283367556468,103,1,55,39,397,269,3,0.28763998463082,0.194202431823486,7,0.654285714285714,62.7,10.45,6,FALSE,1,-0.6847276610291635,62.57480327657379,0.5714298756030322,0,TRUE,86.5765769116426,0
00-0034366,Keke Coutee,WR,2020,8,87,10.875,23.6303901437372,103,2,36,22,254,272,2,0.135430371254381,0.110687998064305,9,0.55,52.8,6.6,8,FALSE,0,1.45406736998584,63.61111111111109,0.58,1,FALSE,98.73749318926043,0
00-0034366,Keke Coutee,WR,2021,1,1.5,1.5,24.6297056810404,103,3,40,33,400,377,0,0.168398895084771,0.168364544607282,8,0.585,87,10.875,8,TRUE,1,-1.3326053848525747,62.44109108555703,0.5569567092023618,0,TRUE,99.63768087860034,0.168398895084771
00-0034366,Keke Coutee,WR,2022,7,1,0.142857142857143,25.6290212183436,103,4,1,1,5,5,0,0.0384615384615385,0.0261780104712042,2,0.235,1.5,1.5,1,FALSE,1,-2.8481260497613583,62.11011351909185,0.5416291982158619,0,TRUE,91.5505700173843,0
00-0034367,Nyheim Hines,RB,2019,16,105.9,6.61875,22.8008213552361,104,1,81,63,425,167,88,0.147206735948344,0.0349313175824691,18,0.413888888888889,160.9,10.05625,16,FALSE,0,3.8273808374224103,64.5,0.632978723404255,1,FALSE,96.89962194628248,0
00-0034367,Nyheim Hines,RB,2020,16,193.2,12.075,23.802874743326502,104,2,58,44,320,77,52,0.140368892317918,0.0212272286427211,16,0.31625,105.9,6.61875,16,FALSE,0,-1.4780427979098418,63.517716535433074,0.599127942885572,2,FALSE,99.37614309886182,0
00-0034367,Nyheim Hines,RB,2021,17,112.6,6.62352941176471,24.8021902806297,104,3,79,64,490,55,95,0.160191556897229,0.0100959984271859,17,0.361176470588235,193.2,12.075,16,FALSE,1,-1.3326053848525747,62.44109108555703,0.5569567092023618,0,TRUE,91.39560576824717,0
00-0034367,Nyheim Hines,RB,2022,16,69.4,4.3375,25.8015058179329,104,4,57,40,310,113,56,0.147665868380816,0.0376339137749553,17,0.313529411764706,112.6,6.62352941176471,17,TRUE,1,-2.8481260497613583,62.11011351909185,0.5416291982158619,0,TRUE,93.3197777467908,0.147665868380816
00-0034370,DaeSean Hamilton,WR,2019,13,63.7,4.9,24.4791238877481,113,1,46,30,243,397,0,0.204723523691869,0.252622729139113,14,0.487857142857143,66.3,6.02727272727273,11,FALSE,1,-0.6847276610291635,62.57480327657379,0.5714298756030322,0,TRUE,98.73749318926043,0
00-0034370,DaeSean Hamilton,WR,2020,12,62.3,5.19166666666667,25.4811772758385,113,2,52,28,297,423,0,0.16081491802119,0.189817785217226,16,0.64875,63.7,4.9,13,FALSE,1,-0.5896550513259056,63.38685406454249,0.5430471721587525,0,TRUE,99.63768087860034,0
00-0034378,Ito Smith,RB,2019,7,36.3,5.18571428571429,23.9726214921287,NA,1,32,27,152,-8,90,0.0763464369233063,-0.00298968739827481,13,0.361538461538462,97.7,7.51538461538462,13,FALSE,1,-0.6847276610291635,62.57480327657379,0.5714298756030322,0,TRUE,99.37614309886182,0
00-0034378,Ito Smith,RB,2020,14,57.3,4.09285714285714,24.974674880219,126,2,14,11,87,24,22,0.0978361689989597,0.019550747778592,7,0.3,36.3,5.18571428571429,7,FALSE,0,2.02935244854015,67.5625,0.645962732919255,1,FALSE,91.39560576824717,0
00-0034378,Ito Smith,RB,2021,1,6.4,6.4,25.9739904175222,126,3,26,17,75,1,63,0.0762817611421772,-0.00549402673168378,14,0.234285714285714,57.3,4.09285714285714,14,TRUE,0,-2.0653857588530733,67.62566458622284,0.5389140927812085,2,FALSE,93.3197777467908,0.0762817611421772
00-0034383,Dalton Schultz,TE,2019,6,1.6,0.266666666666667,23.1403148528405,137,1,19,13,136,100,0,0.0715153858677514,0.0496576773763392,13,0.43,23.6,2.95,8,FALSE,1,-0.6847276610291635,62.57480327657379,0.5714298756030322,0,TRUE,74.1857788205039,0
00-0034383,Dalton Schultz,TE,2020,16,146.5,9.15625,24.1423682409309,137,2,2,1,6,20,0,0.0241841491841492,0.0235300824027919,16,0.1025,1.6,0.266666666666667,6,FALSE,0,-2.36529952786075,66.125,0.493055555555556,1,FALSE,99.31220378490926,0
00-0034383,Dalton Schultz,TE,2021,17,208.8,12.2823529411765,25.1416837782341,137,3,89,63,615,584,0,0.1620519668831,0.140475409675858,16,0.85375,146.5,9.15625,16,FALSE,0,-2.0653857588530733,67.62566458622284,0.5389140927812085,2,FALSE,99.6312956406138,0
00-0034383,Dalton Schultz,TE,2022,15,142.7,9.51333333333333,26.1409993155373,137,4,112,85,897,799,0,0.195938929197479,0.164024787766873,18,0.810555555555556,208.8,12.2823529411765,17,FALSE,0,-1.1087734579919446,67.32279387485555,0.5712511189221585,3,FALSE,96.309286703009,0
00-0034383,Dalton Schultz,TE,2023,15,150.5,10.0333333333333,27.1403148528405,137,5,107,69,699,811,0,0.212973094332106,0.205563978453425,17,0.8,142.7,9.51333333333333,15,TRUE,1,-4.57572469712941,60.05,0.437810945273632,1,FALSE,82.4617658561213,0.212973094332106
00-0034383,Dalton Schultz,TE,2024,17,118.2,6.95294117647059,28.1423682409309,137,6,97,65,715,797,0,0.208641394618133,0.175501917929707,17,0.736470588235294,150.5,10.0333333333333,15,FALSE,0,-3.705483912483935,60.5426101785595,0.4803488471835923,2,FALSE,79.89857189040993,0
00-0034383,Dalton Schultz,TE,2025,17,177.7,10.4529411764706,29.1416837782341,137,7,93,59,618,777,0,0.170376871607827,0.157213376531425,19,0.778947368421053,118.2,6.95294117647059,17,FALSE,0,-2.5050011258412974,60.992172224454286,0.5055515164721399,3,FALSE,63.568368273025115,0
00-0034386,Justin Watson,WR,2019,9,42.9,4.76666666666667,23.4086242299795,144,1,3,1,5,15,0,0.0281944444444444,0.0131058020098582,12,0.0875,1.5,0.214285714285714,7,FALSE,1,-0.6847276610291635,62.57480327657379,0.5714298756030322,0,TRUE,86.5765769116426,0
00-0034386,Justin Watson,WR,2020,7,16.4,2.34285714285714,24.4106776180698,144,2,26,15,159,352,0,0.169169152942928,0.204689799503887,13,0.257692307692308,42.9,4.76666666666667,9,FALSE,0,1.6930076676102641,64.19371647976597,0.5939548506101404,2,FALSE,98.73749318926043,0
00-0034386,Justin Watson,WR,2023,15,89,5.93333333333333,27.4086242299795,144,5,37,18,345,666,0,0.0732630881412169,0.166267872621593,19,0.454736842105263,58.5,3.44117647058824,17,FALSE,1,-1.1508133315416142,62.217587857511425,0.5305483396322973,0,TRUE,75.0135249983918,0
00-0034386,Justin Watson,WR,2024,15,62.9,4.19333333333333,28.4106776180698,144,6,63,33,550,1060,0,0.13491813469022,0.301919086648289,20,0.506,89,5.93333333333333,15,FALSE,0,5.007275832550871,62.904761904761905,0.626126126126126,1,FALSE,54.07189796423326,0
00-0034386,Justin Watson,WR,2025,3,6,2,29.409993155373,144,7,32,22,289,486,0,0.0795971664469559,0.164044974656419,20,0.5345,62.9,4.19333333333333,15,TRUE,0,-2.5050011258412974,60.992172224454286,0.5055515164721399,3,FALSE,37.932505764701475,0.0795971664469559
00-0034393,Troy Fumagalli,TE,2020,7,22,3.14285714285714,25.5386721423682,156,2,9,6,38,41,0,0.0601598607154163,0.0313013952537561,11,0.223636363636364,15.8,2.63333333333333,6,FALSE,1,-0.5896550513259056,63.38685406454249,0.5430471721587525,0,TRUE,96.309286703009,0
00-0034395,Daurice Fountain,WR,2021,1,0,0,25.6947296372348,159,3,3,2,23,28,0,0.0652380952380952,0.114472484037701,5,0.194,4.3,2.15,2,TRUE,0,9.2487708965395,62.24912817981407,0.6206834181363526,3,FALSE,91.5505700173843,0.0652380952380952
00-0034400,Jordan Wilkins,RB,2019,13,54,4.15384615384615,25.1225188227242,169,1,18,16,85,-24,62,0.0488328511381725,-0.0101051785823067,15,0.191333333333333,60.1,4.62307692307692,13,FALSE,0,3.8273808374224103,64.5,0.632978723404255,1,FALSE,91.39560576824717,0
00-0034400,Jordan Wilkins,RB,2020,13,61.3,4.71538461538462,26.1245722108145,169,2,11,7,43,15,51,0.0670256632707226,0.00801457817248668,13,0.196153846153846,54,4.15384615384615,13,FALSE,0,-1.4780427979098418,63.517716535433074,0.599127942885572,2,FALSE,93.3197777467908,0
00-0034400,Jordan Wilkins,RB,2021,2,0,0,27.1238877481177,169,3,16,12,105,-13,84,0.0580976430976431,-0.00970309141899245,13,0.197692307692308,61.3,4.71538461538462,13,FALSE,1,-1.3326053848525747,62.44109108555703,0.5569567092023618,0,TRUE,70.13043117440901,0
00-0034400,Jordan Wilkins,RB,2022,4,14.7,3.675,28.1232032854209,169,4,0,0,0,0,0,0,0,1,0.01,0,0,2,FALSE,1,-2.8481260497613583,62.11011351909185,0.5416291982158619,0,TRUE,50.58687746508861,0
00-0034401,Mike White,QB,2022,4,60.58,15.145,27.4387405886379,171,4,0,0,0,0,5,0,0,4,0.69,52.02,13.005,4,FALSE,0,-3.2398543233494106,61.92644902198673,0.5336580980676521,4,FALSE,100.1093045339178,0
00-0034401,Mike White,QB,2023,6,3.06,0.51,28.4380561259411,171,5,0,0,0,0,6,0,0,4,0.9775,60.58,15.145,4,TRUE,0,0.050788902645481,59,0.598484848484849,1,FALSE,89.57744281082132,0
00-0034401,Mike White,QB,2024,1,1.12,1.12,29.4401095140315,171,6,0,0,0,0,8,0,0,6,0.131666666666667,3.06,0.51,6,TRUE,1,-0.8649786736527051,62.918497519489705,0.4885280251440543,2,FALSE,82.32277997365468,0
00-0034407,Ray-Ray McCloud,WR,2019,6,-2,-0.333333333333333,22.8774811772758,NA,1,6,5,36,13,2,0.0363134277477638,0.00448686036180663,10,0.179,7,0.875,8,TRUE,0,0.584780374251374,62.0625,0.509933774834437,1,FALSE,86.5765769116426,0.0363134277477638
00-0034407,Ray-Ray McCloud,WR,2020,16,32.2,2.0125,23.8795345653662,187,2,0,0,0,0,0,0,0,1,0.01,-2,-0.333333333333333,6,TRUE,0,3.3721813220040873,61.596550407331975,0.5890179950939574,2,FALSE,98.73749318926043,0
00-0034407,Ray-Ray McCloud,WR,2021,16,66.2,4.1375,24.8788501026694,187,3,22,20,77,-33,4,0.0570777882941829,-0.0111018951298149,15,0.165333333333333,32.2,2.0125,16,FALSE,0,4.32871819518336,62.84387095228973,0.5983447227642579,3,FALSE,99.63768087860034,0
00-0034407,Ray-Ray McCloud,WR,2022,17,58.1,3.41764705882353,25.8781656399726,187,4,68,41,297,434,2,0.173451302335085,0.174485122134255,17,0.452352941176471,66.2,4.1375,16,TRUE,1,-2.8481260497613583,62.11011351909185,0.5416291982158619,0,TRUE,91.5505700173843,0.173451302335085
00-0034407,Ray-Ray McCloud,WR,2023,12,28.5,2.375,26.8774811772758,187,5,25,14,243,295,4,0.0758062653300638,0.116617024651592,19,0.246842105263158,58.1,3.41764705882353,17,FALSE,1,-2.29091030889994,62.8823529411765,0.502958579881657,1,FALSE,75.0135249983918,0
00-0034407,Ray-Ray McCloud,WR,2024,17,140.5,8.26470588235294,27.8795345653662,187,6,18,14,161,142,3,0.0917940271963261,0.0824080783224521,14,0.264285714285714,28.5,2.375,12,TRUE,1,-2.3927249464459472,61.20751703093519,0.5382602054028329,0,TRUE,54.07189796423326,0.0917940271963261
00-0034407,Ray-Ray McCloud,WR,2025,6,13.9,2.31666666666667,28.8788501026694,187,7,87,62,686,589,10,0.188297028830254,0.157968810803196,17,0.851176470588235,140.5,8.26470588235294,17,FALSE,0,-6.60259853246614,62.8823529411765,0.435064935064935,1,FALSE,37.932505764701475,0
00-0034411,Russell Gage,WR,2019,14,98.8,7.05714285714286,23.6084873374401,194,1,10,6,63,105,0,0.0752741135044028,0.105748921754978,10,0.091,12.3,1.36666666666667,9,FALSE,1,-0.6847276610291635,62.57480327657379,0.5714298756030322,0,TRUE,98.73749318926043,0
00-0034411,Russell Gage,WR,2020,16,181.06,11.31625,24.6105407255305,194,2,74,49,446,525,4,0.171777881561629,0.151716741678493,16,0.42625,98.8,7.05714285714286,14,FALSE,0,2.02935244854015,67.5625,0.645962732919255,1,FALSE,99.63768087860034,0
00-0034411,Russell Gage,WR,2021,13,163,12.5384615384615,25.6098562628337,194,3,109,72,786,927,2,0.207492963714032,0.195106972841856,16,0.68125,181.06,11.31625,16,FALSE,1,-1.3326053848525747,62.44109108555703,0.5569567092023618,0,TRUE,91.5505700173843,0
00-0034411,Russell Gage,WR,2022,13,123.6,9.50769230769231,26.6091718001369,194,4,94,66,770,882,0,0.275719309002597,0.325966637058907,14,0.739285714285714,163,12.5384615384615,13,TRUE,0,2.1048884742145724,64.66575143138203,0.5689299557692652,6,FALSE,75.0135249983918,0.275719309002597
00-0034414,Boston Scott,RB,2019,9,96.9,10.7666666666667,24.3477070499658,201,1,0,0,0,0,0,0,0,2,0.025,0,0,1,FALSE,0,2.01562726562108,62.83333333333329,0.53072625698324,1,FALSE,99.37614309886182,0
00-0034414,Boston Scott,RB,2020,16,95.6,5.975,25.3497604380561,201,2,29,27,227,-51,67,0.142931034482759,-0.0465660541860776,10,0.271,96.9,10.7666666666667,9,FALSE,1,-0.5896550513259056,63.38685406454249,0.5430471721587525,0,TRUE,91.39560576824717,0
00-0034414,Boston Scott,RB,2021,11,98.6,8.96363636363636,26.3490759753593,201,3,36,25,212,95,80,0.104069256833423,0.0399234159855721,16,0.3425,95.6,5.975,16,FALSE,1,-1.556697294251077,65.79897521448999,0.5741231667858766,2,FALSE,93.3197777467908,0
00-0034414,Boston Scott,RB,2022,15,46.2,3.08,27.3483915126626,201,4,17,14,84,-12,88,0.0956545460467877,-0.00324346023376685,11,0.313636363636364,98.6,8.96363636363636,11,FALSE,0,-2.875325229137859,64.61005036393115,0.5261283996235602,3,FALSE,70.13043117440901,0
00-0034414,Boston Scott,RB,2023,12,15.8,1.31666666666667,28.3477070499658,201,5,7,6,24,-15,69,0.0464866752414408,-0.0154586585779304,18,0.17888888888888901,46.2,3.08,15,FALSE,1,-1.1508133315416142,62.217587857511425,0.5305483396322973,0,TRUE,50.58687746508861,0
00-0034418,Cedrick Wilson Jr.,WR,2020,13,51.62,3.97076923076923,24.7830253251198,208,2,8,5,46,134,0,0.12226867335563,0.157810202575101,4,0.24,9.6,2.4,4,FALSE,0,-2.36529952786075,66.125,0.493055555555556,1,FALSE,99.63768087860034,0
00-0034418,Cedrick Wilson Jr.,WR,2021,14,147.82,10.5585714285714,25.782340862423,208,3,28,17,189,244,3,0.0947814641081282,0.0947654239036881,16,0.2,51.62,3.97076923076923,13,FALSE,0,-2.0653857588530733,67.62566458622284,0.5389140927812085,2,FALSE,91.5505700173843,0
00-0034418,Cedrick Wilson Jr.,WR,2022,13,26.4,2.03076923076923,26.7816563997262,208,4,71,50,664,753,2,0.15845192295065,0.208555122928589,17,0.490588235294118,147.82,10.5585714285714,14,TRUE,1,-2.8481260497613583,62.11011351909185,0.5416291982158619,0,TRUE,75.0135249983918,0.15845192295065
00-0034418,Cedrick Wilson Jr.,WR,2023,11,69.6,6.32727272727273,27.7809719370294,208,5,19,13,150,197,1,0.07406998508573,0.104366120464588,16,0.249375,26.4,2.03076923076923,13,FALSE,0,0.050788902645481,59,0.598484848484849,1,FALSE,54.07189796423326,0
00-0034418,Cedrick Wilson Jr.,WR,2024,13,49.94,3.84153846153846,28.7830253251198,208,6,45,25,333,515,0,0.128617140942992,0.192121116003647,16,0.576875,69.6,6.32727272727273,11,TRUE,1,-1.746163993703397,61.15189530920728,0.48150446254666934,2,FALSE,37.932505764701475,0.128617140942992
00-0034418,Cedrick Wilson Jr.,WR,2025,6,9.4,1.56666666666667,29.782340862423,208,7,27,20,211,196,0,0.114875553475863,0.0983817470434281,15,0.396,49.94,3.84153846153846,13,TRUE,0,-0.5447121886359134,60.911465867603496,0.559447486838868,3,FALSE,22.163851430919827,0.114875553475863
00-0034419,Braxton Berrios,WR,2020,16,97.3,6.08125,24.9062286105407,210,2,13,6,115,107,0,0.149673513693365,0.141191277389234,11,0.132727272727273,15.5,0.96875,16,FALSE,0,-2.031525260991639,56.537444629014395,0.6426844120961318,2,FALSE,99.63768087860034,0
00-0034419,Braxton Berrios,WR,2021,16,115.1,7.19375,25.9055441478439,210,3,55,37,394,416,3,0.219915685462848,0.194389507743126,15,0.314,97.3,6.08125,16,FALSE,1,-4.237220859663053,62.415471591191114,0.5350290456824077,3,FALSE,91.5505700173843,0
00-0034419,Braxton Berrios,WR,2022,17,57.68,3.39294117647059,26.9048596851472,210,4,65,46,431,332,7,0.235691237595289,0.15817618680469,16,0.384375,115.1,7.19375,16,FALSE,0,-3.2398543233494106,61.92644902198673,0.5336580980676521,4,FALSE,75.0135249983918,0
00-0034419,Braxton Berrios,WR,2023,16,57.9,3.61875,27.9041752224504,210,5,32,18,145,218,9,0.100494698401603,0.0795951697264471,16,0.28,57.68,3.39294117647059,17,TRUE,0,0.050788902645481,59,0.598484848484849,1,FALSE,54.07189796423326,0.100494698401603
00-0034419,Braxton Berrios,WR,2024,6,0,0,28.9062286105407,210,6,34,27,238,244,1,0.093144301261581,0.0889811035598427,17,0.427647058823529,57.9,3.61875,16,FALSE,0,1.6387244690867036,59.873498324310376,0.5398887365534697,2,FALSE,37.932505764701475,0
00-0034419,Braxton Berrios,WR,2025,4,9.7,2.425,29.9055441478439,210,7,4,0,0,26,0,0.0425990506635668,0.0410492250042582,6,0.268333333333333,0,0,6,TRUE,0,-2.5050011258412974,60.992172224454286,0.5055515164721399,3,FALSE,22.163851430919827,0.0425990506635668
00-0034426,Javon Wims,WR,2019,11,42.6,3.87272727272727,24.9719370294319,224,1,5,4,32,34,0,0.130769230769231,0.105967254808457,4,0.12,7.2,3.6,2,FALSE,0,0.371345973023808,62.176470588235304,0.585714285714286,1,FALSE,99.63768087860034,0
00-0034426,Javon Wims,WR,2020,10,17,1.7,25.9739904175222,224,2,39,18,186,451,0,0.159291548979832,0.246888199328608,16,0.4575,42.6,3.87272727272727,11,FALSE,1,0.935528214695384,58.0625,0.621848739495798,1,FALSE,91.5505700173843,0
00-0034432,Bo Scarbrough,RB,2020,1,3.1,3.1,23.9233401779603,236,2,4,1,5,-8,89,0.0675438596491228,-0.0166581842383432,6,0.416666666666667,43.2,7.2,6,TRUE,0,-7.49088804122155,62.333907214115975,0.5482848076249452,2,FALSE,99.37614309886182,0.0675438596491228
00-0034438,Logan Woodside,QB,2021,4,-0.6,-0.15,26.5954825462012,249,3,0,0,0,0,7,0,0,5,0.062,1.28,0.256,5,FALSE,1,-1.3326053848525747,62.44109108555703,0.5569567092023618,0,TRUE,100.1093045339178,0
00-0034439,Ryan Izzo,TE,2020,10,30.9,3.09,24.6981519507187,250,2,9,6,114,78,0,0.0690675360556245,0.083166601001536,6,0.608333333333333,23.4,3.9,6,FALSE,0,-0.3245495508298596,67.3079364552042,0.5267896779140432,2,FALSE,99.6312956406138,0
00-0034440,Justin Jackson,RB,2019,7,31.2,4.45714285714286,23.3593429158111,251,1,23,18,157,-30,53,0.164894947876139,-0.0298592063297692,10,0.253,61.1,6.78888888888889,9,FALSE,1,-0.6847276610291635,62.57480327657379,0.5714298756030322,0,TRUE,96.89962194628248,0
00-0034440,Justin Jackson,RB,2020,8,65.3,8.1625,24.3613963039014,251,2,11,9,22,-12,29,0.0713480085670152,-0.00980973994993705,7,0.2,31.2,4.45714285714286,7,FALSE,0,-0.392821717534081,61.625,0.605263157894737,1,FALSE,99.37614309886182,0
00-0034440,Justin Jackson,RB,2021,14,86.2,6.15714285714286,25.3607118412047,251,3,24,19,173,-47,59,0.128135822510823,-0.0238286144595937,9,0.292222222222222,65.3,8.1625,8,FALSE,1,-1.3326053848525747,62.44109108555703,0.5569567092023618,0,TRUE,91.39560576824717,0
00-0034440,Justin Jackson,RB,2022,15,51.1,3.40666666666667,26.3600273785079,251,4,25,22,178,20,68,0.13561788189519,0.0237196748750171,13,0.254615384615385,86.2,6.15714285714286,14,TRUE,1,-2.8481260497613583,62.11011351909185,0.5416291982158619,0,TRUE,93.3197777467908,0.13561788189519
00-0034449,Buddy Howell,RB,2019,8,1,0.125,23.4305270362765,NA,1,0,0,0,0,0,0,0,3,0.0166666666666667,0,0,7,FALSE,1,-0.6847276610291635,62.57480327657379,0.5714298756030322,0,TRUE,96.89962194628248,0
00-0034449,Buddy Howell,RB,2020,5,7.7,1.54,24.4325804243669,NA,2,0,0,0,0,5,0,0,6,0.0916666666666667,1,0.125,8,FALSE,0,1.45406736998584,63.61111111111109,0.58,1,FALSE,99.37614309886182,0
00-0034449,Buddy Howell,RB,2021,5,1.1,0.22,25.4318959616701,NA,3,2,1,3,19,16,0.0740740740740741,0.0964467005076142,7,0.105714285714286,7.7,1.54,5,TRUE,0,-0.639111168038151,61.890182746738866,0.513483002919607,4,FALSE,91.39560576824717,0.0740740740740741
00-0034457,Josh Adams,RB,2019,2,1.2,0.6,22.839151266256,NA,1,13,7,58,-9,121,0.113640678468545,-0.00575537793015315,14,0.279285714285714,81.9,6.3,13,TRUE,1,-2.25445855388325,54.0625,0.6052631578947371,1,FALSE,96.89962194628248,0.113640678468545
00-0034457,Josh Adams,RB,2020,8,36.6,4.575,23.8412046543463,NA,2,0,0,0,0,8,0,0,2,0.09,1.2,0.6,2,FALSE,0,-2.031525260991639,56.537444629014395,0.6426844120961318,2,FALSE,99.37614309886182,0
00-0034487,Trent Sherfield,WR,2019,10,12,1.2,23.5126625598905,NA,1,28,19,210,315,0,0.149996297076271,0.178747496739048,9,0.606666666666667,46,5.11111111111111,9,FALSE,1,-0.6847276610291635,62.57480327657379,0.5714298756030322,0,TRUE,98.73749318926043,0
00-0034487,Trent Sherfield,WR,2020,9,10,1.11111111111111,24.5147159479808,NA,2,13,4,80,207,0,0.0698727566507011,0.154119128715201,14,0.282142857142857,12,1.2,10,FALSE,0,1.6930076676102641,64.19371647976597,0.5939548506101404,2,FALSE,99.63768087860034,0
00-0034487,Trent Sherfield,WR,2021,12,23.7,1.975,25.5140314852841,NA,3,7,5,50,82,0,0.194557823129252,0.308277012502365,12,0.106666666666667,10,1.11111111111111,9,TRUE,1,-1.3326053848525747,62.44109108555703,0.5569567092023618,0,TRUE,91.5505700173843,0.194557823129252
00-0034487,Trent Sherfield,WR,2022,16,83.7,5.23125,26.5133470225873,NA,4,22,9,87,184,0,0.100938235476279,0.117371380752459,20,0.2345,23.7,1.975,12,TRUE,1,-2.8481260497613583,62.11011351909185,0.5416291982158619,0,TRUE,75.0135249983918,0.100938235476279
00-0034487,Trent Sherfield,WR,2023,11,25.6,2.32727272727273,27.5126625598905,NA,5,53,30,417,606,0,0.112581201808457,0.135618674797542,18,0.583888888888889,83.7,5.23125,16,TRUE,0,5.29349471715236,63.77777777777781,0.586734693877551,1,FALSE,54.07189796423326,0.112581201808457
00-0034487,Trent Sherfield,WR,2024,13,22.3,1.71538461538462,28.5147159479808,NA,6,25,12,93,271,0,0.0844623052408767,0.10941967771616,19,0.383684210526316,25.6,2.32727272727273,11,TRUE,0,2.0976935157109353,63.67803123643234,0.6684650520890582,2,FALSE,37.932505764701475,0.0844623052408767
00-0034487,Trent Sherfield,WR,2025,4,5.1,1.275,29.5140314852841,NA,7,12,10,91,76,0,0.0524893651886406,0.040489384693361,18,0.162222222222222,22.3,1.71538461538462,13,TRUE,0,1.6623237357923664,63.199504917454426,0.5887198393990302,5,FALSE,22.163851430919827,0.0524893651886406
00-0034510,Robert Foster,WR,2019,10,12.3,1.23,25.3196440793977,NA,1,44,27,541,906,0,0.167220451625605,0.25538566086608,13,0.526923076923077,99.1,9.00909090909091,11,FALSE,0,-5.4886656210703,62.375,0.495652173913044,1,FALSE,99.63768087860034,0
00-0034510,Robert Foster,WR,2020,3,5.7,1.9,26.321697467488,NA,2,18,3,64,451,2,0.0759813438845697,0.183962696220532,11,0.290909090909091,12.3,1.23,10,TRUE,1,-0.5896550513259056,63.38685406454249,0.5430471721587525,0,TRUE,91.5505700173843,0.0759813438845697
00-0034521,Allen Lazard,WR,2019,12,102.8,8.56666666666667,23.7234770704997,NA,1,1,1,7,7,0,0.0277777777777778,0.0172839506172839,1,0.02,1.7,1.7,1,FALSE,1,-3.73727848646601,62.4375,0.592592592592593,1,FALSE,98.73749318926043,0
00-0034521,Allen Lazard,WR,2020,10,97.8,9.78,24.72553045859,NA,2,56,38,513,812,2,0.153327863186814,0.232645321294034,17,0.488235294117647,102.8,8.56666666666667,12,FALSE,0,-0.2545699109913614,62.031798245614056,0.6079622132253715,2,FALSE,99.63768087860034,0
00-0034521,Allen Lazard,WR,2021,14,142.5,10.1785714285714,25.7248459958932,NA,3,60,40,609,654,2,0.178811094533598,0.241183839640257,12,0.733333333333333,97.8,9.78,10,FALSE,0,1.2448117567873749,61.772867804759954,0.5868189323739391,3,FALSE,91.5505700173843,0
00-0034521,Allen Lazard,WR,2022,15,174.8,11.6533333333333,26.7241615331964,NA,4,61,41,519,653,3,0.147845639158398,0.216703092564928,16,0.745625,142.5,10.1785714285714,14,FALSE,1,-2.8481260497613583,62.11011351909185,0.5416291982158619,0,TRUE,75.0135249983918,0
00-0034521,Allen Lazard,WR,2023,14,60.1,4.29285714285714,27.7234770704997,NA,5,100,60,788,1249,2,0.226542807180268,0.327512846127521,15,0.888666666666667,174.8,11.6533333333333,15,TRUE,1,1.7472426029804171,61.63220683305003,0.5940290152635698,4,FALSE,54.07189796423326,0.226542807180268
00-0034521,Allen Lazard,WR,2024,12,126,10.5,28.72553045859,NA,6,49,23,311,597,0,0.146974484333428,0.215197389249622,14,0.774285714285714,60.1,4.29285714285714,14,FALSE,1,-9.413792033601224,61.56675373145686,0.5608928535266602,2,FALSE,37.932505764701475,0
00-0034521,Allen Lazard,WR,2025,9,23,2.55555555555556,29.7248459958932,NA,7,61,37,530,686,0,0.175778678737406,0.276925282672291,12,0.843333333333333,126,10.5,12,FALSE,1,-2.3156060854344385,60.48222947073567,0.5428931050762806,0,TRUE,22.163851430919827,0
00-0034577,Kyle Allen,QB,2019,13,193.48,14.8830769230769,23.482546201232,NA,1,0,0,0,0,5,0,0,2,0.46,26.54,13.27,2,FALSE,0,0.584780374251374,62.0625,0.509933774834437,1,FALSE,98.00322351301972,0
00-0034577,Kyle Allen,QB,2020,4,46,11.5,24.4845995893224,NA,2,0,0,0,0,32,0,0,13,0.979230769230769,193.48,14.8830769230769,13,TRUE,1,-0.5896550513259056,63.38685406454249,0.5430471721587525,0,TRUE,100.67668139230038,0
00-0034577,Kyle Allen,QB,2021,2,7.9,3.95,25.4839151266256,NA,3,0,0,0,0,7,0,0,4,0.6625,46,11.5,4,FALSE,0,1.26828816587635,65,0.551948051948052,1,FALSE,97.53698303935931,0
00-0034577,Kyle Allen,QB,2022,2,19.94,9.97,26.4832306639288,NA,4,0,0,0,0,2,0,0,2,0.285,7.9,3.95,2,TRUE,1,-2.8481260497613583,62.11011351909185,0.5416291982158619,0,TRUE,94.39609488384028,0
00-0034577,Kyle Allen,QB,2023,6,-1.3,-0.216666666666667,27.482546201232,NA,5,0,0,0,0,6,0,0,2,1,19.94,9.97,2,TRUE,0,5.29349471715236,63.77777777777781,0.586734693877551,1,FALSE,100.1093045339178,0
00-0034577,Kyle Allen,QB,2024,1,0.76,0.76,28.4845995893224,NA,6,0,0,0,0,13,0,0,7,0.08,-1.3,-0.216666666666667,6,TRUE,1,-7.120032313232597,60.03284145075934,0.496930334488184,2,FALSE,89.57744281082132,0
00-0034577,Kyle Allen,QB,2025,2,-0.3,-0.15,29.4839151266256,NA,7,0,0,0,0,0,0,0,1,0.03,0.76,0.76,1,TRUE,1,-2.3156060854344385,60.48222947073567,0.5428931050762806,0,TRUE,82.32277997365468,0
00-0034578,Reggie Bonnafon,RB,2020,2,16.7,8.35,24.6598220396988,NA,2,9,6,57,26,16,0.0610776212599921,0.0185565588143193,9,0.11,29.3,2.66363636363636,11,FALSE,1,-0.5896550513259056,63.38685406454249,0.5430471721587525,0,TRUE,91.39560576824717,0
00-0034578,Reggie Bonnafon,RB,2021,1,3.6,3.6,25.6591375770021,NA,3,2,2,18,-2,12,0.0555555555555556,-0.0087719298245614,2,0.16,16.7,8.35,2,FALSE,0,1.97446778834423,61.25,0.5,1,FALSE,93.3197777467908,0
00-0034578,Reggie Bonnafon,RB,2022,1,0.8,0.8,26.6584531143053,NA,4,2,2,12,3,1,0.0465116279069767,0.0077319587628866,1,0.2,3.6,3.6,1,TRUE,0,-0.4798819167791796,63.64768431644504,0.5435222878010671,2,FALSE,70.13043117440901,0.0465116279069767
00-0034593,Chris Lacy,WR,2019,4,9,2.25,23.5920602327173,NA,1,1,0,0,9,0,0.0303030303030303,0.0422535211267606,1,0.48,0,0,1,FALSE,1,-0.6847276610291635,62.57480327657379,0.5714298756030322,0,TRUE,98.73749318926043,0
00-0034597,Ryan Nall,RB,2020,9,20.7,2.3,24.681724845995902,NA,2,0,0,0,0,2,0,0,3,0.0333333333333333,0.8,0.2,4,FALSE,1,0.935528214695384,58.0625,0.621848739495798,1,FALSE,91.39560576824717,0
00-0034597,Ryan Nall,RB,2021,5,1.8,0.36,25.6810403832991,NA,3,9,8,67,20,4,0.0623542631935166,0.0161436903835574,16,0.075625,20.7,2.3,9,FALSE,0,-0.43053437265560734,61.001407270225165,0.6069410342534227,2,FALSE,93.3197777467908,0
00-0034613,Tanner Hudson,TE,2020,4,7.1,1.775,25.8042436687201,NA,2,5,2,26,55,0,0.0370564008976794,0.0391350510892453,9,0.155555555555556,4.6,1.15,4,FALSE,0,1.6930076676102641,64.19371647976597,0.5939548506101404,2,FALSE,96.309286703009,0
00-0034613,Tanner Hudson,TE,2023,12,80.2,6.68333333333333,28.8021902806297,NA,5,15,10,132,110,0,0.130183037434477,0.125025437260863,11,0.35,23.2,3.86666666666667,6,TRUE,0,4.526730966061893,63.31439633983992,0.591176217626744,4,FALSE,63.568368273025115,0.130183037434477
00-0034613,Tanner Hudson,TE,2024,9,38.5,4.27777777777778,29.8042436687201,NA,6,50,39,352,269,0,0.14209372711182,0.105513679598761,12,0.355,80.2,6.68333333333333,12,FALSE,1,-2.3927249464459472,61.20751703093519,0.5382602054028329,0,TRUE,36.46942571926204,0
00-0034613,Tanner Hudson,TE,2025,10,47.8,4.78,30.8035592060233,NA,7,23,19,154,98,1,0.0911138031319473,0.0403835215852457,11,0.157272727272727,38.5,4.27777777777778,9,FALSE,0,10.0828731123803,62.705882352941195,0.66504854368932,1,FALSE,20.501499721059933,0
00-0034614,Godwin Igwebuike,RB,2022,5,1.7,0.34,27.9753593429158,NA,4,10,7,60,15,18,0.0658320331231146,0.00458946433490876,8,0.1875,26.8,1.78666666666667,15,TRUE,0,-4.28740337043254,55.5882352941176,0.544715447154472,1,FALSE,50.58687746508861,0.0658320331231146
00-0034614,Godwin Igwebuike,RB,2023,7,0,0,28.974674880219,NA,5,1,1,3,3,3,0.0357142857142857,0.0111524163568773,2,0.035,1.7,0.34,5,TRUE,0,-4.60431391612077,64.5882352941177,0.5,1,FALSE,25.648912801362936,0.0357142857142857
00-0034631,Vyncint Smith,WR,2019,13,48.7,3.74615384615385,23.2279260780287,NA,1,12,5,91,266,0,0.087275192831892,0.162867036775742,7,0.485714285714286,20.1,5.025,4,TRUE,1,-2.25445855388325,54.0625,0.6052631578947371,1,FALSE,86.5765769116426,0.087275192831892
00-0034631,Vyncint Smith,WR,2020,4,2.3,0.575,24.2299794661191,NA,2,31,17,225,373,3,0.110406087241998,0.148445315829681,13,0.380769230769231,48.7,3.74615384615385,13,FALSE,0,-2.031525260991639,56.537444629014395,0.6426844120961318,2,FALSE,98.73749318926043,0
00-0034631,Vyncint Smith,WR,2021,1,0,0,25.2292950034223,NA,3,3,1,13,39,0,0.0523088023088023,0.0954141852815342,4,0.2025,2.3,0.575,4,FALSE,1,-4.237220859663053,62.415471591191114,0.5350290456824077,3,FALSE,99.63768087860034,0
00-0034646,Brandon Powell,WR,2021,6,0,0,25.9712525667351,NA,3,18,12,69,83,2,0.0664200564452112,0.0351485280590921,13,0.206923076923077,29.6,1.97333333333333,15,TRUE,0,-0.639111168038151,61.890182746738866,0.513483002919607,4,FALSE,91.5505700173843,0.0664200564452112
00-0034646,Brandon Powell,WR,2022,17,47.6,2.8,26.9705681040383,NA,4,0,0,0,0,0,0,0,3,0.0166666666666667,0,0,6,FALSE,1,-2.8481260497613583,62.11011351909185,0.5416291982158619,0,TRUE,75.0135249983918,0
00-0034646,Brandon Powell,WR,2023,17,67.1,3.94705882352941,27.9698836413415,NA,5,32,24,156,48,17,0.108625453692337,0.0177492706919561,17,0.288235294117647,47.6,2.8,17,TRUE,0,2.68718916520798,64.7777777777778,0.651515151515151,1,FALSE,54.07189796423326,0.108625453692337
00-0034646,Brandon Powell,WR,2024,16,14.1,0.88125,28.9719370294319,NA,6,44,29,324,332,5,0.111335774083515,0.109609419490845,15,0.403333333333333,67.1,3.94705882352941,17,FALSE,0,2.0976935157109353,63.67803123643234,0.6684650520890582,2,FALSE,37.932505764701475,0
00-0034652,Cameron Batson,WR,2021,4,11,2.75,25.700205338809,NA,3,14,13,106,84,4,0.0602166355389352,0.0388576081203497,13,0.348461538461538,30,3,10,FALSE,1,-1.3326053848525747,62.44109108555703,0.5569567092023618,0,TRUE,91.5505700173843,0
00-0034653,Deontay Burnett,WR,2019,1,6.8,6.8,21.9082819986311,NA,1,15,10,143,162,0,0.123400363654234,0.144477174036859,5,0.436,24.3,4.86,5,TRUE,0,2.01562726562108,62.83333333333329,0.53072625698324,1,FALSE,71.91123187885705,0.123400363654234
00-0034653,Deontay Burnett,WR,2020,1,4.9,4.9,22.9103353867214,NA,2,5,3,53,93,0,0.088,0.239769396130545,2,0.2,6.8,6.8,1,FALSE,1,-0.5896550513259056,63.38685406454249,0.5430471721587525,0,TRUE,86.5765769116426,0
00-0034660,Rico Gafford,WR,2020,3,0,0,24.2765229295003,NA,2,2,2,66,49,0,0.0288617886178862,0.0934160748656003,NA,NA,14.6,4.86666666666667,3,FALSE,0,-0.6006980829077988,61.12525562372189,0.537748270162759,2,FALSE,98.73749318926043,0
00-0034676,James Washington,WR,2019,15,133.5,8.9,23.4140999315537,60,1,38,16,217,640,0,0.0823767990379234,0.161797636259016,14,0.546428571428571,43.7,3.64166666666667,12,FALSE,0,9.22088145774646,65.0625,0.675862068965517,1,FALSE,86.5765769116426,0
00-0034676,James Washington,WR,2020,16,99.2,6.2,24.4161533196441,60,2,80,44,735,1266,0,0.202907115165189,0.354948241784305,15,0.684,133.5,8.9,15,FALSE,0,3.3721813220040873,61.596550407331975,0.5890179950939574,2,FALSE,98.73749318926043,0
00-0034676,James Washington,WR,2021,15,65.8,4.38666666666667,25.4154688569473,60,3,62,35,464,772,0,0.126141181164053,0.20983772322857,17,0.436470588235294,99.2,6.2,16,FALSE,0,4.32871819518336,62.84387095228973,0.5983447227642579,3,FALSE,99.63768087860034,0
00-0034676,James Washington,WR,2022,1,0,0,26.4147843942505,60,4,47,26,322,576,2,0.104879623034451,0.222305732131903,16,0.44875,65.8,4.38666666666667,15,TRUE,0,-1.1087734579919446,67.32279387485555,0.5712511189221585,3,FALSE,91.5505700173843,0.104879623034451
00-0034679,Mark Walton,RB,2019,7,42,6,22.425735797399,NA,1,8,5,41,-11,14,0.0901867378048781,-0.0151448000285713,8,0.1825,12.5,1.25,10,TRUE,1,-0.6847276610291635,62.57480327657379,0.5714298756030322,0,TRUE,89.07074872817178,0.0901867378048781
00-0034681,Chase Edmonds,RB,2019,12,82.8,6.9,23.3839835728953,134,1,23,20,103,-11,60,0.101542386808884,-0.00563590659256179,16,0.206875,63.1,3.94375,16,FALSE,1,-0.6847276610291635,62.57480327657379,0.5714298756030322,0,TRUE,96.89962194628248,0
00-0034681,Chase Edmonds,RB,2020,16,168,10.5,24.3860369609856,134,2,21,12,105,5,60,0.107512077327746,0.00633671178799207,10,0.329,82.8,6.9,12,FALSE,0,1.6930076676102641,64.19371647976597,0.5939548506101404,2,FALSE,99.37614309886182,0
00-0034681,Chase Edmonds,RB,2021,12,143.3,11.9416666666667,25.3853524982888,134,3,67,53,402,135,97,0.13464055440339,0.0324848631742589,16,0.465625,168,10.5,16,FALSE,0,0.8673730317946872,64.20348050458715,0.5632598072358128,4,FALSE,91.39560576824717,0
00-0034681,Chase Edmonds,RB,2022,13,74.2,5.70769230769231,26.3846680355921,134,4,54,43,311,40,124,0.167782813311478,0.015692399227465,13,0.573846153846154,143.3,11.9416666666667,12,TRUE,1,-2.8481260497613583,62.11011351909185,0.5416291982158619,0,TRUE,93.3197777467908,0.167782813311478
00-0034681,Chase Edmonds,RB,2023,13,39.7,3.05384615384615,27.3839835728953,134,5,17,10,96,41,42,0.0779002138489805,0.0235694087715113,8,0.3675,74.2,5.70769230769231,13,TRUE,1,-1.1508133315416142,62.217587857511425,0.5305483396322973,0,TRUE,70.13043117440901,0.0779002138489805
00-0034686,Auden Tate,WR,2019,12,101.5,8.45833333333333,22.5735797399042,NA,1,12,4,35,122,0,0.129452129995608,0.150540111057546,6,0.225,7.5,1.5,5,FALSE,1,-0.6847276610291635,62.57480327657379,0.5714298756030322,0,TRUE,86.5765769116426,0
00-0034686,Auden Tate,WR,2020,8,29,3.625,23.5756331279945,253,2,80,40,575,933,0,0.216133908203698,0.308283422170346,12,0.813333333333333,101.5,8.45833333333333,12,FALSE,0,0.747418243329004,64.625,0.617021276595745,1,FALSE,98.73749318926043,0
00-0034686,Auden Tate,WR,2021,4,12.9,3.225,24.5749486652977,253,3,22,14,150,207,0,0.114790592478426,0.109836737191054,9,0.274444444444444,29,3.625,8,FALSE,0,2.510348320281197,64.50024224806202,0.5993945381770283,2,FALSE,99.63768087860034,0
00-0034710,Darvin Kidsy,WR,2019,1,0,0,24.4544832306639,NA,1,2,1,8,18,0,0.0740740740740741,0.0681818181818182,2,0.135,1.8,1.8,1,FALSE,0,-3.66217017397005,59.75,0.556603773584906,1,FALSE,98.73749318926043,0
00-0034747,Marcell Ateman,WR,2019,4,14.6,3.65,24.9582477754962,228,1,31,15,154,339,0,0.190142527844141,0.223076786841728,NA,NA,36.4,5.2,7,FALSE,0,1.12660532424442,61,0.5,1,FALSE,99.63768087860034,0
00-0034750,Rashaad Penny,RB,2019,9,75.3,8.36666666666667,23.5783709787817,NA,1,12,9,75,6,89,0.107995347125782,0.00642536096123623,13,0.219230769230769,70.4,5.41538461538462,13,FALSE,0,-13.3775139572444,61.1764705882353,0.477987421383648,1,FALSE,99.37614309886182,0
00-0034750,Rashaad Penny,RB,2020,3,3.4,1.13333333333333,24.580424366872,27,2,11,8,83,25,65,0.101261666219902,0.00581826651002267,10,0.224,75.3,8.36666666666667,9,FALSE,0,-7.49088804122155,62.333907214115975,0.5482848076249452,2,FALSE,91.39560576824717,0
00-0034750,Rashaad Penny,RB,2021,10,121.7,12.17,25.5797399041752,27,3,0,0,0,0,11,0,0,3,0.2,3.4,1.13333333333333,3,FALSE,1,-1.3326053848525747,62.44109108555703,0.5569567092023618,0,TRUE,93.3197777467908,0
00-0034750,Rashaad Penny,RB,2022,5,52.2,10.44,26.5790554414784,27,4,8,6,48,-16,119,0.070508008008008,-0.0159645738639308,10,0.416,121.7,12.17,10,FALSE,0,-4.28740337043254,55.5882352941176,0.544715447154472,1,FALSE,70.13043117440901,0
00-0034750,Rashaad Penny,RB,2023,3,4.8,1.6,27.5783709787817,27,5,5,4,16,-12,57,0.0781086729362591,-0.0351355177993527,5,0.552,52.2,10.44,5,TRUE,1,-1.1508133315416142,62.217587857511425,0.5305483396322973,0,TRUE,50.58687746508861,0.0781086729362591
00-0034753,Mark Andrews,TE,2019,15,207.2,13.8133333333333,23.9863107460643,86,1,57,37,583,588,0,0.136070763925449,0.165131124196651,17,0.354705882352941,107.2,6.7,16,FALSE,1,-0.6847276610291635,62.57480327657379,0.5714298756030322,0,TRUE,99.31220378490926,0
00-0034753,Mark Andrews,TE,2020,14,170.1,12.15,24.9883641341547,86,2,105,68,891,1103,0,0.260562292900412,0.288597970171109,16,0.439375,207.2,13.8133333333333,15,FALSE,0,-9.28535716243663,66.3529411764706,0.451086956521739,1,FALSE,99.6312956406138,0
00-0034753,Mark Andrews,TE,2021,17,301.1,17.7117647058824,25.9876796714579,86,3,105,66,770,1017,0,0.274543766949692,0.290375179255709,16,0.661875,170.1,12.15,14,FALSE,0,-11.100175002691868,64.05516147206238,0.4510869565217391,2,FALSE,96.309286703009,0
00-0034753,Mark Andrews,TE,2022,15,190.5,12.7,26.9869952087611,86,4,153,107,1361,1574,1,0.277057355326429,0.359010116540189,17,0.755882352941176,301.1,17.7117647058824,17,FALSE,0,-7.907648010302149,65.67061259167201,0.49385102749788146,3,FALSE,82.4617658561213,0
00-0034753,Mark Andrews,TE,2023,10,135.4,13.54,27.9863107460643,86,5,123,78,920,1204,4,0.321385798891715,0.360679879866631,16,0.8425,190.5,12.7,15,FALSE,1,3.4864180115215095,62.878328770532605,0.6282900360853253,2,FALSE,79.89857189040993,0
00-0034753,Mark Andrews,TE,2024,17,188.8,11.1058823529412,28.9883641341547,86,6,63,47,559,458,1,0.228476816552333,0.196370104141007,11,0.662727272727273,135.4,13.54,10,FALSE,0,2.996667788796563,62.6891488564084,0.5677081034738317,3,FALSE,63.568368273025115,0
00-0034753,Mark Andrews,TE,2025,17,131,7.70588235294118,29.9876796714579,86,7,79,62,761,812,8,0.188937937944537,0.21156683629188,19,0.615263157894737,188.8,11.1058823529412,17,FALSE,0,0.4558089730608386,62.2806738134938,0.5473334568380964,4,FALSE,36.46942571926204,0
00-0034764,Michael Gallup,WR,2019,14,212.7,15.1928571428571,23.4934976043806,81,1,83,41,644,1152,0,0.175599615897731,0.336812106694788,18,0.691111111111111,97.7,6.51333333333333,15,FALSE,1,-0.6847276610291635,62.57480327657379,0.5714298756030322,0,TRUE,86.5765769116426,0
00-0034764,Michael Gallup,WR,2020,16,173.3,10.83125,24.4955509924709,81,2,113,66,1107,1421,0,0.232778943067912,0.300382387007722,14,0.851428571428571,212.7,15.1928571428571,14,FALSE,0,-2.36529952786075,66.125,0.493055555555556,1,FALSE,98.73749318926043,0
00-0034764,Michael Gallup,WR,2021,9,91.5,10.1666666666667,25.4948665297741,81,3,105,59,843,1237,0,0.196842093970077,0.273543131113392,16,0.8725,173.3,10.83125,16,FALSE,0,-2.0653857588530733,67.62566458622284,0.5389140927812085,2,FALSE,99.63768087860034,0
00-0034764,Michael Gallup,WR,2022,14,105.4,7.52857142857143,26.4941820670773,81,4,62,35,445,722,0,0.180133659205378,0.287827189342962,9,0.75,91.5,10.1666666666667,9,FALSE,0,-1.1087734579919446,67.32279387485555,0.5712511189221585,3,FALSE,91.5505700173843,0
00-0034764,Michael Gallup,WR,2023,16,87.8,5.4875,27.4934976043806,81,5,83,44,470,940,0,0.186502295653172,0.243292639449644,16,0.754375,105.4,7.52857142857143,14,FALSE,1,-3.253496611940459,62.359387411143786,0.5639090904966904,3,FALSE,75.0135249983918,0
00-0034765,Tre'Quan Smith,WR,2019,10,71.4,7.14,23.6495550992471,91,1,48,30,452,574,1,0.199570307095644,0.260160594930536,17,0.564705882352941,100.7,7.74615384615385,13,FALSE,0,0.550929796968577,62,0.521551724137931,1,FALSE,98.73749318926043,0
00-0034765,Tre'Quan Smith,WR,2020,13,103.1,7.93076923076923,24.6516084873374,91,2,26,18,234,248,0,0.088362362772374,0.0952539500597936,12,0.644166666666667,71.4,7.14,10,FALSE,0,1.8447942208887929,61.60275019098548,0.5593931930138827,2,FALSE,99.63768087860034,0
00-0034765,Tre'Quan Smith,WR,2021,10,87.7,8.77,25.6509240246407,91,3,53,37,533,507,1,0.14012902022106,0.234346530860899,15,0.698666666666667,103.1,7.93076923076923,13,FALSE,0,-0.17176604021972183,62.57684815504885,0.5315089522252244,3,FALSE,91.5505700173843,0
00-0034765,Tre'Quan Smith,WR,2022,10,52.8,5.28,26.6502395619439,91,4,50,32,377,480,0,0.182082166422596,0.225582353928415,11,0.695454545454545,87.7,8.77,10,FALSE,0,-1.0017622280411616,62.17367515588611,0.5342540590250734,4,FALSE,75.0135249983918,0
00-0034766,Chris Herndon,TE,2019,1,1.7,1.7,23.5208761122519,NA,1,56,39,502,596,0,0.144138736772048,0.15407178518059,16,0.62875,113.2,8.08571428571429,14,FALSE,1,-2.25445855388325,54.0625,0.6052631578947371,1,FALSE,99.31220378490926,0
00-0034766,Chris Herndon,TE,2020,12,73.7,6.14166666666667,24.5229295003422,107,2,2,1,7,12,0,0.0740740740740741,0.0470588235294118,1,0.28,1.7,1.7,1,FALSE,0,-2.031525260991639,56.537444629014395,0.6426844120961318,2,FALSE,99.6312956406138,0
00-0034766,Chris Herndon,TE,2021,6,14,2.33333333333333,25.5222450376454,107,3,45,31,287,308,0,0.168274276585231,0.151572770581034,16,0.68125,73.7,6.14166666666667,12,TRUE,1,-1.3326053848525747,62.44109108555703,0.5569567092023618,0,TRUE,96.309286703009,0.168274276585231
00-0034771,Mason Rudolph,QB,2020,4,19.36,4.84,25.2101300479124,76,2,0,0,0,0,21,0,0,10,0.806,117.8,11.78,10,FALSE,0,3.3721813220040873,61.596550407331975,0.5890179950939574,2,FALSE,97.53698303935931,0
00-0034771,Mason Rudolph,QB,2021,2,19.38,9.69,26.2094455852156,76,3,0,0,0,0,7,0,0,5,0.234,19.36,4.84,4,FALSE,0,4.32871819518336,62.84387095228973,0.5983447227642579,3,FALSE,94.39609488384028,0
00-0034771,Mason Rudolph,QB,2024,8,104.8,13.1,29.1279945242984,76,6,0,0,0,0,12,0,0,5,0.82,39.56,9.89,4,TRUE,1,-2.3927249464459472,61.20751703093519,0.5382602054028329,0,TRUE,82.32277997365468,0
00-0034771,Mason Rudolph,QB,2025,5,17,3.4,30.1273100616016,76,7,0,0,0,0,25,0,0,8,0.8475,104.8,13.1,8,TRUE,0,-6.551421263838917,60.54958485906386,0.498988084765842,3,FALSE,76.91939486134842,0
00-0034772,Antonio Callaway,WR,2019,4,16.9,4.225,22.6420260095825,NA,1,79,43,586,1093,2,0.182996564927774,0.24726072289228,16,0.713125,132.3,8.26875,16,FALSE,1,6.20990521322913,65.25,0.674846625766871,1,FALSE,86.5765769116426,0
00-0034772,Antonio Callaway,WR,2020,4,4,1,23.6440793976728,105,2,15,8,89,153,0,0.118569023569024,0.148071347832791,4,0.5925,16.9,4.225,4,TRUE,1,-0.5896550513259056,63.38685406454249,0.5430471721587525,0,TRUE,98.73749318926043,0.118569023569024
00-0034775,Christian Kirk,WR,2019,13,168.2,12.9384615384615,22.7843942505133,47,1,68,43,590,654,3,0.233518562964322,0.261478079639215,12,0.788333333333333,123.5,10.2916666666667,12,FALSE,1,-0.6847276610291635,62.57480327657379,0.5714298756030322,0,TRUE,86.5765769116426,0
00-0034775,Christian Kirk,WR,2020,14,146.4,10.4571428571429,23.7864476386037,47,2,108,68,709,1079,10,0.253369345110851,0.307445653029035,13,0.940769230769231,168.2,12.9384615384615,13,FALSE,0,1.6930076676102641,64.19371647976597,0.5939548506101404,2,FALSE,98.73749318926043,0
00-0034775,Christian Kirk,WR,2021,17,207.62,12.2129411764706,24.7857631759069,47,3,79,48,621,935,2,0.179001725030978,0.250726150543235,14,0.771428571428571,146.4,10.4571428571429,14,FALSE,0,0.8673730317946872,64.20348050458715,0.5632598072358128,4,FALSE,99.63768087860034,0
00-0034775,Christian Kirk,WR,2022,17,241.9,14.2294117647059,25.7850787132101,47,4,114,83,1033,1338,1,0.218872679714615,0.316599734365765,18,0.762777777777778,207.62,12.2129411764706,17,TRUE,1,-1.41590982238568,66.1875,0.610294117647059,1,FALSE,91.5505700173843,0.218872679714615
00-0034775,Christian Kirk,WR,2023,12,150.26,12.5216666666667,26.7843942505133,47,5,161,99,1238,1463,6,0.269727062109075,0.316372070046819,19,0.887894736842105,241.9,14.2294117647059,17,FALSE,0,-1.3488422968493057,64.25181382193803,0.5645692856581886,2,FALSE,75.0135249983918,0
00-0034775,Christian Kirk,WR,2024,8,70.9,8.8625,27.7864476386037,47,6,85,57,787,842,1,0.260857803521408,0.338837745912733,12,0.705833333333333,150.26,12.5216666666667,12,FALSE,0,-0.16653390748279134,64.32353884647833,0.5623575634262084,3,FALSE,54.07189796423326,0
00-0034775,Christian Kirk,WR,2025,11,57.9,5.26363636363636,28.7857631759069,47,7,47,27,379,644,0,0.228311890774838,0.309961375926713,8,0.7,70.9,8.8625,8,TRUE,0,-2.5050011258412974,60.992172224454286,0.5055515164721399,3,FALSE,37.932505764701475,0.228311890774838
00-0034777,DJ Chark,WR,2019,15,225.8,15.0533333333333,22.9377138945927,61,1,32,14,174,314,0,0.130996432045201,0.143891542583746,11,0.393636363636364,29.4,2.67272727272727,11,FALSE,1,2.05703243783867,61.9375,0.650793650793651,1,FALSE,86.5765769116426,0
00-0034777,DJ Chark,WR,2020,13,153.6,11.8153846153846,23.9397672826831,61,2,118,73,1008,1391,2,0.245777110956045,0.348169018349201,15,0.82,225.8,15.0533333333333,15,FALSE,1,-0.5896550513259056,63.38685406454249,0.5430471721587525,0,TRUE,98.73749318926043,0
00-0034777,DJ Chark,WR,2021,3,34.4,11.4666666666667,24.9390828199863,61,3,93,53,706,1300,0,0.227545760122275,0.366572877375959,13,0.835384615384615,153.6,11.8153846153846,13,FALSE,1,-3.074511719805549,62.108863865123304,0.5780123029612375,2,FALSE,99.63768087860034,0
00-0034777,DJ Chark,WR,2022,11,98.2,8.92727272727273,25.9383983572895,61,4,22,7,154,359,0,0.204084022038568,0.387022500012696,4,0.6425,34.4,11.4666666666667,3,TRUE,1,-2.8481260497613583,62.11011351909185,0.5416291982158619,0,TRUE,91.5505700173843,0.204084022038568
00-0034777,DJ Chark,WR,2023,14,115.5,8.25,26.9377138945927,61,5,52,30,502,799,0,0.153253933036965,0.308844170936676,11,0.698181818181818,98.2,8.92727272727273,11,TRUE,1,-1.1508133315416142,62.217587857511425,0.5305483396322973,0,TRUE,75.0135249983918,0.153253933036965
00-0034777,DJ Chark,WR,2024,4,13.1,3.275,27.9397672826831,61,6,66,35,525,1016,0,0.170727974732551,0.322739705370734,15,0.758666666666667,115.5,8.25,14,TRUE,1,-7.082631239843433,64.48163851650537,0.4985939516130559,4,FALSE,54.07189796423326,0.170727974732551
00-0034788,Jaeden Graham,TE,2020,8,5.5,0.6875,24.8952772073922,NA,2,10,9,149,86,0,0.0594749416063806,0.0617360268164494,15,0.176666666666667,29.9,2.99,10,FALSE,0,2.02935244854015,67.5625,0.645962732919255,1,FALSE,99.6312956406138,0
00-0034791,Nick Chubb,RB,2019,16,255.2,15.95,23.6796714579055,35,1,29,20,149,42,192,0.120979514361359,0.0237106753772696,16,0.3875,194.5,12.15625,16,FALSE,1,6.20990521322913,65.25,0.674846625766871,1,FALSE,99.37614309886182,0
00-0034791,Nick Chubb,RB,2020,12,207.7,17.3083333333333,24.681724845995902,35,2,49,36,278,-28,298,0.12016588364228,-0.0164829324660369,16,0.68875,255.2,15.95,16,FALSE,1,-0.5896550513259056,63.38685406454249,0.5430471721587525,0,TRUE,91.39560576824717,0
00-0034791,Nick Chubb,RB,2021,14,215.3,15.3785714285714,25.6810403832991,35,3,27,22,223,40,221,0.0928683796137356,2.3346056066185e-4,14,0.502142857142857,207.7,17.3083333333333,12,FALSE,0,-1.61018073558807,62.5,0.46808510638297895,1,FALSE,93.3197777467908,0
00-0034791,Nick Chubb,RB,2022,17,281.4,16.5529411764706,26.6803559206023,35,4,25,20,174,14,228,0.0873295382851408,0.00606979708150707,14,0.527857142857143,215.3,15.3785714285714,14,FALSE,0,-3.175694760403078,61.836291725562674,0.46540353266213097,2,FALSE,70.13043117440901,0
00-0034791,Nick Chubb,RB,2023,2,23.1,11.55,27.6796714579055,35,5,37,27,239,0,302,0.102345830540802,-5.9759355019012e-4,17,0.564117647058824,281.4,16.5529411764706,17,FALSE,0,-4.569155185908812,62.7422569763876,0.4895010347471576,3,FALSE,50.58687746508861,0
00-0034791,Nick Chubb,RB,2024,8,63.3,7.9125,28.681724845995902,35,6,4,4,21,1,28,0.137931034482759,0.00303951367781155,2,0.35,23.1,11.55,2,FALSE,1,-1.07547140563658,62.6875,0.580645161290323,1,FALSE,25.648912801362936,0
00-0034791,Nick Chubb,RB,2025,15,88.3,5.88666666666667,29.6810403832991,35,7,11,5,31,-5,102,0.0429354189731904,0.00276316088841609,8,0.4125,63.3,7.9125,8,TRUE,0,-2.5050011258412974,60.992172224454286,0.5055515164721399,3,FALSE,7.711988601272322,0.0429354189731904
00-0034796,Lamar Jackson,QB,2019,15,421.68,28.112,22.6475017111567,32,1,2,0,0,-2,156,0.0266714082503556,-0.003099966819927,17,0.527058823529412,160.54,10.03375,16,FALSE,1,-0.6847276610291635,62.57480327657379,0.5714298756030322,0,TRUE,98.00322351301972,0
00-0034796,Lamar Jackson,QB,2020,15,341.78,22.7853333333333,23.6495550992471,32,2,0,0,0,0,196,0,0,16,0.935625,421.68,28.112,15,FALSE,0,-9.28535716243663,66.3529411764706,0.451086956521739,1,FALSE,100.67668139230038,0
00-0034796,Lamar Jackson,QB,2021,12,252.98,21.0816666666667,24.6488706365503,32,3,0,0,0,0,184,0,0,17,0.933529411764706,341.78,22.7853333333333,15,FALSE,0,-11.100175002691868,64.05516147206238,0.4510869565217391,2,FALSE,97.53698303935931,0
00-0034796,Lamar Jackson,QB,2022,12,243.08,20.2566666666667,25.6481861738535,32,4,0,0,0,0,133,0,0,12,0.91,252.98,21.0816666666667,12,FALSE,0,-7.907648010302149,65.67061259167201,0.49385102749788146,3,FALSE,94.39609488384028,0
00-0034796,Lamar Jackson,QB,2023,16,338.22,21.13875,26.6475017111567,32,5,0,0,0,0,112,0,0,12,0.928333333333333,243.08,20.2566666666667,12,FALSE,1,3.4864180115215095,62.878328770532605,0.6282900360853253,2,FALSE,100.1093045339178,0
00-0034796,Lamar Jackson,QB,2024,17,434.38,25.5517647058824,27.6495550992471,32,6,1,1,13,-1,167,0.0294117647058824,-0.00290697674418605,18,0.976666666666667,338.22,21.13875,16,FALSE,0,2.996667788796563,62.6891488564084,0.5677081034738317,3,FALSE,89.57744281082132,0
00-0034796,Lamar Jackson,QB,2025,13,221.86,17.0661538461538,28.6488706365503,32,7,0,0,0,0,160,0,0,19,0.968947368421053,434.38,25.5517647058824,17,FALSE,0,0.4558089730608386,62.2806738134938,0.5473334568380964,4,FALSE,82.32277997365468,0
00-0034798,Durham Smythe,TE,2019,12,13.5,1.125,24.062970568104,123,1,11,6,50,47,0,0.0900983864620228,0.0665845740606279,15,0.216,11,1.375,8,FALSE,1,-0.6847276610291635,62.57480327657379,0.5714298756030322,0,TRUE,99.31220378490926,0
00-0034798,Durham Smythe,TE,2020,13,58.8,4.52307692307692,25.0650239561944,123,2,14,7,65,138,0,0.0519302627556584,0.0489591683973333,16,0.444375,13.5,1.125,12,FALSE,1,-0.5896550513259056,63.38685406454249,0.5430471721587525,0,TRUE,99.6312956406138,0
00-0034798,Durham Smythe,TE,2021,16,70,4.375,26.0643394934976,123,3,29,26,208,114,0,0.085954045918171,0.0511944111318916,15,0.454666666666667,58.8,4.52307692307692,13,FALSE,1,-1.3326053848525747,62.44109108555703,0.5569567092023618,0,TRUE,96.309286703009,0
00-0034798,Durham Smythe,TE,2022,13,40,3.07692307692308,27.0636550308008,123,4,41,34,357,260,2,0.102608931080908,0.0990037206164112,17,0.622352941176471,70,4.375,16,FALSE,1,-2.8481260497613583,62.11011351909185,0.5416291982158619,0,TRUE,82.4617658561213,0
00-0034798,Durham Smythe,TE,2023,13,71.6,5.50769230769231,28.062970568104,123,5,21,16,149,91,2,0.0934243614561875,0.0514043436308046,17,0.577058823529412,40,3.07692307692308,13,FALSE,0,0.050788902645481,59,0.598484848484849,1,FALSE,79.89857189040993,0
00-0034798,Durham Smythe,TE,2024,14,14.3,1.02142857142857,29.0650239561944,123,6,47,38,378,292,0,0.113814056207111,0.091200045147256,17,0.777647058823529,71.6,5.50769230769231,13,FALSE,0,1.6387244690867036,59.873498324310376,0.5398887365534697,2,FALSE,63.568368273025115,0
00-0034798,Durham Smythe,TE,2025,7,6.5,0.928571428571429,30.0643394934976,123,7,17,9,53,94,0,0.0464883390776469,0.0373973611973751,17,0.322352941176471,14.3,1.02142857142857,14,TRUE,1,-4.79011169771107,64.39098450827193,0.4878221470323203,3,FALSE,36.46942571926204,0.0464883390776469
00-0034799,Kalen Ballage,RB,2019,12,51.8,4.31666666666667,23.6933607118412,NA,1,11,9,56,-14,36,0.110452634760935,-0.0221356173735669,11,0.151818181818182,37.7,3.14166666666667,12,FALSE,1,-0.6847276610291635,62.57480327657379,0.5714298756030322,0,TRUE,99.37614309886182,0
00-0034799,Kalen Ballage,RB,2020,11,93.9,8.53636363636364,24.6954140999316,131,2,24,14,63,-8,74,0.09777176787667,-0.0175498964082684,12,0.326666666666667,51.8,4.31666666666667,12,TRUE,0,-0.392821717534081,61.625,0.605263157894737,1,FALSE,91.39560576824717,0.09777176787667
00-0034799,Kalen Ballage,RB,2021,8,6.4,0.8,25.6947296372348,131,3,27,20,99,-22,88,0.137160772831505,-0.0238851974097385,8,0.42875,93.9,8.53636363636364,11,TRUE,0,4.32871819518336,62.84387095228973,0.5983447227642579,3,FALSE,93.3197777467908,0.137160772831505
00-0034808,John Kelly,RB,2019,1,0.9,0.9,22.9075975359343,176,1,3,2,27,-6,27,0.0638754696725711,-0.0198930637955028,3,0.233333333333333,12.1,3.025,4,FALSE,1,-3.66217017397005,59.75,0.556603773584906,1,FALSE,96.89962194628248,0
00-0034816,Ronald Jones,RB,2019,16,166.3,10.39375,22.0780287474333,38,1,9,7,33,-14,23,0.0588326585695007,-0.00879150104034168,8,0.15375,20.7,2.95714285714286,7,FALSE,1,-0.6847276610291635,62.57480327657379,0.5714298756030322,0,TRUE,89.07074872817178,0
00-0034816,Ronald Jones,RB,2020,14,186.3,13.3071428571429,23.0800821355236,38,2,40,31,309,30,172,0.102809283336113,0.00338140915054785,16,0.364375,166.3,10.39375,16,FALSE,0,1.6930076676102641,64.19371647976597,0.5939548506101404,2,FALSE,96.89962194628248,0
00-0034816,Ronald Jones,RB,2021,15,79.2,5.28,24.0793976728268,38,3,44,28,165,37,227,0.108682690791488,0.00875505106589099,16,0.45625,186.3,13.3071428571429,14,FALSE,0,0.8673730317946872,64.20348050458715,0.5632598072358128,4,FALSE,99.37614309886182,0
00-0034816,Ronald Jones,RB,2022,5,16.2,3.24,25.07871321013,38,4,13,10,64,-15,101,0.0586804858451112,-0.0038611172426597,16,0.194375,79.2,5.28,15,TRUE,0,9.764874939182034,63.265673354913034,0.6318005958082872,4,FALSE,91.39560576824717,0.0586804858451112
00-0034827,DJ Moore,WR,2019,15,230.5,15.3666666666667,22.3819301848049,24,1,82,55,788,737,13,0.187958022542171,0.22121782379911,16,0.689375,157,9.8125,16,FALSE,0,0.584780374251374,62.0625,0.509933774834437,1,FALSE,71.91123187885705,0
00-0034827,DJ Moore,WR,2020,15,211.5,14.1,23.3839835728953,24,2,135,87,1175,1490,6,0.275506661376632,0.362024749470172,15,0.870666666666667,230.5,15.3666666666667,15,FALSE,1,-0.5896550513259056,63.38685406454249,0.5430471721587525,0,TRUE,86.5765769116426,0
00-0034827,DJ Moore,WR,2021,17,237.5,13.9705882352941,24.3832991101985,24,3,118,66,1193,1561,2,0.275297401515622,0.433706851368549,15,0.867333333333333,211.5,14.1,15,FALSE,0,1.97446778834423,61.25,0.5,1,FALSE,98.73749318926043,0
00-0034827,DJ Moore,WR,2022,17,199.1,11.7117647058824,25.3826146475017,24,4,163,93,1157,1734,8,0.29021743060382,0.408653635097124,17,0.866470588235294,237.5,13.9705882352941,17,FALSE,1,-2.8481260497613583,62.11011351909185,0.5416291982158619,0,TRUE,99.63768087860034,0
00-0034827,DJ Moore,WR,2023,17,286.5,16.8529411764706,26.3819301848049,24,5,118,63,888,1526,10,0.299728218548583,0.533273678092518,17,0.964705882352941,199.1,11.7117647058824,17,TRUE,0,-11.2404955422377,57.6470588235294,0.401515151515151,1,FALSE,91.5505700173843,0.299728218548583
00-0034827,DJ Moore,WR,2024,17,238.1,14.0058823529412,27.3839835728953,24,6,136,96,1364,1476,4,0.321260414183277,0.433002027500818,17,0.906470588235294,286.5,16.8529411764706,17,FALSE,1,0.09937692503816128,58.15604034108125,0.5602657737692467,3,FALSE,75.0135249983918,0
00-0034827,DJ Moore,WR,2025,17,170.18,10.0105882352941,28.3832991101985,24,7,140,98,966,1049,14,0.287913878401999,0.245982700012744,17,0.938235294117647,238.1,14.0058823529412,17,FALSE,1,-4.79011169771107,64.39098450827193,0.4878221470323203,3,FALSE,54.07189796423326,0
00-0034829,Mike Gesicki,TE,2019,15,136,9.06666666666667,23.9123887748118,42,1,32,22,202,275,0,0.104149873613546,0.109357915526469,16,0.4475,40.2,2.87142857142857,14,FALSE,1,-0.6847276610291635,62.57480327657379,0.5714298756030322,0,TRUE,99.31220378490926,0
00-0034829,Mike Gesicki,TE,2020,15,159.3,10.62,24.9144421629021,42,2,89,51,570,885,0,0.168814162039648,0.200894254402348,16,0.649375,136,9.06666666666667,15,FALSE,1,-0.5896550513259056,63.38685406454249,0.5430471721587525,0,TRUE,99.6312956406138,0
00-0034829,Mike Gesicki,TE,2021,17,165,9.70588235294118,25.9137577002053,42,3,85,53,703,940,0,0.186394284836734,0.250667110223722,15,0.621333333333333,159.3,10.62,15,FALSE,1,-1.3326053848525747,62.44109108555703,0.5569567092023618,0,TRUE,96.309286703009,0
00-0034829,Mike Gesicki,TE,2022,17,98.2,5.77647058823529,26.9130732375086,42,4,112,73,780,1048,0,0.201920314432405,0.24287098579724,17,0.714117647058824,165,9.70588235294118,17,FALSE,1,-2.8481260497613583,62.11011351909185,0.5416291982158619,0,TRUE,82.4617658561213,0
00-0034829,Mike Gesicki,TE,2023,15,65.4,4.36,27.9123887748118,42,5,58,34,377,570,0,0.126805316408207,0.138562779272808,18,0.435555555555556,98.2,5.77647058823529,17,TRUE,1,-1.1508133315416142,62.217587857511425,0.5305483396322973,0,TRUE,79.89857189040993,0.126805316408207
00-0034829,Mike Gesicki,TE,2024,16,141.5,8.84375,28.9144421629021,42,6,45,29,244,383,0,0.116761712579259,0.123913375421996,17,0.502941176470588,65.4,4.36,15,TRUE,1,-2.3927249464459472,61.20751703093519,0.5382602054028329,0,TRUE,63.568368273025115,0.116761712579259
00-0034829,Mike Gesicki,TE,2025,12,70.7,5.89166666666667,29.9137577002053,42,7,83,65,665,615,0,0.177167587300518,0.196204183773323,17,0.447647058823529,141.5,8.84375,16,FALSE,0,10.0828731123803,62.705882352941195,0.66504854368932,1,FALSE,36.46942571926204,0
00-0034830,Hayden Hurst,TE,2019,16,76.9,4.80625,26.0205338809035,25,1,24,13,163,177,1,0.105380588575669,0.0841082328017246,13,0.31,35.3,3.92222222222222,9,FALSE,1,-0.6847276610291635,62.57480327657379,0.5714298756030322,0,TRUE,96.309286703009,0
00-0034830,Hayden Hurst,TE,2020,16,149.1,9.31875,27.0225872689938,25,2,45,34,402,414,0,0.10895782539563,0.107646997484011,17,0.421176470588235,76.9,4.80625,16,TRUE,0,2.02935244854015,67.5625,0.645962732919255,1,FALSE,82.4617658561213,0.10895782539563
00-0034830,Hayden Hurst,TE,2021,12,64.1,5.34166666666667,28.0219028062971,25,3,88,56,571,594,0,0.165740221863799,0.133086263799789,16,0.69875,149.1,9.31875,16,FALSE,1,-1.3326053848525747,62.44109108555703,0.5569567092023618,0,TRUE,79.89857189040993,0
00-0034830,Hayden Hurst,TE,2022,13,105.4,8.10769230769231,29.0212183436003,25,4,31,26,221,205,0,0.094098435864825,0.0730791477903798,13,0.495384615384615,64.1,5.34166666666667,12,TRUE,0,2.677685954614587,63.142209216222355,0.5919254926756715,3,FALSE,63.568368273025115,0.094098435864825
00-0034830,Hayden Hurst,TE,2023,9,42.4,4.71111111111111,30.0205338809035,25,5,85,65,555,443,0,0.165588022902192,0.132542851064341,16,0.625,105.4,8.10769230769231,13,TRUE,1,-1.1508133315416142,62.217587857511425,0.5305483396322973,0,TRUE,36.46942571926204,0.165588022902192
00-0034830,Hayden Hurst,TE,2024,7,15.3,2.18571428571429,31.0225872689938,25,6,32,18,184,242,0,0.12079761560936,0.125689214145458,9,0.506666666666667,42.4,4.71111111111111,9,TRUE,1,-7.082631239843433,64.48163851650537,0.4985939516130559,4,FALSE,20.501499721059933,0.12079761560936
00-0034837,Calvin Ridley,WR,2019,13,197,15.1538461538462,24.6981519507187,NA,1,92,64,821,936,6,0.179965780113681,0.220116238074023,16,0.606875,206.8,12.925,16,FALSE,1,-0.6847276610291635,62.57480327657379,0.5714298756030322,0,TRUE,99.63768087860034,0
00-0034837,Calvin Ridley,WR,2020,15,281.5,18.7666666666667,25.700205338809,26,2,93,63,866,1246,2,0.19725286732078,0.302604148968367,13,0.751538461538462,197,15.1538461538462,13,FALSE,0,2.02935244854015,67.5625,0.645962732919255,1,FALSE,91.5505700173843,0
00-0034837,Calvin Ridley,WR,2021,5,71.1,14.22,26.6995208761123,26,3,143,90,1374,2052,5,0.268023282191725,0.424260309418747,15,0.782666666666667,281.5,18.7666666666667,15,FALSE,1,-1.3326053848525747,62.44109108555703,0.5569567092023618,0,TRUE,75.0135249983918,0
00-0034837,Calvin Ridley,WR,2024,17,199.2,11.7176470588235,29.700205338809,26,6,136,76,1016,1771,9,0.248762161099488,0.381217879964231,17,0.851176470588235,229.9,13.5235294117647,17,TRUE,1,-2.3927249464459472,61.20751703093519,0.5382602054028329,0,TRUE,22.163851430919827,0.248762161099488
00-0034837,Calvin Ridley,WR,2025,7,47.3,6.75714285714286,30.6995208761123,26,7,120,64,1017,1883,8,0.269710381640582,0.466698047700294,17,0.812941176470588,199.2,11.7176470588235,17,FALSE,0,-6.68407505908549,60.3529411764706,0.532786885245902,1,FALSE,5.8228665329595835,0
00-0034838,Royce Freeman,RB,2019,16,142.2,8.8875,23.5181382614647,71,1,20,14,72,15,130,0.130439122403287,0.0105757778557605,14,0.325714285714286,101.3,7.23571428571429,14,FALSE,1,-0.6847276610291635,62.57480327657379,0.5714298756030322,0,TRUE,99.37614309886182,0
00-0034838,Royce Freeman,RB,2020,11,37.1,3.37272727272727,24.520191649555102,71,2,50,43,256,9,132,0.131439496699324,8.4950112143776e-4,16,0.503125,142.2,8.8875,16,FALSE,1,-0.5896550513259056,63.38685406454249,0.5430471721587525,0,TRUE,91.39560576824717,0
00-0034838,Royce Freeman,RB,2021,12,34.6,2.88333333333333,25.5195071868583,71,3,13,12,81,22,35,0.0487086361550866,0.00873431174201238,15,0.19,37.1,3.37272727272727,11,TRUE,0,1.97446778834423,61.25,0.5,1,FALSE,93.3197777467908,0.0487086361550866
00-0034838,Royce Freeman,RB,2022,4,19,4.75,26.5188227241615,71,4,6,3,15,-8,21,0.0491466522813272,-0.0120613302343892,7,0.21,34.6,2.88333333333333,12,TRUE,1,-2.8481260497613583,62.11011351909185,0.5416291982158619,0,TRUE,70.13043117440901,0.0491466522813272
00-0034838,Royce Freeman,RB,2023,11,46.2,4.2,27.5181382614647,71,5,8,6,33,-6,41,0.0866342100461883,-0.00239792301981185,4,0.3975,19,4.75,4,TRUE,0,-3.35668263581916,58.0588235294118,0.595419847328244,1,FALSE,50.58687746508861,0.0866342100461883
00-0034844,Saquon Barkley,RB,2019,13,244.1,18.7769230769231,22.5571526351814,2,1,121,91,721,18,261,0.230151838989491,-0.0111002049843779,16,0.83,385.8,24.1125,16,FALSE,0,-0.11700487545225,61.125,0.565217391304348,1,FALSE,96.89962194628248,0
00-0034844,Saquon Barkley,RB,2020,2,15.4,7.7,23.5592060232717,2,2,73,52,438,61,217,0.162324804468907,0.0183271149678555,13,0.834615384615385,244.1,18.7769230769231,13,FALSE,1,-0.5896550513259056,63.38685406454249,0.5430471721587525,0,TRUE,99.37614309886182,0
00-0034844,Saquon Barkley,RB,2021,13,148.6,11.4307692307692,24.5585215605749,2,3,9,6,60,34,19,0.230769230769231,0.146551724137931,2,0.495,15.4,7.7,2,FALSE,0,-1.58459729902941,59.125,0.608,1,FALSE,91.39560576824717,0
00-0034844,Saquon Barkley,RB,2022,16,284,17.75,25.5578370978782,2,4,57,41,263,30,162,0.168702004230899,9.2472104963394e-4,13,0.616923076923077,148.6,11.4307692307692,13,FALSE,1,-2.8481260497613583,62.11011351909185,0.5416291982158619,0,TRUE,93.3197777467908,0
00-0034844,Saquon Barkley,RB,2023,14,223.2,15.9428571428571,26.5571526351814,2,5,85,64,415,-27,313,0.192363811207254,-0.00973012423541512,18,0.795,284,17.75,16,FALSE,0,-3.35433829889119,62.4736842105263,0.436619718309859,1,FALSE,70.13043117440901,0
00-0034844,Saquon Barkley,RB,2024,16,355.3,22.20625,27.5592060232717,2,6,60,41,280,134,247,0.182792923960289,-0.0299167819856967,14,0.788571428571429,223.2,15.9428571428571,14,TRUE,1,-2.8661339040731684,66.57601057433756,0.5607137647104727,4,FALSE,50.58687746508861,0.182792923960289
00-0034844,Saquon Barkley,RB,2025,16,232.3,14.51875,28.5585215605749,2,7,58,46,353,84,436,0.163973579469612,0.0152108758579937,20,0.751,355.3,22.20625,16,FALSE,1,-2.3156060854344385,60.48222947073567,0.5428931050762806,0,TRUE,25.648912801362936,0
00-0034845,Sony Michel,RB,2019,16,152.6,9.5375,24.5366187542779,31,1,14,8,59,5,280,0.062196583178726,0.00480177594255666,15,0.358666666666667,139.1,10.7,13,FALSE,0,1.26776800670369,67.6842105263158,0.49321266968325805,1,FALSE,91.39560576824717,0
00-0034845,Sony Michel,RB,2020,8,75.3,9.4125,25.5386721423682,31,2,22,14,103,-14,261,0.0648562236905969,-0.00504091517727098,17,0.367058823529412,152.6,9.5375,16,FALSE,0,-0.3245495508298596,67.3079364552042,0.5267896779140432,2,FALSE,93.3197777467908,0
00-0034845,Sony Michel,RB,2021,17,146.3,8.60588235294118,26.5379876796715,31,3,9,7,114,-2,79,0.0663566961443605,-0.00768968675469251,9,0.324444444444444,75.3,9.4125,8,TRUE,0,-0.639111168038151,61.890182746738866,0.513483002919607,4,FALSE,70.13043117440901,0.0663566961443605
00-0034845,Sony Michel,RB,2022,10,24.9,2.49,27.5373032169747,31,4,37,24,120,-27,234,0.0901730744559738,-0.00740139098209727,21,0.456666666666667,146.3,8.60588235294118,17,TRUE,0,2.94323904591114,65.4117647058823,0.595348837209302,1,FALSE,50.58687746508861,0.0901730744559738
00-0034854,KhaDarel Hodge,WR,2019,12,11.6,0.966666666666667,24.6598220396988,NA,1,3,2,17,24,0,0.0241989911906792,0.0258320924865512,13,0.0976923076923077,3.7,0.616666666666667,6,TRUE,1,6.20990521322913,65.25,0.674846625766871,1,FALSE,99.63768087860034,0.0241989911906792
00-0034854,KhaDarel Hodge,WR,2020,7,29,4.14285714285714,25.6618754277892,NA,2,10,4,76,161,0,0.05495670995671,0.0872119621861863,10,0.199,11.6,0.966666666666667,12,FALSE,1,-0.5896550513259056,63.38685406454249,0.5430471721587525,0,TRUE,91.5505700173843,0
00-0034854,KhaDarel Hodge,WR,2021,12,30.7,2.55833333333333,26.6611909650924,NA,3,17,11,180,278,0,0.142457267534667,0.216087318627944,10,0.478,29,4.14285714285714,7,TRUE,1,-1.3326053848525747,62.44109108555703,0.5569567092023618,0,TRUE,75.0135249983918,0.142457267534667
00-0034854,KhaDarel Hodge,WR,2022,13,41.2,3.16923076923077,27.6605065023956,NA,4,27,13,157,304,0,0.156281668374906,0.235464653142321,14,0.272857142857143,30.7,2.55833333333333,12,TRUE,0,-0.356785931309,58.5294117647059,0.605095541401274,1,FALSE,54.07189796423326,0.156281668374906
00-0034854,KhaDarel Hodge,WR,2023,14,37.2,2.65714285714286,28.6598220396988,NA,5,20,13,202,268,0,0.115626926120273,0.12775848916753,17,0.185294117647059,41.2,3.16923076923077,13,FALSE,0,-6.726744015948854,58.588294353886134,0.4820650886087547,2,FALSE,37.932505764701475,0
00-0034854,KhaDarel Hodge,WR,2024,10,26.1,2.61,29.6618754277892,NA,6,23,14,232,330,1,0.0854164649666926,0.141640734948257,17,0.324117647058824,37.2,2.65714285714286,14,FALSE,1,-2.3927249464459472,61.20751703093519,0.5382602054028329,0,TRUE,22.163851430919827,0
00-0034854,KhaDarel Hodge,WR,2025,8,6.1,0.7625,31.6605065023956,NA,7,12,7,131,126,0,0.0786602283728721,0.0789153310313563,15,0.226666666666667,26.1,2.61,10,FALSE,0,-6.60259853246614,62.8823529411765,0.435064935064935,1,FALSE,0,0
00-0034855,Baker Mayfield,QB,2019,16,250.18,15.63625,24.3832991101985,1,1,1,0,0,12,39,0.0476190476190476,0.0731707317073171,14,0.968571428571429,254.1,18.15,14,FALSE,1,6.20990521322913,65.25,0.674846625766871,1,FALSE,100.67668139230038,0
00-0034855,Baker Mayfield,QB,2020,16,256.62,16.03875,25.3853524982888,1,2,0,0,0,0,28,0,0,16,0.99125,250.18,15.63625,16,FALSE,1,-0.5896550513259056,63.38685406454249,0.5430471721587525,0,TRUE,97.53698303935931,0
00-0034855,Baker Mayfield,QB,2021,14,193.9,13.85,26.3846680355921,1,3,2,2,-2,-4,62,0.0303308823529412,-0.0121437173825773,18,0.983888888888889,256.62,16.03875,16,FALSE,0,-1.61018073558807,62.5,0.46808510638297895,1,FALSE,94.39609488384028,0
00-0034855,Baker Mayfield,QB,2022,12,129.42,10.785,27.3839835728953,1,4,0,0,11,0,37,0,0,14,0.956428571428571,193.9,13.85,14,TRUE,1,-2.8481260497613583,62.11011351909185,0.5416291982158619,0,TRUE,100.1093045339178,0
00-0034855,Baker Mayfield,QB,2023,17,284.06,16.7094117647059,28.3832991101985,1,5,0,0,0,0,16,0,0,7,0.928571428571429,129.42,10.785,12,TRUE,1,-1.1508133315416142,62.217587857511425,0.5305483396322973,0,TRUE,89.57744281082132,0
00-0034855,Baker Mayfield,QB,2024,17,381.8,22.4588235294118,29.3853524982888,1,6,0,0,0,0,66,0,0,19,0.997368421052632,284.06,16.7094117647059,17,FALSE,1,-1.5340879553944275,60.88578223955308,0.5544179392950374,2,FALSE,82.32277997365468,0
00-0034855,Baker Mayfield,QB,2025,17,282.92,16.6423529411765,30.3846680355921,1,7,0,0,0,0,67,0,0,18,0.986111111111111,381.8,22.4588235294118,17,FALSE,1,-2.3156060854344385,60.48222947073567,0.5428931050762806,0,TRUE,76.91939486134842,0
00-0034857,Josh Allen,QB,2019,16,297.56,18.5975,23.2799452429843,7,1,1,0,0,13,89,0.0285714285714286,0.0419354838709677,12,0.925833333333333,218.86,18.2383333333333,12,FALSE,0,-5.4886656210703,62.375,0.495652173913044,1,FALSE,98.00322351301972,0
00-0034857,Josh Allen,QB,2020,16,406.06,25.37875,24.2819986310746,7,2,1,1,16,12,118,0.0232558139534884,0.0283018867924528,17,0.931176470588235,297.56,18.5975,16,FALSE,0,-2.5026045642574752,62.974983015342815,0.5184767480822224,2,FALSE,100.67668139230038,0
00-0034857,Josh Allen,QB,2021,17,417.58,24.5635294117647,25.2813141683778,7,3,1,1,12,-5,127,0.0222222222222222,-0.0145772594752187,19,0.958421052631579,406.06,25.37875,16,FALSE,0,1.6002689201484088,62.7547023148179,0.5516260061675191,3,FALSE,97.53698303935931,0
00-0034857,Josh Allen,QB,2022,16,409.52,25.595,26.280629705681,7,4,0,0,0,0,139,0,0,19,0.968947368421053,417.58,24.5635294117647,17,FALSE,1,-2.8481260497613583,62.11011351909185,0.5416291982158619,0,TRUE,94.39609488384028,0
00-0034857,Josh Allen,QB,2023,17,410.64,24.1552941176471,27.2799452429843,7,5,0,0,0,0,136,0,0,18,0.978888888888889,409.52,25.595,16,FALSE,0,5.29349471715236,63.77777777777781,0.586734693877551,1,FALSE,100.1093045339178,0
00-0034857,Josh Allen,QB,2024,16,385.04,24.065,28.2819986310746,7,6,0,0,0,0,131,0,0,19,0.970526315789474,410.64,24.1552941176471,17,FALSE,1,-0.8649786736527051,62.918497519489705,0.4885280251440543,2,FALSE,89.57744281082132,0
00-0034857,Josh Allen,QB,2025,16,374.62,23.41375,29.2813141683778,7,7,0,0,7,0,131,0,0,20,0.9035,385.04,24.065,16,FALSE,0,-1.7945790111540487,61.81365180352616,0.4638303406066273,3,FALSE,82.32277997365468,0
00-0034860,Dante Pettis,WR,2019,9,34.54,3.83777777777778,23.8576317590691,44,1,45,27,467,501,1,0.173848109661297,0.248526693289665,11,0.615454545454545,103.5,8.625,12,FALSE,0,-1.01406999208309,61.6875,0.559748427672956,1,FALSE,98.73749318926043,0
00-0034860,Dante Pettis,WR,2020,6,15.6,2.6,24.8596851471595,44,2,24,11,109,189,0,0.13195295560887,0.154602886070446,11,0.397272727272727,34.54,3.83777777777778,9,FALSE,0,-3.102495686243507,61.28793246227456,0.5274926331530104,2,FALSE,99.63768087860034,0
00-0034860,Dante Pettis,WR,2021,3,25.34,8.44666666666667,25.8590006844627,44,3,1,0,0,34,0,0.03125,0.154545454545455,4,0.2575,15.6,2.6,6,TRUE,0,-1.58459729902941,59.125,0.608,1,FALSE,91.5505700173843,0.03125
00-0034860,Dante Pettis,WR,2022,17,65.2,3.83529411764706,26.8583162217659,44,4,16,10,87,103,0,0.204900568181818,0.194761378002528,3,0.373333333333333,25.34,8.44666666666667,3,TRUE,1,-2.8481260497613583,62.11011351909185,0.5416291982158619,0,TRUE,75.0135249983918,0.204900568181818
00-0034860,Dante Pettis,WR,2025,8,19.7,2.4625,29.8590006844627,44,7,28,12,120,282,0,0.154848099075345,0.183901658646586,8,0.3075,32,4,8,FALSE,1,-2.3156060854344385,60.48222947073567,0.5428931050762806,0,TRUE,22.163851430919827,0
00-0034867,Malik Turner,WR,2019,11,45.5,4.13636363636364,23.5865845311431,NA,1,3,2,20,11,0,0.0672268907563025,0.0226399708148244,6,0.108333333333333,4,1.33333333333333,3,FALSE,0,-13.3775139572444,61.1764705882353,0.477987421383648,1,FALSE,98.73749318926043,0
00-0034867,Malik Turner,WR,2020,1,0,0,24.5886379192334,NA,2,25,15,245,308,0,0.0847994662784807,0.0924033211935895,16,0.250625,45.5,4.13636363636364,11,TRUE,0,-2.36529952786075,66.125,0.493055555555556,1,FALSE,99.63768087860034,0.0847994662784807
00-0034867,Malik Turner,WR,2021,7,44.9,6.41428571428571,25.5879534565366,NA,3,0,0,0,0,0,0,0,1,0.02,0,0,1,FALSE,0,-2.0653857588530733,67.62566458622284,0.5389140927812085,2,FALSE,91.5505700173843,0
00-0034867,Malik Turner,WR,2022,2,0,0,26.5872689938398,NA,4,17,13,155,152,0,0.0998651935985406,0.0737124345440634,13,0.141538461538462,44.9,6.41428571428571,7,TRUE,1,-2.8481260497613583,62.11011351909185,0.5416291982158619,0,TRUE,75.0135249983918,0.0998651935985406
00-0034869,Sam Darnold,QB,2019,13,202.16,15.5507692307692,22.2395619438741,3,1,0,0,0,0,43,0,0,13,0.995384615384615,183.1,14.0846153846154,13,FALSE,1,-2.25445855388325,54.0625,0.6052631578947371,1,FALSE,88.64851764738772,0
00-0034869,Sam Darnold,QB,2020,12,145.02,12.085,23.2416153319644,3,2,0,0,0,0,33,0,0,13,0.995384615384615,202.16,15.5507692307692,13,FALSE,0,-2.031525260991639,56.537444629014395,0.6426844120961318,2,FALSE,98.00322351301972,0
00-0034869,Sam Darnold,QB,2021,12,170.28,14.19,24.2409308692676,3,3,0,0,0,0,37,0,0,12,0.995833333333333,145.02,12.085,12,TRUE,0,1.97446778834423,61.25,0.5,1,FALSE,100.67668139230038,0
00-0034869,Sam Darnold,QB,2022,6,89.32,14.8866666666667,25.2402464065708,3,4,0,0,0,0,48,0,0,12,0.93,170.28,14.19,12,FALSE,1,-2.8481260497613583,62.11011351909185,0.5416291982158619,0,TRUE,97.53698303935931,0
00-0034869,Sam Darnold,QB,2023,10,24.38,2.438,26.2395619438741,3,5,0,0,0,0,26,0,0,6,1,89.32,14.8866666666667,6,TRUE,1,-2.29091030889994,62.8823529411765,0.502958579881657,1,FALSE,94.39609488384028,0
00-0034869,Sam Darnold,QB,2024,17,319.96,18.8211764705882,27.2416153319644,3,6,0,0,0,0,21,0,0,10,0.205,24.38,2.438,10,TRUE,0,2.0976935157109353,63.67803123643234,0.6684650520890582,2,FALSE,100.1093045339178,0
00-0034869,Sam Darnold,QB,2025,17,249.42,14.6717647058824,28.2409308692676,3,7,0,0,0,0,71,0,0,18,0.994444444444444,319.96,18.8211764705882,17,TRUE,1,-2.673629810734993,60.52350065055126,0.4813981445744344,4,FALSE,89.57744281082132,0
00-0034899,John Wolford,QB,2021,2,-0.9,-0.45,25.8781656399726,NA,3,0,0,0,0,7,0,0,2,0.605,13.84,13.84,1,FALSE,0,-0.639111168038151,61.890182746738866,0.513483002919607,4,FALSE,94.39609488384028,0
00-0034899,John Wolford,QB,2022,2,17.8,8.9,26.8774811772758,NA,4,0,0,0,0,2,0,0,3,0.116666666666667,-0.9,-0.45,2,FALSE,1,-2.8481260497613583,62.11011351909185,0.5416291982158619,0,TRUE,100.1093045339178,0
00-0034928,Steven Sims,WR,2020,12,57.3,4.775,23.4223134839151,NA,1,56,34,310,383,9,0.240232530349525,0.237911725847335,16,0.318125,103.5,6.46875,16,FALSE,1,-0.5896550513259056,63.38685406454249,0.5430471721587525,0,TRUE,86.5765769116426,0
00-0034928,Steven Sims,WR,2023,3,5.6,1.86666666666667,26.4202600958248,NA,4,23,14,104,129,13,0.0991592010618363,0.0664292210246665,12,0.340833333333333,31.4,2.61666666666667,12,TRUE,1,-4.57572469712941,60.05,0.437810945273632,1,FALSE,91.5505700173843,0.0991592010618363
00-0034928,Steven Sims,WR,2024,9,-2,-0.222222222222222,27.4223134839151,NA,5,3,3,25,-2,1,0.0448916408668731,-0.00241545893719807,4,0.055,5.6,1.86666666666667,3,FALSE,0,-3.705483912483935,60.5426101785595,0.4803488471835923,2,FALSE,75.0135249983918,0
00-0034928,Steven Sims,WR,2025,3,0,0,28.4216290212183,NA,6,0,0,0,0,1,0,0,4,0.035,-2,-0.222222222222222,9,TRUE,0,-4.450844670721244,61.33889123994921,0.5266301244718511,2,FALSE,54.07189796423326,0
00-0034930,Trinity Benson,WR,2022,1,0,0,25.6235455167693,NA,3,22,10,103,175,0,0.096155555429749,0.119682389273785,8,0.51125,20.3,2.9,7,FALSE,1,-2.8481260497613583,62.11011351909185,0.5416291982158619,0,TRUE,91.5505700173843,0
00-0034955,Brett Rypien,QB,2021,1,0,0,25.1471594798084,NA,2,0,0,0,0,5,0,0,3,0.403333333333333,15.3,7.65,2,FALSE,0,-5.25500442379632,63.5,0.616666666666667,1,FALSE,97.53698303935931,0
00-0034955,Brett Rypien,QB,2022,4,22.02,5.505,26.1464750171116,NA,3,0,0,0,0,0,0,0,1,0.05,0,0,1,FALSE,1,-2.8481260497613583,62.11011351909185,0.5416291982158619,0,TRUE,94.39609488384028,0
00-0034955,Brett Rypien,QB,2023,2,5.78,2.89,27.1457905544148,NA,4,0,0,0,0,6,0,0,4,0.5975,22.02,5.505,4,TRUE,0,-3.35668263581916,58.0588235294118,0.595419847328244,1,FALSE,100.1093045339178,0
00-0034960,Jakobi Meyers,WR,2020,12,142.52,11.8766666666667,23.8110882956879,NA,1,41,26,359,422,0,0.133591895109558,0.159344799761726,15,0.367333333333333,61.9,5.62727272727273,11,FALSE,0,-0.3245495508298596,67.3079364552042,0.5267896779140432,2,FALSE,98.73749318926043,0
00-0034960,Jakobi Meyers,WR,2021,16,186.3,11.64375,24.8104038329911,NA,2,81,59,729,826,2,0.338809494990715,0.459313581989593,14,0.770714285714286,142.52,11.8766666666667,12,FALSE,0,-4.238815247798903,65.31543463133406,0.4723516745873113,3,FALSE,99.63768087860034,0
00-0034960,Jakobi Meyers,WR,2022,14,180.3,12.8785714285714,25.8097193702943,NA,3,135,89,906,1268,1,0.248453765756683,0.289213694275703,18,0.839444444444444,186.3,11.64375,16,FALSE,1,-2.8481260497613583,62.11011351909185,0.5416291982158619,0,TRUE,91.5505700173843,0
00-0034960,Jakobi Meyers,WR,2023,16,218.58,13.66125,26.8090349075975,NA,4,96,67,804,950,2,0.265561442647886,0.313132964271,14,0.791428571428571,180.3,12.8785714285714,14,TRUE,0,-4.47041026144887,61.4117647058824,0.621212121212121,1,FALSE,75.0135249983918,0.265561442647886
00-0034960,Jakobi Meyers,WR,2024,15,218,14.5333333333333,27.8110882956879,NA,5,106,71,807,1028,4,0.244249403483303,0.311198873999188,16,0.898125,218.58,13.66125,16,FALSE,1,-8.09083680152126,60.89232303090727,0.4923131914657334,2,FALSE,54.07189796423326,0
00-0034960,Jakobi Meyers,WR,2025,16,175.8,10.9875,28.8104038329911,NA,6,129,87,1027,1281,2,0.276040212883975,0.35214705186309,15,0.916666666666667,218,14.5333333333333,15,TRUE,1,-2.3156060854344385,60.48222947073567,0.5428931050762806,0,TRUE,37.932505764701475,0.276040212883975
00-0034970,Irv Smith,TE,2020,13,98.5,7.57692307692308,22.0643394934976,50,1,50,39,350,293,0,0.132279218573991,0.106247554232793,18,0.596111111111111,79.1,5.65,14,FALSE,1,-0.5896550513259056,63.38685406454249,0.5430471721587525,0,TRUE,48.05879012739746,0
00-0034970,Irv Smith,TE,2023,10,33.5,3.35,25.0622861054073,50,4,38,26,185,167,0,0.134046517307341,0.0973572743847944,9,0.475555555555556,55.2,6.9,8,TRUE,0,4.526730966061893,63.31439633983992,0.591176217626744,4,FALSE,99.6312956406138,0.134046517307341
00-0034972,Alexander Mattison,RB,2020,13,86.9,6.68461538461538,22.2039698836413,102,1,14,11,92,23,106,0.0868522088409265,0.0038198362707596,15,0.215333333333333,68.4,5.26153846153846,13,FALSE,1,-0.5896550513259056,63.38685406454249,0.5430471721587525,0,TRUE,89.07074872817178,0
00-0034972,Alexander Mattison,RB,2021,16,125.9,7.86875,23.2032854209446,102,2,15,13,125,41,96,0.0956810867749083,0.0228396291126033,13,0.263076923076923,86.9,6.68461538461538,13,FALSE,1,-1.3326053848525747,62.44109108555703,0.5569567092023618,0,TRUE,96.89962194628248,0
00-0034972,Alexander Mattison,RB,2022,17,88.4,5.2,24.2026009582478,102,3,39,32,228,3,134,0.134506403170004,0.00441688478061897,16,0.354375,125.9,7.86875,16,FALSE,1,-2.8481260497613583,62.11011351909185,0.5416291982158619,0,TRUE,99.37614309886182,0
00-0034972,Alexander Mattison,RB,2023,16,133.2,8.325,25.201916495551,102,4,19,16,93,-38,74,0.0689179109573846,-0.0170058682331537,18,0.247222222222222,88.4,5.2,17,FALSE,0,2.68718916520798,64.7777777777778,0.651515151515151,1,FALSE,91.39560576824717,0
00-0034972,Alexander Mattison,RB,2024,14,137.4,9.81428571428571,26.2039698836413,102,5,44,30,192,24,180,0.114501712200167,0.0112678718740737,16,0.548125,133.2,8.325,16,TRUE,1,-8.09083680152126,60.89232303090727,0.4923131914657334,2,FALSE,93.3197777467908,0.114501712200167
00-0034975,Justice Hill,RB,2020,11,13,1.18181818181818,22.798083504449,113,1,20,12,96,48,58,0.0865173452763357,0.0125724921693424,17,0.187647058823529,49.5,3.09375,16,FALSE,0,-9.28535716243663,66.3529411764706,0.451086956521739,1,FALSE,96.89962194628248,0
00-0034975,Justice Hill,RB,2023,16,109.3,6.83125,25.7960301163587,113,4,14,14,68,-24,49,0.0685482330340705,-0.0314495767612852,16,0.264375,42,2.8,15,FALSE,1,3.4864180115215095,62.878328770532605,0.6282900360853253,2,FALSE,93.3197777467908,0
00-0034975,Justice Hill,RB,2024,15,127.1,8.47333333333333,26.798083504449,113,5,48,34,251,18,100,0.183034156541638,0.0155303218886852,18,0.431666666666667,109.3,6.83125,16,FALSE,0,2.996667788796563,62.6891488564084,0.5677081034738317,3,FALSE,70.13043117440901,0
00-0034975,Justice Hill,RB,2025,10,65.2,6.52,27.7973990417522,113,6,57,48,403,-44,59,0.176772455070915,-0.00434049380940772,17,0.415294117647059,127.1,8.47333333333333,15,FALSE,0,0.4558089730608386,62.2806738134938,0.5473334568380964,4,FALSE,50.58687746508861,0
00-0034981,Foster Moreau,TE,2020,8,33,4.125,23.3237508555784,137,1,25,21,174,110,0,0.0884728580857613,0.0735423492683099,NA,NA,68.4,6.21818181818182,11,FALSE,0,-0.6006980829077988,61.12525562372189,0.537748270162759,2,FALSE,74.1857788205039,0
00-0034981,Foster Moreau,TE,2021,15,85.3,5.68666666666667,24.3230663928816,137,2,9,7,140,109,0,0.0415461972119519,0.0671953225092882,16,0.233125,33,4.125,8,FALSE,0,-0.5850600027418753,62.090991104397446,0.5329616513244375,3,FALSE,99.31220378490926,0
00-0034981,Foster Moreau,TE,2022,14,85.2,6.08571428571429,25.3223819301848,137,3,47,30,373,346,0,0.139857583030267,0.122037740606078,18,0.63,85.3,5.68666666666667,15,FALSE,1,-2.8481260497613583,62.11011351909185,0.5416291982158619,0,TRUE,99.6312956406138,0
00-0034981,Foster Moreau,TE,2023,13,46.3,3.56153846153846,26.321697467488,137,4,54,33,420,451,0,0.142230369602246,0.12495671047883,15,0.776,85.2,6.08571428571429,14,TRUE,0,-2.7801235815858245,61.55797462571899,0.5385562169808286,5,FALSE,96.309286703009,0.142230369602246
00-0034981,Foster Moreau,TE,2024,16,103.3,6.45625,27.3237508555784,137,5,25,21,193,122,0,0.0888251224838739,0.047681706298579,15,0.536,46.3,3.56153846153846,13,FALSE,1,-1.746163993703397,61.15189530920728,0.48150446254666934,2,FALSE,82.4617658561213,0
00-0034981,Foster Moreau,TE,2025,7,12.9,1.84285714285714,28.3230663928816,137,6,43,32,413,397,0,0.109832753382815,0.122677656772682,17,0.691176470588235,103.3,6.45625,16,FALSE,1,-2.3156060854344385,60.48222947073567,0.5428931050762806,0,TRUE,79.89857189040993,0
00-0034983,Hunter Renfrow,WR,2020,16,131.6,8.225,24.6981519507187,149,1,71,49,605,499,0,0.197173257398367,0.20665081773588,NA,NA,133.5,10.2692307692308,13,FALSE,0,-0.6006980829077988,61.12525562372189,0.537748270162759,2,FALSE,99.63768087860034,0
00-0034983,Hunter Renfrow,WR,2021,17,259.1,15.2411764705882,25.6974674880219,149,2,77,56,656,547,0,0.174310352053176,0.154761162492858,16,0.511875,131.6,8.225,16,FALSE,0,-0.5850600027418753,62.090991104397446,0.5329616513244375,3,FALSE,91.5505700173843,0
00-0034983,Hunter Renfrow,WR,2022,10,79,7.9,26.6967830253251,149,3,139,111,1096,899,3,0.227023868527414,0.17705505718993,18,0.677777777777778,259.1,15.2411764705882,17,FALSE,1,-2.8481260497613583,62.11011351909185,0.5416291982158619,0,TRUE,75.0135249983918,0
00-0034983,Hunter Renfrow,WR,2023,14,48.5,3.46428571428571,27.6960985626283,149,4,50,36,330,339,0,0.178683775647011,0.120281113866808,10,0.611,79,7.9,10,FALSE,0,-4.47041026144887,61.4117647058824,0.621212121212121,1,FALSE,54.07189796423326,0
00-0034988,Kaden Smith,TE,2020,15,29.2,1.94666666666667,23.356605065024,176,1,42,31,268,241,0,0.196448205140445,0.125437723438991,9,0.74,75.8,10.8285714285714,7,FALSE,1,-0.5896550513259056,63.38685406454249,0.5430471721587525,0,TRUE,74.1857788205039,0
00-0034988,Kaden Smith,TE,2021,4,6.3,1.575,24.3559206023272,176,2,21,18,112,41,0,0.0701404408532489,0.0141705853157248,15,0.485333333333333,29.2,1.94666666666667,15,FALSE,0,-1.58459729902941,59.125,0.608,1,FALSE,99.31220378490926,0
00-0034995,Dexter Williams,RB,2020,1,0.8,0.8,23.6522929500342,194,1,0,0,0,0,5,0,0,2,0.075,1.1,0.55,2,FALSE,0,-0.2545699109913614,62.031798245614056,0.6079622132253715,2,FALSE,99.37614309886182,0
00-0035006,Bisi Johnson,WR,2020,9,34.9,3.87777777777778,23.460643394935,247,1,48,33,311,444,1,0.161539846031295,0.191078900994482,NA,NA,79,6.07692307692308,13,FALSE,1,-0.5896550513259056,63.38685406454249,0.5430471721587525,0,TRUE,86.5765769116426,0
00-0035021,Ashton Dulin,WR,2020,10,9.4,0.94,23.2991101984942,NA,1,2,2,17,-6,0,0.0286650286650287,-0.0090315629357333,11,0.134545454545455,3.7,0.4625,8,FALSE,0,-1.4780427979098418,63.517716535433074,0.599127942885572,2,FALSE,86.5765769116426,0
00-0035021,Ashton Dulin,WR,2021,16,45.5,2.84375,24.2984257357974,NA,2,6,3,53,31,2,0.0347643328893329,0.0210240498940024,12,0.143333333333333,9.4,0.94,10,FALSE,1,-1.3326053848525747,62.44109108555703,0.5569567092023618,0,TRUE,98.73749318926043,0
00-0035021,Ashton Dulin,WR,2022,10,42.5,4.25,25.2977412731006,NA,3,22,13,173,304,3,0.0767692959591082,0.121196234850779,17,0.298235294117647,45.5,2.84375,16,FALSE,1,-2.8481260497613583,62.11011351909185,0.5416291982158619,0,TRUE,99.63768087860034,0
00-0035021,Ashton Dulin,WR,2025,12,20,1.66666666666667,28.2984257357974,NA,6,8,2,67,154,5,0.0566431648116708,0.0855734212958409,15,0.198666666666667,19.2,1.47692307692308,13,FALSE,0,-5.206003754852174,62.90759972111114,0.4735640946273987,3,FALSE,54.07189796423326,0
00-0035022,Penny Hart,WR,2021,11,12.9,1.17272727272727,25.1581108829569,NA,2,1,1,3,-1,1,0.03125,-0.00440528634361234,10,0.091,3.2,0.64,5,FALSE,1,-1.3326053848525747,62.44109108555703,0.5569567092023618,0,TRUE,99.63768087860034,0
00-0035022,Penny Hart,WR,2022,4,5,1.25,26.1574264202601,NA,3,12,7,59,108,0,0.049705461889248,0.0524809751049977,16,0.1475,12.9,1.17272727272727,11,FALSE,0,-4.28740337043254,55.5882352941176,0.544715447154472,1,FALSE,91.5505700173843,0
00-0035039,Stephen Carlson,TE,2020,7,4.1,0.585714285714286,23.7207392197125,NA,1,7,5,51,51,0,0.0409361471861472,0.0347045945040987,9,0.354444444444444,16.1,2.68333333333333,6,FALSE,1,-0.5896550513259056,63.38685406454249,0.5430471721587525,0,TRUE,99.31220378490926,0
00-0035040,David Blough,QB,2020,1,2.76,2.76,25.0896646132786,NA,1,1,1,19,14,8,0.0344827586206897,0.0503597122302158,5,1,61.36,12.272,5,FALSE,0,-3.80589589800994,63.0625,0.604838709677419,1,FALSE,97.53698303935931,0
00-0035040,David Blough,QB,2021,1,0.6,0.6,26.0889801505818,NA,2,0,0,0,0,1,0,0,1,0.28,2.76,2.76,1,FALSE,1,-1.3326053848525747,62.44109108555703,0.5569567092023618,0,TRUE,94.39609488384028,0
00-0035040,David Blough,QB,2022,2,20.58,10.29,27.088295687885,NA,3,0,0,0,0,1,0,0,1,0.06,0.6,0.6,1,TRUE,0,2.1048884742145724,64.66575143138203,0.5689299557692652,6,FALSE,100.1093045339178,0
00-0035100,Jake Browning,QB,2024,2,-0.2,-0.1,28.3915126625599,NA,5,1,1,-7,-7,27,0.027027027027027,-0.0463576158940397,9,0.817777777777778,151.44,16.8266666666667,9,FALSE,1,-2.3927249464459472,61.20751703093519,0.5382602054028329,0,TRUE,89.57744281082132,0
00-0035100,Jake Browning,QB,2025,5,56.74,11.348,29.3908281998631,NA,6,0,0,0,0,2,0,0,3,0.0266666666666667,-0.2,-0.1,2,FALSE,0,10.0828731123803,62.705882352941195,0.66504854368932,1,FALSE,82.32277997365468,0
00-0035140,Mecole Hardman,WR,2020,16,122.1,7.63125,22.4750171115674,56,1,47,30,567,484,5,0.112242158312778,0.121314616172288,19,0.418947368421053,113.5,7.09375,16,FALSE,0,9.086456124702195,60.951722617704675,0.606813047579598,2,FALSE,71.91123187885705,0
00-0035140,Mecole Hardman,WR,2021,17,140.9,8.28823529411765,23.4743326488706,56,2,75,49,626,703,6,0.126698084162697,0.143725513943009,18,0.467777777777778,122.1,7.63125,16,FALSE,0,9.2487708965395,62.24912817981407,0.6206834181363526,3,FALSE,86.5765769116426,0
00-0035140,Mecole Hardman,WR,2022,8,93.8,11.725,24.4736481861739,56,3,92,67,814,658,14,0.161589689562441,0.156839779516958,20,0.5105,140.9,8.28823529411765,17,FALSE,0,9.764874939182034,63.265673354913034,0.6318005958082872,4,FALSE,98.73749318926043,0
00-0035140,Mecole Hardman,WR,2023,7,25.7,3.67142857142857,25.4729637234771,56,4,37,27,307,290,6,0.121684133758924,0.144492403904536,9,0.497777777777778,93.8,11.725,8,FALSE,1,-1.1508133315416142,62.217587857511425,0.5305483396322973,0,TRUE,99.63768087860034,0
00-0035140,Mecole Hardman,WR,2024,12,33.2,2.76666666666667,26.4750171115674,56,5,28,19,180,214,3,0.194861614980783,0.241624864046612,10,0.3,25.7,3.67142857142857,7,FALSE,0,5.007275832550871,62.904761904761905,0.626126126126126,1,FALSE,91.5505700173843,0
00-0035140,Mecole Hardman,WR,2025,2,-2,-1,27.4743326488706,56,6,14,12,90,-14,5,0.0849119970568873,-0.0243750744577174,11,0.15,33.2,2.76666666666667,12,TRUE,0,-1.7945790111540487,61.81365180352616,0.4638303406066273,3,FALSE,75.0135249983918,0.0849119970568873
00-0035146,Trace McSorley,QB,2020,2,9.3,4.65,25.0266940451745,197,1,0,0,0,0,1,0,0,1,0.01,0.1,0.1,1,FALSE,0,-9.28535716243663,66.3529411764706,0.451086956521739,1,FALSE,97.53698303935931,0
00-0035148,Darwin Thompson,RB,2020,5,33.2,6.64,23.5509924709103,214,1,12,9,43,-13,39,0.0704766489929305,-0.017541036382574,14,0.134285714285714,32.1,3.21,10,FALSE,0,9.086456124702195,60.951722617704675,0.606813047579598,2,FALSE,99.37614309886182,0
00-0035164,Cody Thompson,WR,2024,1,0,0,28.6406570841889,NA,5,1,1,10,6,0,0.0384615384615385,0.046875,6,0.0583333333333333,2,1,2,TRUE,1,-1.5340879553944275,60.88578223955308,0.5544179392950374,2,FALSE,37.932505764701475,0.0384615384615385
00-0035181,Darrius Shepherd,WR,2020,8,7.6,0.95,24.8350444900753,NA,1,2,1,1,8,0,0.0526315789473684,0.021505376344086,5,0.146,-0.9,-0.15,6,FALSE,0,-0.2545699109913614,62.031798245614056,0.6079622132253715,2,FALSE,99.63768087860034,0
00-0035184,Devine Ozigbo,RB,2020,6,13.3,2.21666666666667,23.9151266255989,NA,1,5,3,23,6,9,0.128205128205128,0.0258620689655172,3,0.14,8,2.66666666666667,3,FALSE,1,-0.5896550513259056,63.38685406454249,0.5430471721587525,0,TRUE,99.37614309886182,0
00-0035184,Devine Ozigbo,RB,2021,1,1.4,1.4,24.9144421629021,NA,2,9,9,42,3,1,0.0737858555318873,0.00539242302476342,6,0.075,13.3,2.21666666666667,6,TRUE,0,-0.17176604021972183,62.57684815504885,0.5315089522252244,3,FALSE,91.39560576824717,0.0737858555318873
00-0035184,Devine Ozigbo,RB,2022,3,1.7,0.566666666666667,25.9137577002053,NA,3,1,1,7,4,1,0.03125,0.0134680134680135,2,0.09,1.4,1.4,1,TRUE,1,-2.8481260497613583,62.11011351909185,0.5416291982158619,0,TRUE,93.3197777467908,0.03125
00-0035184,Devine Ozigbo,RB,2023,1,2.3,2.3,26.9130732375086,NA,4,1,1,3,-4,3,0.03125,-0.0107816711590297,3,0.0566666666666667,1.7,0.566666666666667,3,TRUE,0,-3.7693556183232695,63.294117647058805,0.507853403141361,1,FALSE,70.13043117440901,0.03125
00-0035187,Austin Walter,RB,2021,4,19,4.75,25.0403832991102,NA,2,1,1,27,-6,1,0.0256410256410256,-0.0227272727272727,1,0.17,4,1.33333333333333,3,TRUE,1,-4.237220859663053,62.415471591191114,0.5350290456824077,3,FALSE,91.39560576824717,0.0256410256410256
00-0035208,Olamide Zaccheaus,WR,2020,10,53.4,5.34,23.1101984941821,NA,1,5,3,115,69,0,0.0467284374285061,0.081603855858015,10,0.115,20.5,3.41666666666667,6,FALSE,0,2.02935244854015,67.5625,0.645962732919255,1,FALSE,86.5765769116426,0
00-0035208,Olamide Zaccheaus,WR,2021,15,89.8,5.98666666666667,24.1095140314853,NA,2,32,20,274,440,1,0.153704583672656,0.220427354372991,11,0.401818181818182,53.4,5.34,10,FALSE,1,-1.3326053848525747,62.44109108555703,0.5569567092023618,0,TRUE,98.73749318926043,0
00-0035208,Olamide Zaccheaus,WR,2022,16,110,6.875,25.1088295687885,NA,3,53,31,406,477,1,0.137106021950818,0.16588633041959,17,0.582941176470588,89.8,5.98666666666667,15,FALSE,0,-0.356785931309,58.5294117647059,0.605095541401274,1,FALSE,99.63768087860034,0
00-0035208,Olamide Zaccheaus,WR,2023,11,38.4,3.49090909090909,26.1081451060917,NA,4,61,40,533,718,2,0.206628060835937,0.258437935350666,17,0.699411764705882,110,6.875,16,TRUE,1,-1.1508133315416142,62.217587857511425,0.5305483396322973,0,TRUE,91.5505700173843,0.206628060835937
00-0035208,Olamide Zaccheaus,WR,2024,16,112.4,7.025,27.1101984941821,NA,5,21,11,169,212,0,0.0699443948356886,0.0725394176128958,18,0.417222222222222,38.4,3.49090909090909,11,TRUE,1,-2.3927249464459472,61.20751703093519,0.5382602054028329,0,TRUE,75.0135249983918,0.0699443948356886
00-0035208,Olamide Zaccheaus,WR,2025,14,84.8,6.05714285714286,28.1095140314853,NA,6,74,52,551,442,1,0.163356717811874,0.12634039343853,20,0.4495,112.4,7.025,16,TRUE,1,-4.79011169771107,64.39098450827193,0.4878221470323203,3,FALSE,54.07189796423326,0.163356717811874
00-0035215,Deonte Harty,WR,2020,9,47.7,5.3,22.7433264887064,NA,1,7,7,74,37,4,0.0339915555705403,0.0214904268475259,12,0.0891666666666667,9.5,0.678571428571429,14,FALSE,0,1.8447942208887929,61.60275019098548,0.5593931930138827,2,FALSE,86.5765769116426,0
00-0035215,Deonte Harty,WR,2021,13,113.1,8.7,23.7426420260096,NA,2,33,28,268,121,7,0.12782347014335,0.0927666006927398,1,0.1,47.7,5.3,9,FALSE,0,-0.17176604021972183,62.57684815504885,0.5315089522252244,3,FALSE,98.73749318926043,0
00-0035215,Deonte Harty,WR,2022,4,1.3,0.325,24.7419575633128,NA,3,59,36,570,585,5,0.181974978527632,0.206438816130501,13,0.360769230769231,113.1,8.7,13,FALSE,0,-1.0017622280411616,62.17367515588611,0.5342540590250734,4,FALSE,99.63768087860034,0
00-0035215,Deonte Harty,WR,2023,16,34,2.125,25.741273100616,NA,4,2,2,13,5,0,0.028125,0.00160102772558193,4,0.0875,1.3,0.325,4,TRUE,0,5.29349471715236,63.77777777777781,0.586734693877551,1,FALSE,91.5505700173843,0.028125
00-0035215,Deonte Harty,WR,2024,5,0,0,26.7433264887064,NA,5,23,17,187,236,4,0.0649408360615257,0.0663442726327074,18,0.145555555555556,34,2.125,16,TRUE,0,2.996667788796563,62.6891488564084,0.5677081034738317,3,FALSE,75.0135249983918,0.0649408360615257
00-0035216,Diontae Johnson,WR,2020,15,221.8,14.7866666666667,24.1587953456537,66,1,92,59,680,843,4,0.232866832040858,0.278902438945227,16,0.661875,157.1,9.81875,16,FALSE,0,3.3721813220040873,61.596550407331975,0.5890179950939574,2,FALSE,98.73749318926043,0
00-0035216,Diontae Johnson,WR,2021,16,274.4,17.15,25.1581108829569,66,2,160,99,1040,1323,3,0.267065461949373,0.286742910238815,16,0.72625,221.8,14.7866666666667,15,FALSE,0,4.32871819518336,62.84387095228973,0.5983447227642579,3,FALSE,99.63768087860034,0
00-0035216,Diontae Johnson,WR,2022,17,180.7,10.6294117647059,26.1574264202601,66,3,179,112,1195,1542,5,0.296043951710873,0.360874655171246,17,0.905882352941176,274.4,17.15,16,FALSE,1,-2.8481260497613583,62.11011351909185,0.5416291982158619,0,TRUE,91.5505700173843,0
00-0035216,Diontae Johnson,WR,2023,13,152.7,11.7461538461538,27.1567419575633,66,4,147,86,882,1499,7,0.292061489331449,0.354391714575601,17,0.897647058823529,180.7,10.6294117647059,17,FALSE,0,-4.60431391612077,64.5882352941177,0.5,1,FALSE,75.0135249983918,0
00-0035216,Diontae Johnson,WR,2024,11,89.1,8.1,28.1587953456537,66,5,94,55,765,1181,0,0.248484184292655,0.412470354239376,14,0.721428571428571,152.7,11.7461538461538,13,TRUE,1,-0.93537900248378,60.73684210526321,0.633093525179856,1,FALSE,54.07189796423326,0.248484184292655
00-0035217,Benny Snell,RB,2020,15,74.9,4.99333333333333,22.5106091718001,122,1,4,3,23,-2,108,0.0467437533227007,-0.0111341764651366,11,0.250909090909091,57.9,5.26363636363636,11,FALSE,0,3.3721813220040873,61.596550407331975,0.5890179950939574,2,FALSE,96.89962194628248,0
00-0035217,Benny Snell,RB,2021,16,13.1,0.81875,23.5099247091034,122,2,16,11,65,-26,113,0.0664712213268525,-0.0138882317080555,16,0.2675,74.9,4.99333333333333,15,FALSE,0,4.32871819518336,62.84387095228973,0.5983447227642579,3,FALSE,99.37614309886182,0
00-0035217,Benny Snell,RB,2022,9,18.7,2.07777777777778,24.5092402464066,122,3,6,4,29,-2,38,0.0348218448218448,-6.0854837409241e-4,15,0.120666666666667,13.1,0.81875,16,FALSE,1,-2.8481260497613583,62.11011351909185,0.5416291982158619,0,TRUE,91.39560576824717,0
00-0035222,Zach Gentry,TE,2022,14,32.2,2.3,25.9739904175222,141,3,29,23,200,89,0,0.0898896986322024,0.0540470062539451,18,0.413888888888889,35.7,3.57,10,FALSE,1,-2.8481260497613583,62.11011351909185,0.5416291982158619,0,TRUE,96.309286703009,0
00-0035228,Kyler Murray,QB,2020,16,390.74,24.42125,23.0691307323751,1,1,0,0,0,0,93,0,0,16,0.963125,297.28,18.58,16,FALSE,0,1.6930076676102641,64.19371647976597,0.5939548506101404,2,FALSE,98.00322351301972,0
00-0035228,Kyler Murray,QB,2021,14,310.48,22.1771428571429,24.0684462696783,1,2,0,0,0,0,133,0,0,16,0.965625,390.74,24.42125,16,FALSE,0,0.8673730317946872,64.20348050458715,0.5632598072358128,4,FALSE,100.67668139230038,0
00-0035228,Kyler Murray,QB,2022,11,207.52,18.8654545454545,25.0677618069815,1,3,0,0,7,0,90,0,0,15,0.974666666666667,310.48,22.1771428571429,14,FALSE,0,2.1048884742145724,64.66575143138203,0.5689299557692652,6,FALSE,97.53698303935931,0
00-0035228,Kyler Murray,QB,2023,8,151.36,18.92,26.0670773442847,1,4,0,0,0,0,67,0,0,11,0.901818181818182,207.52,18.8654545454545,11,FALSE,1,-1.1508133315416142,62.217587857511425,0.5305483396322973,0,TRUE,94.39609488384028,0
00-0035228,Kyler Murray,QB,2024,17,308.24,18.1317647058824,27.0691307323751,1,5,0,0,0,0,44,0,0,8,0.98625,151.36,18.92,8,FALSE,0,-7.77746334075928,62.294117647058805,0.53968253968254,1,FALSE,100.1093045339178,0
00-0035228,Kyler Murray,QB,2025,5,80.78,16.156,28.0684462696783,1,6,0,0,0,0,78,0,0,17,0.971176470588235,308.24,18.1317647058824,17,FALSE,0,-4.450844670721244,61.33889123994921,0.5266301244718511,2,FALSE,89.57744281082132,0
00-0035229,T.J. Hockenson,TE,2020,16,175.3,10.95625,23.1649555099247,8,1,59,32,367,455,0,0.177340944759753,0.135193467801376,12,0.631666666666667,80.7,6.725,12,FALSE,0,-3.80589589800994,63.0625,0.604838709677419,1,FALSE,74.1857788205039,0
00-0035229,T.J. Hockenson,TE,2021,12,145.3,12.1083333333333,24.1642710472279,8,2,101,67,723,710,1,0.195848512992744,0.171896029165983,16,0.734375,175.3,10.95625,16,FALSE,1,-1.3326053848525747,62.44109108555703,0.5569567092023618,0,TRUE,99.31220378490926,0
00-0035229,T.J. Hockenson,TE,2022,17,215.4,12.6705882352941,25.1635865845311,8,3,84,61,583,616,0,0.249064993386081,0.283346706470299,12,0.839166666666667,145.3,12.1083333333333,12,TRUE,1,-2.8481260497613583,62.11011351909185,0.5416291982158619,0,TRUE,99.6312956406138,0.249064993386081
00-0035229,T.J. Hockenson,TE,2023,15,219,14.6,26.1629021218344,8,4,97,70,648,715,0,0.255964645475777,0.239166853638878,11,0.840909090909091,215.4,12.6705882352941,17,FALSE,0,2.68718916520798,64.7777777777778,0.651515151515151,1,FALSE,96.309286703009,0
00-0035229,T.J. Hockenson,TE,2024,10,86.5,8.65,27.1649555099247,8,5,127,95,960,976,0,0.264322204977482,0.273419973654259,15,0.790666666666667,219,14.6,15,FALSE,0,2.0976935157109353,63.67803123643234,0.6684650520890582,2,FALSE,82.4617658561213,0
00-0035229,T.J. Hockenson,TE,2025,15,112.8,7.52,28.1642710472279,8,6,67,46,519,553,0,0.191403196452365,0.187494597946743,11,0.612727272727273,86.5,8.65,10,FALSE,0,2.6816146451914005,62.79394275248685,0.6485657275221384,3,FALSE,79.89857189040993,0
00-0035232,Dwayne Haskins,QB,2020,7,75.16,10.7371428571429,23.3319644079398,15,1,0,0,0,0,20,0,0,9,0.828888888888889,83.7,9.3,9,FALSE,1,-0.5896550513259056,63.38685406454249,0.5430471721587525,0,TRUE,98.00322351301972,0
00-0035243,Miles Sanders,RB,2020,12,170.4,14.2,23.337440109514,53,1,68,53,517,136,193,0.123863770446497,0.0155072973527882,17,0.537058823529412,218.7,13.66875,16,FALSE,1,-0.5896550513259056,63.38685406454249,0.5430471721587525,0,TRUE,96.89962194628248,0
00-0035243,Miles Sanders,RB,2021,12,117.2,9.76666666666667,24.3367556468172,53,2,52,28,197,95,164,0.146470131451646,0.0338777143108866,12,0.705833333333333,170.4,14.2,12,FALSE,1,-1.556697294251077,65.79897521448999,0.5741231667858766,2,FALSE,99.37614309886182,0
00-0035243,Miles Sanders,RB,2022,17,216.7,12.7470588235294,25.3360711841205,53,3,37,29,170,-14,144,0.112955745434006,-0.0231935789166907,13,0.523846153846154,117.2,9.76666666666667,12,FALSE,0,-2.875325229137859,64.61005036393115,0.5261283996235602,3,FALSE,91.39560576824717,0
00-0035243,Miles Sanders,RB,2023,16,87.6,5.475,26.3353867214237,53,4,28,21,81,23,294,0.0764880390954407,0.015650150004215,20,0.5365,216.7,12.7470588235294,17,TRUE,1,-1.1508133315416142,62.217587857511425,0.5305483396322973,0,TRUE,93.3197777467908,0.0764880390954407
00-0035243,Miles Sanders,RB,2024,11,77.3,7.02727272727273,27.337440109514,53,5,41,27,154,23,129,0.12592514564136,0.00500230573119632,16,0.369375,87.6,5.475,16,FALSE,1,-0.93537900248378,60.73684210526321,0.633093525179856,1,FALSE,70.13043117440901,0
00-0035243,Miles Sanders,RB,2025,4,26.7,6.675,28.3367556468172,53,6,30,24,148,41,55,0.118368364331853,-0.00459416506793935,11,0.333636363636364,77.3,7.02727272727273,11,TRUE,1,-2.3156060854344385,60.48222947073567,0.5428931050762806,0,TRUE,50.58687746508861,0.118368364331853
00-0035246,J.J. Arcega-Whiteside,WR,2020,5,14.5,2.9,23.668720054757,57,1,22,10,169,366,0,0.0745993529924101,0.157690493882916,17,0.387058823529412,32.9,3.65555555555556,9,FALSE,1,-0.5896550513259056,63.38685406454249,0.5430471721587525,0,TRUE,98.73749318926043,0
00-0035246,J.J. Arcega-Whiteside,WR,2021,7,5.6,0.8,24.6680355920602,57,2,8,4,85,121,0,0.0607143563146507,0.0996656317708011,8,0.24875,14.5,2.9,5,FALSE,1,-1.556697294251077,65.79897521448999,0.5741231667858766,2,FALSE,99.63768087860034,0
00-0035249,Josh Oliver,TE,2022,12,40.9,3.40833333333333,25.4483230663929,69,3,15,9,66,126,0,0.064036523902904,0.0542369737551196,13,0.164615384615385,15.6,1.41818181818182,11,FALSE,0,-7.907648010302149,65.67061259167201,0.49385102749788146,3,FALSE,99.6312956406138,0
00-0035249,Josh Oliver,TE,2023,13,53.3,4.1,26.4476386036961,69,4,27,16,175,223,0,0.115581913648362,0.10917744468056,18,0.486111111111111,40.9,3.40833333333333,12,TRUE,0,2.68718916520798,64.7777777777778,0.651515151515151,1,FALSE,96.309286703009,0.115581913648362
00-0035249,Josh Oliver,TE,2024,12,65.8,5.48333333333333,27.4496919917864,69,5,28,22,213,72,0,0.0696819311237383,0.0286941914313278,17,0.415882352941176,53.3,4.1,13,FALSE,0,2.0976935157109353,63.67803123643234,0.6684650520890582,2,FALSE,82.4617658561213,0
00-0035249,Josh Oliver,TE,2025,12,55,4.58333333333333,28.4490075290897,69,6,29,23,263,216,0,0.104767420027816,0.0971584156037574,16,0.53625,65.8,5.48333333333333,12,FALSE,0,2.6816146451914005,62.79394275248685,0.6485657275221384,3,FALSE,79.89857189040993,0
00-0035250,Devin Singletary,RB,2020,16,143.6,8.975,22.9952087611225,74,1,48,35,270,72,164,0.167702939009906,0.0283401691820622,13,0.683076923076923,147.9,12.325,12,FALSE,0,-2.5026045642574752,62.974983015342815,0.5184767480822224,2,FALSE,96.89962194628248,0
00-0035250,Devin Singletary,RB,2021,17,197.8,11.6352941176471,23.9945242984257,74,2,59,46,313,58,172,0.109549596052573,0.0108575477488646,19,0.592631578947368,143.6,8.975,16,FALSE,0,1.6002689201484088,62.7547023148179,0.5516260061675191,3,FALSE,99.37614309886182,0
00-0035250,Devin Singletary,RB,2022,16,177.9,11.11875,24.993839835729,74,3,59,47,266,-15,214,0.116715412132664,-0.00260682839866403,19,0.622105263157895,197.8,11.6352941176471,17,FALSE,1,-2.8481260497613583,62.11011351909185,0.5416291982158619,0,TRUE,91.39560576824717,0
00-0035250,Devin Singletary,RB,2023,17,167.34,9.84352941176471,25.9931553730322,74,4,60,43,317,-1,193,0.131283731048774,-0.00118723642269586,18,0.641111111111111,177.9,11.11875,16,TRUE,1,-4.57572469712941,60.05,0.437810945273632,1,FALSE,93.3197777467908,0.131283731048774
00-0035250,Devin Singletary,RB,2024,15,96.6,6.44,26.9952087611225,74,5,47,38,245,31,238,0.115517842278021,0.0167400627750415,19,0.573684210526316,167.34,9.84352941176471,17,TRUE,0,-2.854991123740784,62.00404474183561,0.4541853689806619,2,FALSE,70.13043117440901,0.115517842278021
00-0035250,Devin Singletary,RB,2025,17,108.8,6.4,27.9945242984257,74,6,24,21,119,-68,113,0.0845035156390291,-0.0401124365430367,15,0.389333333333333,96.6,6.44,15,FALSE,0,-3.3189211254310966,61.81529615894941,0.4907636579868245,3,FALSE,50.58687746508861,0
00-0035259,Trevon Wesco,TE,2020,3,1.5,0.5,24.9719370294319,121,1,3,2,47,8,1,0.0357800224466891,0.0103219782536671,16,0.213125,6.9,1.15,6,FALSE,0,-2.031525260991639,56.537444629014395,0.6426844120961318,2,FALSE,99.6312956406138,0
00-0035259,Trevon Wesco,TE,2021,8,6.5,0.8125,25.9712525667351,121,2,2,1,5,7,1,0.0399385560675883,0.0144753845512527,12,0.1925,1.5,0.5,3,FALSE,1,-4.237220859663053,62.415471591191114,0.5350290456824077,3,FALSE,96.309286703009,0
00-0035259,Trevon Wesco,TE,2022,6,6.6,1.1,26.9705681040383,121,3,5,3,35,3,0,0.0352359261971888,0.00490172909527748,12,0.236666666666667,6.5,0.8125,8,TRUE,1,-2.8481260497613583,62.11011351909185,0.5416291982158619,0,TRUE,82.4617658561213,0.0352359261971888
00-0035259,Trevon Wesco,TE,2023,6,3.1,0.516666666666667,27.9698836413415,121,4,4,2,26,23,0,0.0743055555555556,0.0446955419352475,14,0.200714285714286,6.6,1.1,6,TRUE,1,1.4135100279389323,60.4334680031692,0.6209852322499279,3,FALSE,79.89857189040993,0.0743055555555556
00-0035261,Tony Pollard,RB,2020,16,120.8,7.55,23.3401779603012,128,1,20,15,107,-18,86,0.0890410558162659,-0.0123964155898538,15,0.187333333333333,89.2,6.37142857142857,14,FALSE,0,-2.36529952786075,66.125,0.493055555555556,1,FALSE,96.89962194628248,0
00-0035261,Tony Pollard,RB,2021,15,156.6,10.44,24.3394934976044,128,2,40,28,193,-14,101,0.118680125187675,-0.0157609013115732,16,0.32875,120.8,7.55,16,FALSE,0,-2.0653857588530733,67.62566458622284,0.5389140927812085,2,FALSE,99.37614309886182,0
00-0035261,Tony Pollard,RB,2022,16,248.8,15.55,25.3388090349076,128,3,48,41,349,6,134,0.10418881845876,0.00804175677643623,16,0.348125,156.6,10.44,15,FALSE,0,-1.1087734579919446,67.32279387485555,0.5712511189221585,3,FALSE,91.39560576824717,0
00-0035261,Tony Pollard,RB,2023,17,222.6,13.0941176470588,26.3381245722108,128,4,61,44,394,73,214,0.145301648307394,0.0271794253891748,18,0.508888888888889,248.8,15.55,16,FALSE,1,-3.253496611940459,62.359387411143786,0.5639090904966904,3,FALSE,93.3197777467908,0
00-0035261,Tony Pollard,RB,2024,16,200.7,12.54375,27.3401779603012,128,5,76,62,340,41,267,0.152878407357096,0.00994887591238233,18,0.706111111111111,222.6,13.0941176470588,17,TRUE,1,-2.3927249464459472,61.20751703093519,0.5382602054028329,0,TRUE,70.13043117440901,0.152878407357096
00-0035261,Tony Pollard,RB,2025,17,185.8,10.9294117647059,28.3394934976044,128,6,57,41,238,8,260,0.149316647358475,-0.00368510794726812,16,0.678125,200.7,12.54375,16,FALSE,0,-6.68407505908549,60.3529411764706,0.532786885245902,1,FALSE,50.58687746508861,0
00-0035264,Jarrett Stidham,QB,2020,5,15.94,3.188,24.0657084188912,133,1,0,0,0,0,2,0,0,3,0.0633333333333333,-0.64,-0.213333333333333,3,FALSE,0,-0.3245495508298596,67.3079364552042,0.5267896779140432,2,FALSE,100.67668139230038,0
00-0035264,Jarrett Stidham,QB,2023,2,27.64,13.82,27.0636550308008,133,4,0,0,0,0,14,0,0,5,0.454,45.64,15.2133333333333,3,TRUE,1,4.361920524449067,66.15048913733956,0.6067168199037676,2,FALSE,100.1093045339178,0
00-0035264,Jarrett Stidham,QB,2024,2,0.5,0.25,28.0657084188912,133,5,0,0,0,0,9,0,0,3,0.686666666666667,27.64,13.82,2,FALSE,0,2.314489148752637,63.996828470321134,0.5900392582514449,4,FALSE,89.57744281082132,0
00-0035264,Jarrett Stidham,QB,2025,1,-0.1,-0.1,29.0650239561944,133,6,0,0,0,0,4,0,0,3,0.0666666666666667,0.5,0.25,2,FALSE,0,1.6623237357923664,63.199504917454426,0.5887198393990302,5,FALSE,82.32277997365468,0
00-0035273,Qadree Ollison,RB,2020,1,0.3,0.3,23.9808350444901,152,1,2,1,7,3,22,0.0255629945222155,0.00205414957562624,6,0.118333333333333,30.7,5.11666666666667,6,FALSE,0,2.02935244854015,67.5625,0.645962732919255,1,FALSE,99.37614309886182,0
00-0035273,Qadree Ollison,RB,2021,6,19.7,3.28333333333333,24.9801505817933,152,2,0,0,0,0,1,0,0,2,0.09,0.3,0.3,1,FALSE,1,-1.3326053848525747,62.44109108555703,0.5569567092023618,0,TRUE,91.39560576824717,0
00-0035273,Qadree Ollison,RB,2022,2,0,0,25.9794661190965,152,3,6,4,12,0,21,0.0634856630824373,-0.00960148028374773,7,0.175714285714286,19.7,3.28333333333333,6,TRUE,0,-1.1087734579919446,67.32279387485555,0.5712511189221585,3,FALSE,93.3197777467908,0.0634856630824373
00-0035287,KeeSean Johnson,WR,2020,8,32.3,4.0375,23.895961670089,174,1,42,21,187,394,1,0.144813189773421,0.154312685160965,10,0.527,46,4.6,10,FALSE,0,1.6930076676102641,64.19371647976597,0.5939548506101404,2,FALSE,98.73749318926043,0
00-0035289,Gardner Minshew,QB,2020,9,165.66,18.4066666666667,24.2956878850103,178,1,0,0,0,0,67,0,0,14,0.957857142857143,235.24,16.8028571428571,14,FALSE,1,-0.5896550513259056,63.38685406454249,0.5430471721587525,0,TRUE,100.67668139230038,0
00-0035289,Gardner Minshew,QB,2021,3,34.66,11.5533333333333,25.2950034223135,178,2,1,1,0,-8,29,0.0227272727272727,-0.0191846522781775,9,0.948888888888889,165.66,18.4066666666667,9,TRUE,1,-1.556697294251077,65.79897521448999,0.5741231667858766,2,FALSE,97.53698303935931,0.0227272727272727
00-0035289,Gardner Minshew,QB,2022,5,39.82,7.964,26.2943189596167,178,3,0,0,0,0,9,0,0,4,0.5825,34.66,11.5533333333333,3,FALSE,0,-2.875325229137859,64.61005036393115,0.5261283996235602,3,FALSE,94.39609488384028,0
00-0035289,Gardner Minshew,QB,2023,16,205.2,12.825,27.2936344969199,178,4,0,0,0,0,9,0,0,7,0.357142857142857,39.82,7.964,5,TRUE,0,-4.28875800108645,64.4117647058823,0.516556291390728,1,FALSE,100.1093045339178,0
00-0035289,Gardner Minshew,QB,2024,10,106.32,10.632,28.2956878850103,178,5,0,0,0,0,34,0,0,16,0.89625,205.2,12.825,16,TRUE,1,-8.09083680152126,60.89232303090727,0.4923131914657334,2,FALSE,89.57744281082132,0
00-0035289,Gardner Minshew,QB,2025,4,0.68,0.17,29.2950034223135,178,6,0,0,0,0,19,0,0,10,0.865,106.32,10.632,10,TRUE,0,5.300602599522808,62.06117943246481,0.6217951442008044,2,FALSE,82.32277997365468,0
00-0035291,Trayveon Williams,RB,2021,4,6.5,1.625,23.8713210130048,182,2,5,5,30,-11,26,0.064775828460039,-0.0188555933392201,NA,NA,21.7,3.61666666666667,6,FALSE,0,2.510348320281197,64.50024224806202,0.5993945381770283,2,FALSE,99.37614309886182,0
00-0035291,Trayveon Williams,RB,2022,7,8,1.14285714285714,24.870636550308,182,3,2,1,4,-7,15,0.0689655172413793,-0.0426829268292683,2,0.305,6.5,1.625,4,FALSE,0,2.677685954614587,63.142209216222355,0.5919254926756715,3,FALSE,91.39560576824717,0
00-0035291,Trayveon Williams,RB,2023,16,14.9,0.93125,25.8699520876112,182,4,3,2,30,20,6,0.0286849349349349,0.0284573763498799,6,0.0866666666666667,8,1.14285714285714,7,FALSE,0,4.526730966061893,63.31439633983992,0.591176217626744,4,FALSE,93.3197777467908,0
00-0035291,Trayveon Williams,RB,2024,5,0,0,26.8720054757016,182,5,9,7,10,-28,15,0.0438274849144414,-0.0220002468667944,17,0.147647058823529,14.9,0.93125,16,FALSE,1,-2.3927249464459472,61.20751703093519,0.5382602054028329,0,TRUE,70.13043117440901,0
00-0035291,Trayveon Williams,RB,2025,6,17.1,2.85,27.8713210130048,182,6,0,0,0,0,0,0,0,4,0.03,0,0,5,TRUE,1,-2.3156060854344385,60.48222947073567,0.5428931050762806,0,TRUE,50.58687746508861,0
00-0035298,Scott Miller,WR,2020,14,102.5,7.32142857142857,23.088295687885,208,1,26,13,200,465,2,0.093454248291548,0.157808710132077,10,0.247,40.6,4.51111111111111,9,FALSE,0,1.6930076676102641,64.19371647976597,0.5939548506101404,2,FALSE,86.5765769116426,0
00-0035298,Scott Miller,WR,2021,6,19.1,3.18333333333333,24.0876112251882,208,2,59,37,581,915,5,0.12791866537041,0.218447327088681,19,0.375789473684211,102.5,7.32142857142857,14,FALSE,0,0.8673730317946872,64.20348050458715,0.5632598072358128,4,FALSE,98.73749318926043,0
00-0035298,Scott Miller,WR,2022,12,42.3,3.525,25.0869267624914,208,3,16,10,84,180,3,0.071962502516473,0.0938126700027657,10,0.293,19.1,3.18333333333333,6,FALSE,0,2.1048884742145724,64.66575143138203,0.5689299557692652,6,FALSE,99.63768087860034,0
00-0035298,Scott Miller,WR,2023,11,39.1,3.55454545454545,26.0862422997947,208,4,40,23,185,512,1,0.13154144404701,0.2274224638223,15,0.248,42.3,3.525,12,TRUE,0,-6.726744015948854,58.588294353886134,0.4820650886087547,2,FALSE,91.5505700173843,0.13154144404701
00-0035298,Scott Miller,WR,2024,6,11.9,1.98333333333333,27.088295687885,208,5,16,11,161,195,0,0.0620725312141027,0.0851913206851924,17,0.234705882352941,39.1,3.55454545454545,11,TRUE,1,-7.120032313232597,60.03284145075934,0.496930334488184,2,FALSE,75.0135249983918,0.0620725312141027
00-0035298,Scott Miller,WR,2025,5,15.2,3.04,28.0876112251882,208,6,9,5,69,106,0,0.110162902277598,0.153109411802888,13,0.25,11.9,1.98333333333333,6,FALSE,0,-6.551421263838917,60.54958485906386,0.498988084765842,3,FALSE,54.07189796423326,0
00-0035304,Cullen Gillaspia,RB,2020,4,1.6,0.4,25.3086926762491,220,1,0,0,0,0,0,0,0,7,0.0457142857142857,0,0,6,FALSE,0,1.45406736998584,63.61111111111109,0.58,1,FALSE,91.39560576824717,0
00-0035304,Cullen Gillaspia,RB,2021,4,0,0,26.3080082135524,220,2,1,1,6,-2,0,0.037037037037037,-0.00701754385964912,NA,NA,1.6,0.4,4,TRUE,0,-1.58459729902941,59.125,0.608,1,FALSE,93.3197777467908,0.037037037037037
00-0035304,Cullen Gillaspia,RB,2022,4,0,0,27.3073237508556,220,3,0,0,0,0,0,0,0,NA,NA,0,0,4,TRUE,0,-4.28740337043254,55.5882352941176,0.544715447154472,1,FALSE,70.13043117440901,0
00-0035308,Tommy Sweeney,TE,2022,2,1.7,0.85,27.170431211499,228,3,12,9,44,69,0,0.0578286688489925,0.0574780070669099,13,0.303846153846154,19.4,2.77142857142857,7,FALSE,1,-2.8481260497613583,62.11011351909185,0.5416291982158619,0,TRUE,82.4617658561213,0
00-0035311,Myles Gaskin,RB,2020,10,164.2,16.42,23.5427789185489,234,1,12,7,51,2,36,0.0512713013156644,-0.00279906240387037,7,0.242857142857143,31.4,4.48571428571429,7,FALSE,1,-0.5896550513259056,63.38685406454249,0.5430471721587525,0,TRUE,99.37614309886182,0
00-0035311,Myles Gaskin,RB,2021,17,173.6,10.2117647058824,24.5420944558522,234,2,47,41,388,10,142,0.161327788713084,0.00393893513725575,10,0.697,164.2,16.42,10,FALSE,1,-1.3326053848525747,62.44109108555703,0.5569567092023618,0,TRUE,91.39560576824717,0
00-0035311,Myles Gaskin,RB,2022,2,9.4,4.7,25.5414099931554,234,3,63,49,234,32,173,0.142499928814586,0.00468782222415913,17,0.493529411764706,173.6,10.2117647058824,17,FALSE,1,-2.8481260497613583,62.11011351909185,0.5416291982158619,0,TRUE,93.3197777467908,0
00-0035311,Myles Gaskin,RB,2025,1,0.6,0.6,28.5420944558522,234,6,1,1,11,-2,3,0.0357142857142857,-0.00472813238770686,2,0.055,2,0.5,4,TRUE,1,-2.673629810734993,60.52350065055126,0.4813981445744344,4,FALSE,25.648912801362936,0.0357142857142857
00-0035329,Donald Parham,TE,2021,13,59,4.53846153846154,24.0438056125941,NA,2,20,10,159,175,0,0.0755216237910822,0.0839400350993714,13,0.244615384615385,43.9,3.99090909090909,11,FALSE,1,-1.3326053848525747,62.44109108555703,0.5569567092023618,0,TRUE,99.31220378490926,0
00-0035329,Donald Parham,TE,2022,6,29,4.83333333333333,25.0431211498973,NA,3,27,20,190,121,0,0.077755437567348,0.0493550356355503,14,0.411428571428571,59,4.53846153846154,13,FALSE,0,2.94323904591114,65.4117647058823,0.595348837209302,1,FALSE,99.6312956406138,0
00-0035329,Donald Parham,TE,2023,14,79.5,5.67857142857143,26.0424366872005,NA,4,17,14,153,158,0,0.0754423578352471,0.101334463551068,7,0.341428571428571,29,4.83333333333333,6,FALSE,0,4.361920524449067,66.15048913733956,0.6067168199037676,2,FALSE,96.309286703009,0
00-0035341,Trenton Irwin,WR,2021,5,5.4,1.08,25.7275838466804,NA,2,2,1,5,12,0,0.0526315789473684,0.0364741641337386,1,0.07,1.5,1.5,1,FALSE,0,2.510348320281197,64.50024224806202,0.5993945381770283,2,FALSE,91.5505700173843,0
00-0035341,Trenton Irwin,WR,2022,9,63.2,7.02222222222222,26.7268993839836,NA,3,5,2,34,86,0,0.116594827586207,0.326891541255838,7,0.202857142857143,5.4,1.08,5,FALSE,0,2.677685954614587,63.142209216222355,0.5919254926756715,3,FALSE,75.0135249983918,0
00-0035341,Trenton Irwin,WR,2023,12,62.6,5.21666666666667,27.7262149212868,NA,4,27,17,250,284,1,0.0776694827898898,0.118412541570534,12,0.441666666666667,63.2,7.02222222222222,9,FALSE,0,4.526730966061893,63.31439633983992,0.591176217626744,4,FALSE,54.07189796423326,0
00-0035341,Trenton Irwin,WR,2024,6,4.5,0.75,28.7282683093771,NA,5,32,25,316,337,0,0.13719964877727,0.204531214231565,16,0.426875,62.6,5.21666666666667,12,FALSE,1,-2.3927249464459472,61.20751703093519,0.5382602054028329,0,TRUE,37.932505764701475,0
00-0035342,Patrick Laird,RB,2020,9,22,2.44444444444444,25.0431211498973,NA,1,30,23,204,42,62,0.117285561435301,0.0214703708236982,8,0.5025,68.2,8.525,8,FALSE,1,-0.5896550513259056,63.38685406454249,0.5430471721587525,0,TRUE,91.39560576824717,0
00-0035342,Patrick Laird,RB,2021,3,5.1,1.7,26.0424366872005,NA,2,12,10,68,31,13,0.0610805811851342,0.0301371999212947,13,0.158461538461538,22,2.44444444444444,9,FALSE,1,-1.3326053848525747,62.44109108555703,0.5569567092023618,0,TRUE,93.3197777467908,0
00-0035345,Chris Myarick,TE,2022,10,19.5,1.95,26.9048596851472,NA,3,6,3,17,13,0,0.0486551336375707,0.0225366993765709,8,0.18625,10.7,2.675,4,FALSE,1,-2.8481260497613583,62.11011351909185,0.5416291982158619,0,TRUE,82.4617658561213,0
00-0035350,Preston Williams,WR,2020,8,74.8,9.35,23.4332648870637,NA,1,60,32,428,841,0,0.228875549914377,0.359352412449956,8,0.785,90.8,11.35,8,FALSE,1,-0.5896550513259056,63.38685406454249,0.5430471721587525,0,TRUE,86.5765769116426,0
00-0035350,Preston Williams,WR,2021,6,13.8,2.3,24.4325804243669,NA,2,35,18,288,508,0,0.168885269874775,0.314695775789667,8,0.6725,74.8,9.35,8,FALSE,1,-1.3326053848525747,62.44109108555703,0.5569567092023618,0,TRUE,98.73749318926043,0
00-0035356,Tyree Jackson,TE,2022,2,0,0,24.8158795345654,NA,3,7,3,22,69,0,0.116355237747273,0.144023504752498,9,0.281111111111111,11.2,3.73333333333333,3,FALSE,0,-2.875325229137859,64.61005036393115,0.5261283996235602,3,FALSE,99.6312956406138,0
00-0035359,David Sills,WR,2022,7,21.6,3.08571428571429,26.258726899384,NA,3,6,2,17,58,0,0.0742670608524267,0.124162622156295,4,0.39,3.7,0.925,4,FALSE,1,-2.8481260497613583,62.11011351909185,0.5416291982158619,0,TRUE,91.5505700173843,0
00-0035399,Stanley Morgan,WR,2020,2,0,0,23.9835728952772,NA,1,10,3,18,66,0,0.0821188455189469,0.068812414347574,10,0.204,4.8,0.685714285714286,7,FALSE,0,0.747418243329004,64.625,0.617021276595745,1,FALSE,98.73749318926043,0
00-0035399,Stanley Morgan,WR,2021,11,3.4,0.309090909090909,24.9828884325804,NA,2,0,0,0,0,0,0,0,4,0.0675,0,0,2,FALSE,0,2.510348320281197,64.50024224806202,0.5993945381770283,2,FALSE,99.63768087860034,0
00-0035399,Stanley Morgan,WR,2022,9,0,0,25.9822039698836,NA,3,4,2,11,32,1,0.0538279967159278,0.0494417168197656,12,0.175,3.4,0.309090909090909,11,FALSE,0,2.677685954614587,63.142209216222355,0.5919254926756715,3,FALSE,91.5505700173843,0
00-0035399,Stanley Morgan,WR,2023,1,0,0,26.9815195071869,NA,4,1,0,0,0,0,0.0294117647058824,0,17,0.0729411764705882,0,0,9,FALSE,0,4.526730966061893,63.31439633983992,0.591176217626744,4,FALSE,75.0135249983918,0
00-0035406,Lil'Jordan Humphrey,WR,2020,2,13.6,6.8,22.3709787816564,NA,1,1,0,0,15,0,0.0333333333333333,0.0769230769230769,6,0.136666666666667,0,0,1,FALSE,0,1.8447942208887929,61.60275019098548,0.5593931930138827,2,FALSE,71.91123187885705,0
00-0035406,Lil'Jordan Humphrey,WR,2021,8,49.9,6.2375,23.3702943189596,NA,2,6,4,60,56,0,0.091184836874492,0.108277768549937,4,0.3975,13.6,6.8,2,FALSE,0,-0.17176604021972183,62.57684815504885,0.5315089522252244,3,FALSE,86.5765769116426,0
00-0035406,Lil'Jordan Humphrey,WR,2022,4,4,1,24.3696098562628,NA,3,18,13,249,192,0,0.156386237775421,0.252028362796436,10,0.371,49.9,6.2375,8,TRUE,1,-2.8481260497613583,62.11011351909185,0.5416291982158619,0,TRUE,98.73749318926043,0.156386237775421
00-0035406,Lil'Jordan Humphrey,WR,2023,11,47.2,4.29090909090909,25.3689253935661,NA,4,4,2,20,27,0,0.0497242647058824,0.0285366948364958,5,0.402,4,1,4,TRUE,1,4.361920524449067,66.15048913733956,0.6067168199037676,2,FALSE,99.63768087860034,0.0497242647058824
00-0035406,Lil'Jordan Humphrey,WR,2024,14,64.3,4.59285714285714,26.3709787816564,NA,5,19,13,162,186,0,0.0823444645359346,0.118221150808142,17,0.396470588235294,47.2,4.29090909090909,11,FALSE,0,2.314489148752637,63.996828470321134,0.5900392582514449,4,FALSE,91.5505700173843,0
00-0035406,Lil'Jordan Humphrey,WR,2025,7,34.6,4.94285714285714,27.3702943189596,NA,6,45,31,293,293,0,0.13722571981593,0.106956859370911,18,0.481111111111111,64.3,4.59285714285714,14,FALSE,0,1.6623237357923664,63.199504917454426,0.5887198393990302,5,FALSE,75.0135249983918,0
00-0035414,Jalen Guyton,WR,2020,16,97.1,6.06875,23.2361396303901,NA,1,2,0,0,75,0,0.0769230769230769,0.29296875,3,0.1,0,0,1,FALSE,0,-0.392821717534081,61.625,0.605263157894737,1,FALSE,86.5765769116426,0
00-0035414,Jalen Guyton,WR,2021,16,97.2,6.075,24.2354551676934,NA,2,55,28,511,895,2,0.1162124768017,0.218943167998035,16,0.7875,97.1,6.06875,16,FALSE,1,-1.3326053848525747,62.44109108555703,0.5569567092023618,0,TRUE,98.73749318926043,0
00-0035414,Jalen Guyton,WR,2022,2,8.4,4.2,25.2347707049966,NA,3,48,31,448,503,7,0.092812461012943,0.115132777320471,16,0.54,97.2,6.075,16,FALSE,0,2.94323904591114,65.4117647058823,0.595348837209302,1,FALSE,99.63768087860034,0
00-0035414,Jalen Guyton,WR,2023,7,24.9,3.55714285714286,26.2340862422998,NA,4,4,2,64,115,0,0.0622309899569584,0.214781082887701,3,0.146666666666667,8.4,4.2,2,FALSE,0,4.361920524449067,66.15048913733956,0.6067168199037676,2,FALSE,91.5505700173843,0
00-0035432,Jason Moore,WR,2022,1,1.5,1.5,27.192334017796,NA,3,4,3,56,60,0,0.117647058823529,0.235294117647059,2,0.42,8.6,8.6,1,FALSE,0,2.94323904591114,65.4117647058823,0.595348837209302,1,FALSE,75.0135249983918,0
00-0035457,Tyron Johnson,WR,2021,7,3.6,0.514285714285714,25.6481861738535,NA,2,26,20,398,534,3,0.105497551160351,0.259485234078557,12,0.321666666666667,79.5,7.22727272727273,11,TRUE,1,-3.074511719805549,62.108863865123304,0.5780123029612375,2,FALSE,91.5505700173843,0.105497551160351
00-0035457,Tyron Johnson,WR,2022,2,1.8,0.9,26.6475017111567,NA,3,5,2,16,102,0,0.0345361305361305,0.0925083095916429,5,0.122,3.6,0.514285714285714,7,TRUE,1,-2.8481260497613583,62.11011351909185,0.5416291982158619,0,TRUE,75.0135249983918,0.0345361305361305
00-0035480,Malik Taylor,WR,2021,7,1.4,0.2,25.6974674880219,NA,2,6,5,66,40,1,0.0396289905193955,0.0175888852680475,13,0.195384615384615,18.5,1.85,10,FALSE,0,1.2448117567873749,61.772867804759954,0.5868189323739391,3,FALSE,91.5505700173843,0
00-0035500,Greg Dortch,WR,2022,16,113.1,7.06875,24.2600958247776,NA,3,3,3,15,-16,1,0.0431970431970432,-0.035470426531879,4,0.115,6.9,1.38,5,FALSE,0,2.1048884742145724,64.66575143138203,0.5689299557692652,6,FALSE,98.73749318926043,0
00-0035500,Greg Dortch,WR,2023,16,64.5,4.03125,25.2594113620808,NA,4,64,52,467,316,7,0.206266091109121,0.140297627114529,16,0.444375,113.1,7.06875,16,FALSE,1,-1.1508133315416142,62.217587857511425,0.5305483396322973,0,TRUE,99.63768087860034,0
00-0035500,Greg Dortch,WR,2024,17,90.3,5.31176470588235,26.2614647501711,NA,5,41,24,280,383,1,0.184397874636419,0.216792458547933,13,0.451538461538462,64.5,4.03125,16,FALSE,0,-7.77746334075928,62.294117647058805,0.53968253968254,1,FALSE,91.5505700173843,0
00-0035500,Greg Dortch,WR,2025,12,75.1,6.25833333333333,27.2607802874743,NA,6,50,37,342,207,5,0.134185055789938,0.104500855897149,17,0.402352941176471,90.3,5.31176470588235,17,FALSE,0,-4.450844670721244,61.33889123994921,0.5266301244718511,2,FALSE,75.0135249983918,0
00-0035510,Jeff Smith,WR,2020,9,33.7,3.74444444444444,23.3648186173854,NA,1,2,1,12,48,0,0.0689655172413793,0.19047619047619,1,0.24,2.2,2.2,1,FALSE,0,-2.031525260991639,56.537444629014395,0.6426844120961318,2,FALSE,86.5765769116426,0
00-0035510,Jeff Smith,WR,2021,9,19.2,2.13333333333333,24.3641341546886,NA,2,37,17,167,468,0,0.237221644500095,0.315331272344239,10,0.486,33.7,3.74444444444444,9,FALSE,1,-4.237220859663053,62.415471591191114,0.5350290456824077,3,FALSE,98.73749318926043,0
00-0035510,Jeff Smith,WR,2022,7,21.4,3.05714285714286,25.3634496919918,NA,3,17,8,113,192,1,0.0918841171605435,0.100222825218864,12,0.2925,19.2,2.13333333333333,9,FALSE,0,-3.2398543233494106,61.92644902198673,0.5336580980676521,4,FALSE,99.63768087860034,0
00-0035527,Andy Isabella,WR,2020,11,54.8,4.98181818181818,23.7864476386037,62,1,13,9,189,82,4,0.0798154491278859,0.0947113533235132,14,0.174285714285714,35.4,2.95,12,FALSE,0,1.6930076676102641,64.19371647976597,0.5939548506101404,2,FALSE,98.73749318926043,0
00-0035527,Andy Isabella,WR,2021,3,2.3,0.766666666666667,24.7857631759069,62,2,35,21,224,394,1,0.111903410397921,0.118126617597413,13,0.338461538461538,54.8,4.98181818181818,11,FALSE,0,0.8673730317946872,64.20348050458715,0.5632598072358128,4,FALSE,99.63768087860034,0
00-0035527,Andy Isabella,WR,2022,4,4.2,1.05,25.7850787132101,62,3,1,1,13,6,0,0.0208333333333333,0.017910447761194,5,0.084,2.3,0.766666666666667,3,FALSE,0,2.1048884742145724,64.66575143138203,0.5689299557692652,6,FALSE,91.5505700173843,0
00-0035527,Andy Isabella,WR,2023,1,0,0,26.7843942505133,62,4,5,2,21,70,0,0.0645454545454545,0.112359550561798,3,0.296666666666667,4.2,1.05,4,TRUE,0,5.29349471715236,63.77777777777781,0.586734693877551,1,FALSE,75.0135249983918,0.0645454545454545
00-0035535,Darius Slayton,WR,2020,16,141,8.8125,23.6358658453114,171,1,84,48,740,1178,0,0.223926025651941,0.357084057741602,14,0.76,170,12.1428571428571,14,FALSE,1,-0.5896550513259056,63.38685406454249,0.5430471721587525,0,TRUE,98.73749318926043,0
00-0035535,Darius Slayton,WR,2021,13,68.6,5.27692307692308,24.6351813826146,171,2,96,50,751,1303,2,0.236560190824286,0.394878435300989,16,0.87125,141,8.8125,16,FALSE,0,-1.58459729902941,59.125,0.608,1,FALSE,99.63768087860034,0
00-0035535,Darius Slayton,WR,2022,13,128.4,9.87692307692308,25.6344969199179,171,3,58,26,339,773,1,0.167861720644405,0.301607236520482,13,0.641538461538462,68.6,5.27692307692308,13,FALSE,1,-2.8481260497613583,62.11011351909185,0.5416291982158619,0,TRUE,91.5505700173843,0
00-0035535,Darius Slayton,WR,2023,17,151,8.88235294117647,26.6338124572211,171,4,84,51,816,1030,1,0.21389393587422,0.376984545223904,18,0.683888888888889,128.4,9.87692307692308,13,FALSE,0,-3.35433829889119,62.4736842105263,0.436619718309859,1,FALSE,75.0135249983918,0
00-0035535,Darius Slayton,WR,2024,16,110,6.875,27.6358658453114,171,5,79,50,770,967,0,0.177020088334275,0.284211774732953,17,0.805882352941176,151,8.88235294117647,17,FALSE,0,-2.854991123740784,62.00404474183561,0.4541853689806619,2,FALSE,54.07189796423326,0
00-0035535,Darius Slayton,WR,2025,14,98.8,7.05714285714286,28.6351813826146,171,6,71,39,573,928,2,0.19273475493246,0.344637592092228,16,0.830625,110,6.875,16,FALSE,0,-3.3189211254310966,61.81529615894941,0.4907636579868245,3,FALSE,37.932505764701475,0
00-0035537,Ty Johnson,RB,2020,11,63.3,5.75454545454545,22.9568788501027,186,1,31,24,109,61,63,0.0830541323553563,0.0228246230234456,16,0.285625,60.2,3.7625,16,TRUE,0,-2.031525260991639,56.537444629014395,0.6426844120961318,2,FALSE,96.89962194628248,0.0830541323553563
00-0035537,Ty Johnson,RB,2021,15,117,7.8,23.9561943874059,186,2,20,16,99,3,54,0.15748815998816,-0.026790977176641,10,0.277,63.3,5.75454545454545,11,FALSE,1,-4.237220859663053,62.415471591191114,0.5350290456824077,3,FALSE,99.37614309886182,0
00-0035537,Ty Johnson,RB,2022,12,42.8,3.56666666666667,24.9555099247091,186,3,55,34,372,131,61,0.131585482597893,0.0319519899704864,16,0.3975,117,7.8,15,FALSE,0,-3.2398543233494106,61.92644902198673,0.5336580980676521,4,FALSE,91.39560576824717,0
00-0035537,Ty Johnson,RB,2023,9,32.4,3.6,25.9548254620123,186,4,24,12,88,48,30,0.095458309774845,0.0162643855276819,11,0.246363636363636,42.8,3.56666666666667,12,TRUE,0,5.29349471715236,63.77777777777781,0.586734693877551,1,FALSE,93.3197777467908,0.095458309774845
00-0035537,Ty Johnson,RB,2024,17,91.7,5.39411764705882,26.9568788501027,186,5,10,8,76,26,45,0.0685766403007782,0.0239817161180414,10,0.171,32.4,3.6,9,FALSE,1,-0.8649786736527051,62.918497519489705,0.4885280251440543,2,FALSE,70.13043117440901,0
00-0035537,Ty Johnson,RB,2025,17,100.3,5.9,27.9561943874059,186,6,29,22,318,224,61,0.0839548749234791,0.0873463413176864,20,0.3045,91.7,5.39411764705882,17,FALSE,0,-1.7945790111540487,61.81365180352616,0.4638303406066273,3,FALSE,50.58687746508861,0
00-0035539,Isaac Nauta,TE,2020,2,1.3,0.65,23.2826830937714,224,1,3,2,13,4,0,0.0397796817625459,0.00626335724412281,5,0.124,3.3,1.65,2,FALSE,0,-3.80589589800994,63.0625,0.604838709677419,1,FALSE,74.1857788205039,0
00-0035544,Tom Kennedy,WR,2022,5,22.1,4.42,26.0917180013689,NA,3,10,6,54,77,0,0.0578666807126426,0.0583143000732509,12,0.195,18.4,3.06666666666667,6,FALSE,1,-2.8481260497613583,62.11011351909185,0.5416291982158619,0,TRUE,91.5505700173843,0
00-0035544,Tom Kennedy,WR,2025,6,7.6,1.26666666666667,29.0924024640657,NA,6,1,0,0,11,0,0.0188679245283019,0.0289473684210526,4,0.0575,0,0,3,FALSE,1,-2.3156060854344385,60.48222947073567,0.5428931050762806,0,TRUE,37.932505764701475,0
00-0035547,Joseph Fortson,TE,2022,10,29.8,2.98,26.735112936345,NA,3,5,5,47,38,0,0.0376811594202899,0.0265433638253007,NA,NA,21.7,5.425,4,FALSE,0,9.764874939182034,63.265673354913034,0.6318005958082872,4,FALSE,82.4617658561213,0
00-0035551,Tony Brooks-James,RB,2020,1,0.4,0.4,25.7385352498289,NA,1,0,0,0,0,8,0,0,3,0.0666666666666667,0.7,0.233333333333333,3,TRUE,0,2.02935244854015,67.5625,0.645962732919255,1,FALSE,93.3197777467908,0
00-0035562,Jesper Horsted,TE,2022,5,4.9,0.98,25.5085557837098,NA,3,3,2,21,31,0,0.0366786140979689,0.0410565132201748,4,0.025,16.1,4.025,4,TRUE,1,-2.8481260497613583,62.11011351909185,0.5416291982158619,0,TRUE,96.309286703009,0.0366786140979689
00-0035562,Jesper Horsted,TE,2023,5,1.4,0.28,26.507871321013,NA,4,4,3,19,26,0,0.0897435897435897,0.0416251693092184,8,0.11125,4.9,0.98,5,FALSE,0,-4.47041026144887,61.4117647058824,0.621212121212121,1,FALSE,82.4617658561213,0
00-0035567,Craig Reynolds,RB,2021,5,35.2,7.04,25.2128678986995,NA,2,1,1,3,1,1,0.0277777777777778,0.00418410041841004,1,0.05,1.7,1.7,1,TRUE,1,-1.3326053848525747,62.44109108555703,0.5569567092023618,0,TRUE,91.39560576824717,0.0277777777777778
00-0035567,Craig Reynolds,RB,2022,6,30.8,5.13333333333333,26.2121834360027,NA,3,8,7,52,5,55,0.0784868225657699,0.00647365686322663,5,0.366,35.2,7.04,5,FALSE,1,-2.8481260497613583,62.11011351909185,0.5416291982158619,0,TRUE,93.3197777467908,0
00-0035567,Craig Reynolds,RB,2023,12,29.6,2.46666666666667,27.211498973306,NA,4,10,9,116,12,23,0.0759429425046123,-0.00141963677238055,8,0.21625,30.8,5.13333333333333,6,FALSE,0,-3.7693556183232695,63.294117647058805,0.507853403141361,1,FALSE,70.13043117440901,0
00-0035567,Craig Reynolds,RB,2024,8,20.9,2.6125,28.2135523613963,NA,5,5,5,47,-12,42,0.0353585336573654,-0.0131973206687802,17,0.124117647058824,29.6,2.46666666666667,12,FALSE,0,-3.7816319045922993,64.31060134015775,0.4870263163546411,2,FALSE,50.58687746508861,0
00-0035567,Craig Reynolds,RB,2025,5,0.4,0.08,29.2128678986995,NA,6,5,3,40,-10,31,0.0554924242424242,-0.0187553539934492,14,0.104285714285714,20.9,2.6125,8,FALSE,1,-2.3156060854344385,60.48222947073567,0.5428931050762806,0,TRUE,25.648912801362936,0
00-0035572,Parker Hesse,TE,2022,12,17.9,1.49166666666667,27.2689938398357,NA,3,6,5,43,22,0,0.0898009472606247,0.0418365380577222,8,0.27,9.3,2.325,4,FALSE,0,-0.356785931309,58.5294117647059,0.605095541401274,1,FALSE,82.4617658561213,0
00-0035572,Parker Hesse,TE,2023,1,0,0,28.2683093771389,NA,4,11,9,89,65,0,0.0522038355909324,0.0363972387420833,17,0.619411764705882,17.9,1.49166666666667,12,FALSE,0,-6.726744015948854,58.588294353886134,0.4820650886087547,2,FALSE,79.89857189040993,0
00-0035590,Riley Ridley,WR,2020,2,7.9,3.95,24.1149897330595,126,1,7,6,69,62,0,0.0813429888084266,0.134420533410532,5,0.284,12.9,4.3,3,FALSE,1,0.935528214695384,58.0625,0.621848739495798,1,FALSE,98.73749318926043,0
00-0035592,Travis Fulgham,WR,2020,12,115.9,9.65833333333333,24.9691991786448,184,1,3,0,0,66,0,0.0694652673663168,0.161323741007194,3,0.366666666666667,0,0,2,TRUE,1,-0.5896550513259056,63.38685406454249,0.5430471721587525,0,TRUE,99.63768087860034,0.0694652673663168
00-0035593,Juwann Winfree,WR,2022,3,2.7,0.9,25.990417522245,187,3,13,8,58,75,0,0.110970939244184,0.0957705057846048,7,0.298571428571429,11.8,2.36,5,FALSE,1,-2.8481260497613583,62.11011351909185,0.5416291982158619,0,TRUE,91.5505700173843,0
00-0035593,Juwann Winfree,WR,2023,1,0,0,26.9897330595483,187,4,4,1,17,52,0,0.0422364400305577,0.124543797338086,3,0.18,2.7,0.9,3,TRUE,0,-4.28875800108645,64.4117647058823,0.516556291390728,1,FALSE,75.0135249983918,0.0422364400305577
00-0035594,Travis Homer,RB,2020,9,32.8,3.64444444444444,22.0698151950719,204,1,17,14,88,-1,32,0.189453095212677,-0.0027201781511892,5,0.468,28,4,7,FALSE,0,-7.49088804122155,62.333907214115975,0.5482848076249452,2,FALSE,89.07074872817178,0
00-0035594,Travis Homer,RB,2021,14,55.8,3.98571428571429,23.0691307323751,204,2,10,9,90,2,25,0.0653047391205286,-0.00269307772482778,9,0.235555555555556,32.8,3.64444444444444,9,FALSE,1,-1.3326053848525747,62.44109108555703,0.5569567092023618,0,TRUE,96.89962194628248,0
00-0035594,Travis Homer,RB,2022,10,43.1,4.31,24.0684462696783,204,3,20,16,161,48,21,0.100115279643612,0.0238344895886866,14,0.214285714285714,55.8,3.98571428571429,14,FALSE,0,-4.28740337043254,55.5882352941176,0.544715447154472,1,FALSE,99.37614309886182,0
00-0035594,Travis Homer,RB,2023,7,0,0,25.0677618069815,204,4,18,16,157,31,19,0.0960207505177017,0.0156722518577682,10,0.286,43.1,4.31,10,TRUE,0,-11.2404955422377,57.6470588235294,0.401515151515151,1,FALSE,91.39560576824717,0.0960207505177017
00-0035594,Travis Homer,RB,2024,8,6.4,0.8,26.0698151950719,204,5,1,0,0,-5,0,0.0344827586206897,-0.0943396226415094,3,0.0333333333333333,0,0,7,FALSE,1,0.09937692503816128,58.15604034108125,0.5602657737692467,3,FALSE,93.3197777467908,0
00-0035594,Travis Homer,RB,2025,8,-0.2,-0.025,27.0691307323751,204,6,3,3,11,1,6,0.125,0.00714285714285714,6,0.193333333333333,6.4,0.8,8,FALSE,1,-4.79011169771107,64.39098450827193,0.4878221470323203,3,FALSE,70.13043117440901,0
00-0035602,Alex Bachman,WR,2025,11,3.2,0.290909090909091,29.2594113620808,NA,6,3,3,31,21,0,0.0810810810810811,0.0882352941176471,5,0.204,6.1,1.22,5,FALSE,1,-2.3156060854344385,60.48222947073567,0.5428931050762806,0,TRUE,37.932505764701475,0
00-0035603,Kendall Blanton,TE,2022,2,5.5,2.75,26.8090349075975,NA,3,14,11,112,62,0,0.0837678283491091,0.0420324389388665,15,0.258666666666667,7.7,1.925,4,FALSE,1,-2.8481260497613583,62.11011351909185,0.5416291982158619,0,TRUE,82.4617658561213,0
00-0035621,Nsimba Webster,WR,2020,16,-2,-0.125,24.5968514715948,NA,1,0,0,0,0,0,0,0,NA,NA,0,0,4,FALSE,0,-1.701287477845543,60.1919347826087,0.5570514157122465,3,FALSE,99.63768087860034,0
00-0035621,Nsimba Webster,WR,2021,6,0,0,25.596167008898,NA,2,0,0,0,0,0,0,0,6,0.025,-2,-0.125,16,TRUE,0,-0.43053437265560734,61.001407270225165,0.6069410342534227,2,FALSE,91.5505700173843,0
00-0035621,Nsimba Webster,WR,2022,1,3.4,3.4,26.5954825462012,NA,3,0,0,0,0,0,0,0,1,0.01,0,0,6,FALSE,1,-2.8481260497613583,62.11011351909185,0.5416291982158619,0,TRUE,75.0135249983918,0
00-0035624,N'Keal Harry,TE,2020,13,73.9,5.68461538461538,22.7077344284736,32,1,31,14,126,291,6,0.155026638946272,0.182489721018311,NA,NA,39.4,5.62857142857143,7,FALSE,0,-0.3245495508298596,67.3079364552042,0.5267896779140432,2,FALSE,74.1857788205039,0
00-0035624,N'Keal Harry,TE,2021,10,28.4,2.84,23.7070499657769,32,2,57,33,309,457,2,0.199991067544622,0.212638207318722,NA,NA,73.9,5.68461538461538,13,FALSE,0,-4.238815247798903,65.31543463133406,0.4723516745873113,3,FALSE,99.31220378490926,0
00-0035624,N'Keal Harry,TE,2022,6,24.6,4.1,24.7063655030801,32,3,22,12,184,327,0,0.106407516065098,0.161447969922584,NA,NA,28.4,2.84,10,TRUE,1,-2.8481260497613583,62.11011351909185,0.5416291982158619,0,TRUE,99.6312956406138,0.106407516065098
00-0035628,D'Ernest Johnson,RB,2020,14,21,1.5,24.5119780971937,NA,1,7,6,71,34,4,0.0929596719070403,0.0532201854492641,8,0.08625,15.2,1.52,10,FALSE,1,-0.5896550513259056,63.38685406454249,0.5430471721587525,0,TRUE,91.39560576824717,0
00-0035628,D'Ernest Johnson,RB,2021,13,104.1,8.00769230769231,25.5112936344969,NA,2,4,3,14,0,33,0.0340068319838057,7.9857936266043e-4,12,0.105,21,1.5,14,FALSE,0,-1.61018073558807,62.5,0.46808510638297895,1,FALSE,93.3197777467908,0
00-0035628,D'Ernest Johnson,RB,2022,9,5.4,0.6,26.5106091718001,NA,3,25,19,137,6,100,0.13995427017674,0.0098091826943625,14,0.367857142857143,104.1,8.00769230769231,13,FALSE,0,-3.175694760403078,61.836291725562674,0.46540353266213097,2,FALSE,70.13043117440901,0
00-0035628,D'Ernest Johnson,RB,2023,16,34.8,2.175,27.5099247091034,NA,4,3,3,7,-1,4,0.0415499533146592,-1.3201944429666e-4,6,0.085,5.4,0.6,9,TRUE,0,-1.3488422968493057,64.25181382193803,0.5645692856581886,2,FALSE,50.58687746508861,0.0415499533146592
00-0035628,D'Ernest Johnson,RB,2024,12,35.9,2.99166666666667,28.5119780971937,NA,5,12,10,140,10,41,0.0502585974683311,-5.7592259550696e-4,17,0.165882352941176,34.8,2.175,16,FALSE,0,-0.16653390748279134,64.32353884647833,0.5623575634262084,3,FALSE,25.648912801362936,0
00-0035628,D'Ernest Johnson,RB,2025,5,2.5,0.5,29.5112936344969,NA,6,19,12,96,7,32,0.0948515630978429,-0.0112119134882363,13,0.246923076923077,35.9,2.99166666666667,12,TRUE,1,-5.244402479179989,64.19506391873436,0.4758346739648673,4,FALSE,7.711988601272322,0.0948515630978429
00-0035631,Drew Sample,TE,2020,16,78.9,4.93125,24.3778234086242,52,1,6,5,30,42,0,0.049934170623825803,0.062567903297846,9,0.18,8,1.6,5,FALSE,0,0.747418243329004,64.625,0.617021276595745,1,FALSE,99.31220378490926,0
00-0035631,Drew Sample,TE,2021,10,19.1,1.91,25.3771389459274,52,2,53,40,349,222,0,0.137388315440569,0.0685283572348942,16,0.809375,78.9,4.93125,16,FALSE,0,2.510348320281197,64.50024224806202,0.5993945381770283,2,FALSE,99.6312956406138,0
00-0035631,Drew Sample,TE,2022,2,1.8,0.9,26.3764544832307,52,3,17,12,85,46,0,0.0669921019310634,0.0220928012235817,21,0.42,19.1,1.91,10,FALSE,0,2.677685954614587,63.142209216222355,0.5919254926756715,3,FALSE,96.309286703009,0
00-0035631,Drew Sample,TE,2023,14,50.3,3.59285714285714,27.3757700205339,52,4,2,2,-2,-2,0,0.0237196765498652,-0.00726207671320815,2,0.215,1.8,0.9,2,FALSE,0,4.526730966061893,63.31439633983992,0.591176217626744,4,FALSE,82.4617658561213,0
00-0035631,Drew Sample,TE,2024,11,36.5,3.31818181818182,28.3778234086242,52,5,27,22,163,29,0,0.0739023951100596,0.00465730469497898,17,0.451176470588235,50.3,3.59285714285714,14,FALSE,1,-2.3927249464459472,61.20751703093519,0.5382602054028329,0,TRUE,79.89857189040993,0
00-0035631,Drew Sample,TE,2025,12,31.9,2.65833333333333,29.3771389459274,52,6,22,20,109,34,1,0.0678520984070049,0.0116030219613846,17,0.571764705882353,36.5,3.31818181818182,11,FALSE,0,10.0828731123803,62.705882352941195,0.66504854368932,1,FALSE,63.568368273025115,0
00-0035639,Parris Campbell,WR,2020,2,14.7,7.35,23.129363449692,59,1,24,18,127,188,4,0.137753693233766,0.125203494593855,7,0.407142857142857,38.1,5.44285714285714,7,FALSE,0,-1.4780427979098418,63.517716535433074,0.599127942885572,2,FALSE,86.5765769116426,0
00-0035639,Parris Campbell,WR,2021,6,32.2,5.36666666666667,24.1286789869952,59,2,9,6,71,107,2,0.195652173913043,0.370242214532872,2,0.425,14.7,7.35,2,FALSE,1,-1.3326053848525747,62.44109108555703,0.5569567092023618,0,TRUE,98.73749318926043,0
00-0035639,Parris Campbell,WR,2022,17,149.1,8.77058823529412,25.1279945242984,59,3,20,10,162,334,0,0.121685250249525,0.23496458756024,6,0.44,32.2,5.36666666666667,6,FALSE,1,-2.8481260497613583,62.11011351909185,0.5416291982158619,0,TRUE,99.63768087860034,0
00-0035639,Parris Campbell,WR,2023,10,30.4,3.04,26.1273100616016,59,4,91,63,623,582,5,0.198520756386402,0.198017291118517,17,0.851764705882353,149.1,8.77058823529412,17,TRUE,0,-3.35433829889119,62.4736842105263,0.436619718309859,1,FALSE,91.5505700173843,0.198520756386402
00-0035639,Parris Campbell,WR,2024,4,15,3.75,27.129363449692,59,5,27,20,104,91,0,0.142145857016547,0.0915521243913838,11,0.292727272727273,30.4,3.04,10,TRUE,1,-2.8661339040731684,66.57601057433756,0.5607137647104727,4,FALSE,75.0135249983918,0.142145857016547
00-0035639,Parris Campbell,WR,2025,1,0,0,28.1286789869952,59,6,8,6,30,34,0,0.0991359187353102,0.0405581260844419,7,0.368571428571429,15,3.75,4,TRUE,1,-2.3156060854344385,60.48222947073567,0.5428931050762806,0,TRUE,54.07189796423326,0.0991359187353102
00-0035640,DK Metcalf,WR,2020,16,271.3,16.95625,22.715947980835,64,1,114,69,1119,1512,2,0.232829566884324,0.327307133982343,18,0.846111111111111,187.1,11.69375,16,FALSE,0,-7.49088804122155,62.333907214115975,0.5482848076249452,2,FALSE,86.5765769116426,0
00-0035640,DK Metcalf,WR,2021,17,244.3,14.3705882352941,23.7152635181383,64,2,140,88,1399,1964,0,0.287334596634335,0.430895870888718,17,0.924117647058823,271.3,16.95625,16,FALSE,1,-1.3326053848525747,62.44109108555703,0.5569567092023618,0,TRUE,98.73749318926043,0
00-0035640,DK Metcalf,WR,2022,17,226.8,13.3411764705882,24.7145790554415,64,3,129,75,967,1636,1,0.299232312090839,0.382549732802742,17,0.835294117647059,244.3,14.3705882352941,17,FALSE,0,-4.28740337043254,55.5882352941176,0.544715447154472,1,FALSE,99.63768087860034,0
00-0035640,DK Metcalf,WR,2023,16,225.4,14.0875,25.7138945927447,64,4,154,100,1184,1760,0,0.283405516520947,0.383555931908141,18,0.825555555555556,226.8,13.3411764705882,17,FALSE,0,-0.39381781134052657,58.372619539887225,0.5632543451476695,2,FALSE,91.5505700173843,0
00-0035640,DK Metcalf,WR,2024,15,191.2,12.7466666666667,26.715947980835,64,5,119,66,1114,1529,0,0.245647488709223,0.410458613603219,16,0.843125,225.4,14.0875,16,FALSE,1,-2.3927249464459472,61.20751703093519,0.5382602054028329,0,TRUE,75.0135249983918,0
00-0035640,DK Metcalf,WR,2025,15,187.2,12.48,27.7152635181383,64,6,108,66,992,1481,0,0.230236319974304,0.419365523098953,15,0.86,191.2,12.7466666666667,15,TRUE,0,-6.551421263838917,60.54958485906386,0.498988084765842,3,FALSE,54.07189796423326,0.230236319974304
00-0035644,Noah Fant,TE,2020,14,149.3,10.6642857142857,22.7816563997262,20,1,66,40,562,503,3,0.177650642084955,0.155240051773541,16,0.684375,111,6.9375,16,FALSE,1,-0.5896550513259056,63.38685406454249,0.5430471721587525,0,TRUE,74.1857788205039,0
00-0035644,Noah Fant,TE,2021,16,159,9.9375,23.7809719370294,20,2,93,62,673,626,0,0.216379016868531,0.191436903245368,15,0.716,149.3,10.6642857142857,14,FALSE,0,-5.25500442379632,63.5,0.616666666666667,1,FALSE,99.31220378490926,0
00-0035644,Noah Fant,TE,2022,17,122.6,7.21176470588235,24.7802874743326,20,3,90,68,670,540,0,0.197633313418728,0.136854210596743,16,0.844375,159,9.9375,16,TRUE,0,-4.28740337043254,55.5882352941176,0.544715447154472,1,FALSE,99.6312956406138,0.197633313418728
00-0035644,Noah Fant,TE,2023,15,73.4,4.89333333333333,25.7796030116359,20,4,65,51,497,416,0,0.137666942838858,0.129708555385102,18,0.598333333333333,122.6,7.21176470588235,17,FALSE,0,-0.39381781134052657,58.372619539887225,0.5632543451476695,2,FALSE,96.309286703009,0
00-0035644,Noah Fant,TE,2024,14,104,7.42857142857143,26.7816563997262,20,5,43,32,414,298,0,0.114797576030993,0.107685441693418,17,0.541764705882353,73.4,4.89333333333333,15,FALSE,1,-2.3927249464459472,61.20751703093519,0.5382602054028329,0,TRUE,82.4617658561213,0
00-0035644,Noah Fant,TE,2025,13,74.8,5.75384615384615,27.7809719370294,20,6,64,48,500,339,0,0.158928230834161,0.114041580241866,14,0.632857142857143,104,7.42857142857143,14,TRUE,0,10.0828731123803,62.705882352941195,0.66504854368932,1,FALSE,79.89857189040993,0.158928230834161
00-0035645,Gunner Olszewski,WR,2020,13,19.5,1.5,23.7645448323066,NA,1,4,2,34,24,0,0.0608304297328688,0.0720731902626521,5,0.196,3.4,0.425,8,FALSE,0,-0.3245495508298596,67.3079364552042,0.5267896779140432,2,FALSE,98.73749318926043,0
00-0035645,Gunner Olszewski,WR,2021,16,6,0.375,24.7638603696099,NA,2,5,5,62,27,5,0.0477871148459384,0.0358275485855557,8,0.19625,19.5,1.5,13,FALSE,0,-4.238815247798903,65.31543463133406,0.4723516745873113,3,FALSE,99.63768087860034,0
00-0035645,Gunner Olszewski,WR,2022,15,12.2,0.813333333333333,25.7631759069131,NA,3,3,2,31,29,1,0.026010101010101,0.0264896429620573,10,0.093,6,0.375,16,TRUE,1,-2.8481260497613583,62.11011351909185,0.5416291982158619,0,TRUE,91.5505700173843,0.026010101010101
00-0035645,Gunner Olszewski,WR,2023,12,-3,-0.25,26.762491444216302,NA,4,7,5,53,57,8,0.0645649927726086,0.0554765790799335,14,0.225714285714286,12.2,0.813333333333333,15,TRUE,0,-3.35433829889119,62.4736842105263,0.436619718309859,1,FALSE,75.0135249983918,0.0645649927726086
00-0035652,Ryan Finley,QB,2020,4,21.16,5.29,25.6837782340862,104,1,0,0,0,0,10,0,0,3,1,26.66,8.88666666666667,3,FALSE,0,0.747418243329004,64.625,0.617021276595745,1,FALSE,94.39609488384028,0
00-0035657,Damien Harris,RB,2020,10,91.3,9.13,23.5537303216975,87,1,0,0,0,0,4,0,0,1,0.06,1.2,1.2,1,FALSE,0,-0.3245495508298596,67.3079364552042,0.5267896779140432,2,FALSE,99.37614309886182,0
00-0035657,Damien Harris,RB,2021,15,210.1,14.0066666666667,24.5530458590007,87,2,7,5,52,-3,137,0.058469547354804,-0.00796278844567339,10,0.401,91.3,9.13,10,FALSE,0,-4.238815247798903,65.31543463133406,0.4723516745873113,3,FALSE,91.39560576824717,0
00-0035657,Damien Harris,RB,2022,11,90.9,8.26363636363636,25.5523613963039,87,3,22,19,139,-1,211,0.0624086191741138,0.00380689842679085,16,0.4075,210.1,14.0066666666667,15,FALSE,1,-2.8481260497613583,62.11011351909185,0.5416291982158619,0,TRUE,93.3197777467908,0
00-0035657,Damien Harris,RB,2023,6,19,3.16666666666667,26.5516769336071,87,4,23,17,97,25,106,0.082783817726273,0.0155714559512546,11,0.340909090909091,90.9,8.26363636363636,11,TRUE,0,5.29349471715236,63.77777777777781,0.586734693877551,1,FALSE,70.13043117440901,0.082783817726273
00-0035659,Terry McLaurin,WR,2020,15,223.8,14.92,24.9637234770705,76,1,93,58,919,1304,0,0.252956044838283,0.427420757024854,14,0.929285714285714,191.9,13.7071428571429,14,FALSE,1,-0.5896550513259056,63.38685406454249,0.5430471721587525,0,TRUE,99.63768087860034,0
00-0035659,Terry McLaurin,WR,2021,17,213.5,12.5588235294118,25.9630390143737,76,2,141,93,1193,1371,2,0.275190139977268,0.441800069156983,16,0.93375,223.8,14.92,15,FALSE,0,1.26828816587635,65,0.551948051948052,1,FALSE,91.5505700173843,0
00-0035659,Terry McLaurin,WR,2022,17,229,13.4705882352941,26.9623545516769,76,3,130,77,1053,1707,1,0.269727416384242,0.434083791187293,17,0.898823529411765,213.5,12.5588235294118,17,FALSE,0,-0.4798819167791796,63.64768431644504,0.5435222878010671,2,FALSE,75.0135249983918,0
00-0035659,Terry McLaurin,WR,2023,17,203.2,11.9529411764706,27.9616700889801,76,4,120,77,1191,1549,7,0.25658839539441203,0.392639660730168,17,0.894705882352941,229,13.4705882352941,17,FALSE,1,9.995467900260666,63.23119450037804,0.6354203032875844,5,FALSE,54.07189796423326,0
00-0035659,Terry McLaurin,WR,2024,17,267.8,15.7529411764706,28.9637234770705,76,5,132,79,1002,1514,0,0.251994571143048,0.348794544318483,17,0.851764705882353,203.2,11.9529411764706,17,FALSE,1,-2.3927249464459472,61.20751703093519,0.5382602054028329,0,TRUE,37.932505764701475,0
00-0035659,Terry McLaurin,WR,2025,10,114.2,11.42,29.9630390143737,76,6,140,96,1323,1770,2,0.255001898329588,0.397800623639972,20,0.8125,267.8,15.7529411764706,17,FALSE,0,1.05845290147838,65,0.4615384615384619,1,FALSE,22.163851430919827,0
00-0035662,Marquise Brown,WR,2020,16,183,11.4375,23.2443531827515,25,1,82,53,710,960,0,0.222881250756435,0.248128981575937,15,0.596666666666667,146.4,10.4571428571429,14,FALSE,0,-9.28535716243663,66.3529411764706,0.451086956521739,1,FALSE,86.5765769116426,0
00-0035662,Marquise Brown,WR,2021,16,226.3,14.14375,24.2436687200548,25,2,116,69,965,1554,3,0.295526136265892,0.435758884222599,18,0.782222222222222,183,11.4375,16,FALSE,0,-11.100175002691868,64.05516147206238,0.4510869565217391,2,FALSE,98.73749318926043,0
00-0035662,Marquise Brown,WR,2022,12,156,13,25.242984257358,25,3,146,91,1008,1622,1,0.280189536972194,0.322182826324056,16,0.795,226.3,14.14375,16,TRUE,0,2.1048884742145724,64.66575143138203,0.5689299557692652,6,FALSE,99.63768087860034,0.280189536972194
00-0035662,Marquise Brown,WR,2023,13,134.7,10.3615384615385,26.2422997946612,25,4,107,67,709,1205,1,0.251916356067978,0.364102387046964,12,0.910833333333333,156,13,12,FALSE,1,-1.1508133315416142,62.217587857511425,0.5305483396322973,0,TRUE,91.5505700173843,0
00-0035662,Marquise Brown,WR,2024,2,18.1,9.05,27.2443531827515,25,5,101,51,574,1186,2,0.272758305760454,0.394629371230994,14,0.850714285714286,134.7,10.3615384615385,13,TRUE,0,5.007275832550871,62.904761904761905,0.626126126126126,1,FALSE,75.0135249983918,0.272758305760454
00-0035662,Marquise Brown,WR,2025,16,137.7,8.60625,28.2436687200548,25,6,28,14,141,290,0,0.183646998594046,0.272313345184697,5,0.544,18.1,9.05,2,FALSE,0,5.300602599522808,62.06117943246481,0.6217951442008044,2,FALSE,54.07189796423326,0
00-0035664,Darrell Henderson,RB,2020,15,130.3,8.68666666666667,23.0362765229295,70,1,6,4,37,3,39,0.0821637426900585,0.00407999196060697,8,0.1825,22.4,2.48888888888889,9,FALSE,0,-1.701287477845543,60.1919347826087,0.5570514157122465,3,FALSE,96.89962194628248,0
00-0035664,Darrell Henderson,RB,2021,12,163.4,13.6166666666667,24.0355920602327,70,2,24,16,159,16,138,0.079221734573696,-0.00232029422176846,15,0.336,130.3,8.68666666666667,15,FALSE,0,-0.639111168038151,61.890182746738866,0.513483002919607,4,FALSE,99.37614309886182,0
00-0035664,Darrell Henderson,RB,2022,10,73.5,7.35,25.0349075975359,70,3,45,32,219,86,153,0.121635608581028,0.0258120731584832,13,0.639230769230769,163.4,13.6166666666667,12,FALSE,1,-2.8481260497613583,62.11011351909185,0.5416291982158619,0,TRUE,91.39560576824717,0
00-0035664,Darrell Henderson,RB,2023,4,43.5,10.875,26.0342231348392,70,4,22,17,102,28,70,0.0935972123757332,0.0172467866287966,10,0.528,73.5,7.35,10,FALSE,0,-3.35668263581916,58.0588235294118,0.595419847328244,1,FALSE,93.3197777467908,0
00-0035671,Jace Sternberger,TE,2020,8,29.4,3.675,24.1834360027378,75,1,4,3,15,22,0,0.0476499226499227,0.0287793473790734,7,0.218571428571429,0,0,3,FALSE,0,-0.2545699109913614,62.031798245614056,0.6079622132253715,2,FALSE,99.31220378490926,0
00-0035676,A.J. Brown,WR,2020,14,241.5,17.25,23.1731690622861,51,1,94,57,1115,1197,4,0.231625088800977,0.30727872115622,19,0.723157894736842,217.1,13.56875,16,FALSE,0,-6.43469719202592,57.4210526315789,0.513698630136986,1,FALSE,86.5765769116426,0
00-0035676,A.J. Brown,WR,2021,13,180.9,13.9153846153846,24.1724845995893,51,2,116,76,1158,1269,0,0.295281116887167,0.378271782283812,15,0.816,241.5,17.25,14,FALSE,1,-1.3326053848525747,62.44109108555703,0.5569567092023618,0,TRUE,98.73749318926043,0
00-0035676,A.J. Brown,WR,2022,17,299.6,17.6235294117647,25.1718001368925,51,3,114,68,1011,1410,2,0.324569991101854,0.498187332449754,14,0.708571428571429,180.9,13.9153846153846,13,TRUE,0,-2.875325229137859,64.61005036393115,0.5261283996235602,3,FALSE,99.63768087860034,0.324569991101854
00-0035676,A.J. Brown,WR,2023,17,289.6,17.0352941176471,26.1711156741958,51,4,167,101,1642,2040,0,0.303049090768296,0.42177934436032,20,0.844,299.6,17.6235294117647,17,FALSE,1,-1.1508133315416142,62.217587857511425,0.5305483396322973,0,TRUE,91.5505700173843,0
00-0035676,A.J. Brown,WR,2024,13,216.9,16.6846153846154,27.1731690622861,51,5,158,106,1456,1853,0,0.341886475144853,0.427616149645888,17,0.888823529411765,289.6,17.0352941176471,17,FALSE,1,-2.8661339040731684,66.57601057433756,0.5607137647104727,4,FALSE,75.0135249983918,0
00-0035676,A.J. Brown,WR,2025,15,220.3,14.6866666666667,28.1724845995893,51,6,120,79,1242,1483,0,0.356198472816253,0.509616788739049,17,0.878235294117647,216.9,16.6846153846154,13,FALSE,1,-2.3156060854344385,60.48222947073567,0.5428931050762806,0,TRUE,54.07189796423326,0
00-0035685,David Montgomery,RB,2020,15,264.8,17.6533333333333,23.2361396303901,73,1,35,25,185,94,242,0.104072589070864,0.0261372612234582,16,0.578125,170.4,10.65,16,FALSE,1,0.935528214695384,58.0625,0.621848739495798,1,FALSE,96.89962194628248,0
00-0035685,David Montgomery,RB,2021,13,196,15.0769230769231,24.2354551676934,73,2,69,54,438,68,259,0.136112347027812,0.0159005047580881,16,0.745,264.8,17.6533333333333,15,FALSE,0,-0.43053437265560734,61.001407270225165,0.6069410342534227,2,FALSE,99.37614309886182,0
00-0035685,David Montgomery,RB,2022,16,177.7,11.10625,25.2347707049966,73,3,51,42,301,45,225,0.178814303752019,0.0205020968346606,13,0.751538461538461,196,15.0769230769231,13,FALSE,1,-2.8481260497613583,62.11011351909185,0.5416291982158619,0,TRUE,91.39560576824717,0
00-0035685,David Montgomery,RB,2023,14,207.2,14.8,26.2340862422998,73,4,40,34,316,51,201,0.169438263612917,0.0258531773717197,16,0.6475,177.7,11.10625,16,TRUE,0,-3.7693556183232695,63.294117647058805,0.507853403141361,1,FALSE,93.3197777467908,0.169438263612917
00-0035685,David Montgomery,RB,2024,14,221.72,15.8371428571429,27.2361396303901,73,5,31,22,162,-12,258,0.098170223168719,-0.00257686884777469,17,0.488235294117647,207.2,14.8,14,FALSE,0,-3.7816319045922993,64.31060134015775,0.4870263163546411,2,FALSE,70.13043117440901,0
00-0035685,David Montgomery,RB,2025,17,166.92,9.81882352941177,28.2354551676934,73,6,38,36,341,-18,192,0.103243461994172,-0.00700053449942552,15,0.407333333333333,221.72,15.8371428571429,14,FALSE,1,-2.3156060854344385,60.48222947073567,0.5428931050762806,0,TRUE,50.58687746508861,0
00-0035689,Dawson Knox,TE,2020,11,66.8,6.07272727272727,23.7973990417522,96,1,52,29,402,467,1,0.128887050991462,0.122614799090529,16,0.645,79.7,5.31333333333333,15,FALSE,0,-2.5026045642574752,62.974983015342815,0.5184767480822224,2,FALSE,99.31220378490926,0
00-0035689,Dawson Knox,TE,2021,15,164.1,10.94,24.7967145790554,96,2,57,34,353,401,0,0.12877344250063,0.0964565566166263,15,0.600666666666667,66.8,6.07272727272727,11,FALSE,0,1.6002689201484088,62.7547023148179,0.5516260061675191,3,FALSE,99.6312956406138,0
00-0035689,Dawson Knox,TE,2022,15,135.7,9.04666666666667,25.7960301163587,96,3,80,56,685,606,0,0.163260886108541,0.146877040704159,17,0.878823529411765,164.1,10.94,15,FALSE,1,-2.8481260497613583,62.11011351909185,0.5416291982158619,0,TRUE,96.309286703009,0
00-0035689,Dawson Knox,TE,2023,10,54.6,5.46,26.7953456536619,96,4,77,56,602,616,0,0.16587778737522,0.147366983659649,17,0.805294117647059,135.7,9.04666666666667,15,FALSE,0,5.29349471715236,63.77777777777781,0.586734693877551,1,FALSE,82.4617658561213,0
00-0035689,Dawson Knox,TE,2024,14,59.1,4.22142857142857,27.7973990417522,96,5,39,24,199,271,0,0.121594338202428,0.0841275188043262,14,0.572142857142857,54.6,5.46,10,FALSE,1,-0.8649786736527051,62.918497519489705,0.4885280251440543,2,FALSE,79.89857189040993,0
00-0035689,Dawson Knox,TE,2025,16,103.7,6.48125,28.7967145790554,96,6,39,26,356,385,0,0.0949833089678935,0.133837804867109,19,0.599473684210526,59.1,4.22142857142857,14,FALSE,0,-1.7945790111540487,61.81365180352616,0.4638303406066273,3,FALSE,63.568368273025115,0
00-0035700,Josh Jacobs,RB,2020,15,231.3,15.42,22.5544147843943,24,1,27,20,166,-34,242,0.0981378659395386,-0.0261100082793636,NA,NA,191.6,14.7384615384615,13,FALSE,0,-0.6006980829077988,61.12525562372189,0.537748270162759,2,FALSE,96.89962194628248,0
00-0035700,Josh Jacobs,RB,2021,15,226,15.0666666666667,23.5537303216975,24,2,45,33,238,33,273,0.11708160154075,0.0109826815286879,15,0.612666666666667,231.3,15.42,15,FALSE,0,-0.5850600027418753,62.090991104397446,0.5329616513244375,3,FALSE,99.37614309886182,0
00-0035700,Josh Jacobs,RB,2022,17,328.3,19.3117647058824,24.5530458590007,24,3,69,58,392,-23,230,0.150208803758827,-0.0114257004086613,16,0.635625,226,15.0666666666667,15,FALSE,1,-2.8481260497613583,62.11011351909185,0.5416291982158619,0,TRUE,91.39560576824717,0
00-0035700,Josh Jacobs,RB,2023,13,181.1,13.9307692307692,25.5523613963039,24,4,64,53,400,35,340,0.144726613325369,0.00941639584694105,17,0.741176470588235,328.3,19.3117647058824,17,FALSE,0,-4.47041026144887,61.4117647058824,0.621212121212121,1,FALSE,93.3197777467908,0
00-0035700,Josh Jacobs,RB,2024,17,293.1,17.2411764705882,26.5544147843943,24,5,54,37,296,38,233,0.183314653736908,0.0131321784427583,13,0.760769230769231,181.1,13.9307692307692,13,TRUE,0,-1.7662823394448042,60.63912246191722,0.5625477763012525,2,FALSE,70.13043117440901,0.183314653736908
00-0035700,Josh Jacobs,RB,2025,15,237.1,15.8066666666667,27.5537303216975,24,6,46,39,382,-35,319,0.132348126263219,-0.0159707935402168,18,0.633333333333333,293.1,17.2411764705882,17,FALSE,0,-4.223375364931628,60.33658478307372,0.5392909912933972,3,FALSE,50.58687746508861,0
00-0035703,Miles Boykin,WR,2020,14,69.6,4.97142857142857,23.8877481177276,93,1,29,16,224,469,0,0.0924217773420825,0.162630106423467,17,0.403529411764706,50.8,4.23333333333333,12,FALSE,0,-9.28535716243663,66.3529411764706,0.451086956521739,1,FALSE,98.73749318926043,0
00-0035703,Miles Boykin,WR,2021,1,1.6,1.6,24.8870636550308,93,2,38,22,286,437,0,0.127648380066092,0.145477634398706,18,0.555,69.6,4.97142857142857,14,FALSE,0,-11.100175002691868,64.05516147206238,0.4510869565217391,2,FALSE,99.63768087860034,0
00-0035703,Miles Boykin,WR,2022,10,3.1,0.31,25.886379192334,93,3,1,1,6,6,0,0.037037037037037,0.0335195530726257,5,0.088,1.6,1.6,1,TRUE,1,-2.8481260497613583,62.11011351909185,0.5416291982158619,0,TRUE,91.5505700173843,0.037037037037037
00-0035703,Miles Boykin,WR,2023,8,4.7,0.5875,26.8856947296372,93,4,3,2,11,46,0,0.0314179725944432,0.0488607000234907,14,0.137142857142857,3.1,0.31,10,FALSE,0,-4.60431391612077,64.5882352941177,0.5,1,FALSE,75.0135249983918,0
00-0035704,Drew Lock,QB,2020,13,196.32,15.1015384615385,23.8083504449008,42,1,0,0,0,0,18,0,0,5,1,71,14.2,5,FALSE,1,-0.5896550513259056,63.38685406454249,0.5430471721587525,0,TRUE,100.67668139230038,0
00-0035704,Drew Lock,QB,2021,6,53.88,8.98,24.807665982204,42,2,0,0,0,0,44,0,0,13,0.935384615384615,196.32,15.1015384615385,13,FALSE,0,-5.25500442379632,63.5,0.616666666666667,1,FALSE,97.53698303935931,0
00-0035704,Drew Lock,QB,2024,7,85.14,12.1628571428571,27.8083504449008,42,5,0,0,0,0,5,0,0,4,0.6075,32.12,8.03,4,TRUE,0,-2.854991123740784,62.00404474183561,0.4541853689806619,2,FALSE,89.57744281082132,0
00-0035704,Drew Lock,QB,2025,3,0.1,0.0333333333333333,28.807665982204,42,6,0,0,0,0,18,0,0,7,0.745714285714286,85.14,12.1628571428571,7,TRUE,1,-2.673629810734993,60.52350065055126,0.4813981445744344,4,FALSE,82.32277997365468,0
00-0035710,Daniel Jones,QB,2020,14,190.02,13.5728571428571,23.2662559890486,6,1,0,0,0,0,45,0,0,13,0.928461538461538,226.98,17.46,13,FALSE,1,-0.5896550513259056,63.38685406454249,0.5430471721587525,0,TRUE,98.00322351301972,0
00-0035710,Daniel Jones,QB,2021,11,174.52,15.8654545454545,24.2655715263518,6,2,0,0,0,0,65,0,0,14,0.966428571428571,190.02,13.5728571428571,14,FALSE,0,-1.58459729902941,59.125,0.608,1,FALSE,100.67668139230038,0
00-0035710,Daniel Jones,QB,2022,16,294,18.375,25.264887063655,6,3,1,1,16,13,62,0.0303030303030303,0.0575221238938053,11,0.948181818181818,174.52,15.8654545454545,11,FALSE,1,-2.8481260497613583,62.11011351909185,0.5416291982158619,0,TRUE,97.53698303935931,0
00-0035710,Daniel Jones,QB,2023,6,62.96,10.4933333333333,26.2642026009582,6,4,0,0,0,0,143,0,0,18,0.972222222222222,294,18.375,16,FALSE,0,-3.35433829889119,62.4736842105263,0.436619718309859,1,FALSE,94.39609488384028,0
00-0035710,Daniel Jones,QB,2024,10,142.3,14.23,27.2662559890486,6,5,0,0,0,0,40,0,0,6,0.813333333333333,62.96,10.4933333333333,6,FALSE,0,-2.854991123740784,62.00404474183561,0.4541853689806619,2,FALSE,100.1093045339178,0
00-0035710,Daniel Jones,QB,2025,13,234.44,18.0338461538462,28.2655715263518,6,6,0,0,0,0,67,0,0,10,0.979,142.3,14.23,10,TRUE,0,-5.206003754852174,62.90759972111114,0.4735640946273987,3,FALSE,89.57744281082132,0
00-0035719,Deebo Samuel Sr.,WR,2020,7,80.7,11.5285714285714,24.6297056810404,36,1,99,67,929,759,20,0.221206367830075,0.248756177481535,18,0.735,189.1,12.6066666666667,15,FALSE,0,-3.102495686243507,61.28793246227456,0.5274926331530104,2,FALSE,99.63768087860034,0
00-0035719,Deebo Samuel Sr.,WR,2021,16,338.96,21.185,25.6290212183436,36,2,44,33,391,110,8,0.255013521270695,0.0597890948095184,7,0.644285714285714,80.7,11.5285714285714,7,FALSE,1,-1.3326053848525747,62.44109108555703,0.5569567092023618,0,TRUE,91.5505700173843,0
00-0035719,Deebo Samuel Sr.,WR,2022,13,168.4,12.9538461538462,26.6283367556468,36,3,135,87,1559,1061,86,0.297008510911308,0.298960104709205,19,0.791578947368421,338.96,21.185,16,FALSE,1,-2.8481260497613583,62.11011351909185,0.5416291982158619,0,TRUE,75.0135249983918,0
00-0035719,Deebo Samuel Sr.,WR,2023,15,243.7,16.2466666666667,27.62765229295,36,4,116,69,843,562,55,0.26318857583777,0.169359740719008,16,0.784375,168.4,12.9538461538462,13,FALSE,1,-2.29091030889994,62.8823529411765,0.502958579881657,1,FALSE,54.07189796423326,0
00-0035719,Deebo Samuel Sr.,WR,2024,15,153.6,10.24,28.6297056810404,36,5,111,73,1038,750,43,0.270870367107781,0.225113425259099,18,0.707222222222222,243.7,16.2466666666667,15,FALSE,0,-1.746163993703397,61.15189530920728,0.48150446254666934,2,FALSE,37.932505764701475,0
00-0035719,Deebo Samuel Sr.,WR,2025,16,188.2,11.7625,29.6290212183436,36,6,81,51,670,551,42,0.231335283555798,0.187365535766739,15,0.731333333333333,153.6,10.24,15,TRUE,0,1.05845290147838,65,0.4615384615384619,1,FALSE,22.163851430919827,0.231335283555798
00-0035726,Jakob Johnson,RB,2020,8,17.5,2.1875,25.7138945927447,NA,1,2,1,5,7,0,0.05,0.0219435736677116,NA,NA,1.5,1.5,1,FALSE,0,-0.3245495508298596,67.3079364552042,0.5267896779140432,2,FALSE,93.3197777467908,0
00-0035726,Jakob Johnson,RB,2021,6,8.3,1.38333333333333,26.7132101300479,NA,2,9,8,35,15,0,0.0605538743568839,0.0226736393832836,NA,NA,17.5,2.1875,8,FALSE,0,-4.238815247798903,65.31543463133406,0.4723516745873113,3,FALSE,70.13043117440901,0
00-0035726,Jakob Johnson,RB,2022,11,6,0.545454545454545,27.7125256673511,NA,3,6,4,43,11,0,0.0464127586518478,0.00870897808310191,NA,NA,8.3,1.38333333333333,6,TRUE,1,-2.8481260497613583,62.11011351909185,0.5416291982158619,0,TRUE,50.58687746508861,0.0464127586518478
00-0035726,Jakob Johnson,RB,2023,8,2.2,0.275,28.7118412046543,NA,4,6,5,10,7,0,0.0337427690110869,0.00412226391414175,NA,NA,6,0.545454545454545,11,FALSE,0,-4.47041026144887,61.4117647058824,0.621212121212121,1,FALSE,25.648912801362936,0
00-0035726,Jakob Johnson,RB,2024,1,0,0,29.7138945927447,NA,5,2,1,12,6,0,0.0526315789473684,0.0235294117647059,NA,NA,2.2,0.275,8,TRUE,0,-2.854991123740784,62.00404474183561,0.4541853689806619,2,FALSE,7.711988601272322,0.0526315789473684
00-0035726,Jakob Johnson,RB,2025,2,0,0,30.7132101300479,NA,6,0,0,0,0,0,0,0,NA,NA,0,0,1,TRUE,0,-2.5050011258412974,60.992172224454286,0.5055515164721399,3,FALSE,0,0
00-0035752,Chris Streveler,QB,2021,2,2.04,1.02,26.652977412731,NA,1,0,0,0,0,4,0,0,3,0.183333333333333,8.7,4.35,2,FALSE,0,0.8673730317946872,64.20348050458715,0.5632598072358128,4,FALSE,100.1093045339178,0
00-0035752,Chris Streveler,QB,2022,1,9,9,27.6522929500342,NA,2,0,0,0,0,3,0,0,2,0.215,2.04,1.02,2,TRUE,0,-3.2398543233494106,61.92644902198673,0.5336580980676521,4,FALSE,89.57744281082132,0
00-0035771,Mitchell Wilcox,TE,2022,9,36.9,4.1,25.8151950718686,NA,2,5,3,16,19,0,0.172413793103448,0.115853658536585,17,0.102352941176471,4.6,1.15,4,FALSE,0,2.677685954614587,63.142209216222355,0.5919254926756715,3,FALSE,96.309286703009,0
00-0035771,Mitchell Wilcox,TE,2023,12,14.6,1.21666666666667,26.8145106091718,NA,3,22,19,158,92,0,0.0715884032966023,0.0436394446064328,19,0.436315789473684,36.9,4.1,9,FALSE,0,4.526730966061893,63.31439633983992,0.591176217626744,4,FALSE,82.4617658561213,0
00-0035806,JaMycal Hasty,RB,2021,11,49.5,4.5,24.9691991786448,NA,1,8,7,33,-19,39,0.0431290737448826,-0.020457178481022,7,0.204285714285714,31.1,5.18333333333333,6,FALSE,1,-1.3326053848525747,62.44109108555703,0.5569567092023618,0,TRUE,91.39560576824717,0
00-0035806,JaMycal Hasty,RB,2022,14,70,5,25.968514715948,NA,2,32,24,163,64,16,0.123302354420292,0.0332806113340977,14,0.192857142857143,49.5,4.5,11,TRUE,1,-1.41590982238568,66.1875,0.610294117647059,1,FALSE,93.3197777467908,0.123302354420292
00-0035806,JaMycal Hasty,RB,2023,1,0,0,26.9678302532512,NA,3,28,21,133,-31,50,0.119079656691898,-0.0155997593916664,18,0.231666666666667,70,5,14,FALSE,0,-1.3488422968493057,64.25181382193803,0.5645692856581886,2,FALSE,70.13043117440901,0
00-0035806,JaMycal Hasty,RB,2024,12,28.8,2.4,27.9698836413415,NA,4,2,0,0,24,0,0.0666666666666667,0.134078212290503,2,0.045,0,0,1,TRUE,1,-3.947551699890613,64.46824339329336,0.49696331073012767,4,FALSE,50.58687746508861,0.0666666666666667
00-0035823,Ben Ellefson,TE,2021,3,0,0,24.9993155373032,NA,1,4,1,10,45,0,0.0757575757575757,0.0823551732861118,7,0.301428571428571,4,1.33333333333333,3,TRUE,1,-1.3326053848525747,62.44109108555703,0.5569567092023618,0,TRUE,99.6312956406138,0.0757575757575757
00-0035823,Ben Ellefson,TE,2022,2,5.6,2.8,25.9986310746064,NA,2,1,0,0,7,0,0.032258064516129,0.0275590551181102,5,0.246,0,0,3,FALSE,1,-2.8481260497613583,62.11011351909185,0.5416291982158619,0,TRUE,96.309286703009,0
00-0035831,James Robinson,RB,2021,14,173.9,12.4214285714286,23.0636550308008,NA,1,60,49,344,-49,240,0.138051460103757,-0.0154637069013798,14,0.700714285714286,250.4,17.8857142857143,14,FALSE,1,-3.074511719805549,62.108863865123304,0.5780123029612375,2,FALSE,96.89962194628248,0
00-0035831,James Robinson,RB,2022,11,88.6,8.05454545454545,24.062970568104,NA,2,46,31,222,40,164,0.127341951085323,0.0252118045078933,14,0.596428571428571,173.9,12.4214285714286,14,FALSE,1,-1.41590982238568,66.1875,0.610294117647059,1,FALSE,99.37614309886182,0
00-0035831,James Robinson,RB,2023,1,1,1,25.0622861054073,NA,3,11,9,46,9,81,0.0577325497098502,-0.00883384472414646,7,0.454285714285714,88.6,8.05454545454545,11,TRUE,0,-2.11541747163147,60.7647058823529,0.588235294117647,1,FALSE,91.39560576824717,0.0577325497098502
00-0035835,Nathan Cottrell,RB,2021,3,0.3,0.1,25.0814510609172,NA,1,0,0,0,0,0,0,0,1,0.02,0,0,7,FALSE,1,-3.074511719805549,62.108863865123304,0.5780123029612375,2,FALSE,91.39560576824717,0
00-0035838,Matt Cole,WR,2021,1,0,0,24.8158795345654,NA,1,0,0,0,0,0,0,0,NA,NA,0,0,1,TRUE,0,1.97446778834423,61.25,0.5,1,FALSE,99.63768087860034,0
00-0035860,Tony Jones,RB,2021,10,22.1,2.21,23.7700205338809,NA,1,0,0,0,0,3,0,0,1,0.08,1.3,1.3,1,FALSE,0,-0.17176604021972183,62.57684815504885,0.5315089522252244,3,FALSE,99.37614309886182,0
00-0035860,Tony Jones,RB,2022,3,10.4,3.46666666666667,24.7693360711841,NA,2,8,5,29,1,54,0.0859063943303074,-0.00141158140396863,10,0.216,22.1,2.21,10,FALSE,0,-1.0017622280411616,62.17367515588611,0.5342540590250734,4,FALSE,91.39560576824717,0
00-0035860,Tony Jones,RB,2023,6,32.2,5.36666666666667,25.7686516084873,NA,3,2,2,12,-2,2,0.05,-0.00374531835205993,2,0.26,10.4,3.46666666666667,3,FALSE,0,-2.7801235815858245,61.55797462571899,0.5385562169808286,5,FALSE,93.3197777467908,0
00-0035860,Tony Jones,RB,2024,1,11.5,11.5,26.7707049965777,NA,4,6,4,21,-5,21,0.0980392156862745,-0.0071190781049936,4,0.3225,32.2,5.36666666666667,6,TRUE,0,-7.77746334075928,62.294117647058805,0.53968253968254,1,FALSE,70.13043117440901,0.0980392156862745
00-0035864,Kendall Hinton,WR,2021,11,38.54,3.50363636363636,24.5311430527036,NA,1,0,0,0,0,2,0,0,NA,NA,-0.78,-0.78,1,FALSE,0,-5.25500442379632,63.5,0.616666666666667,1,FALSE,99.63768087860034,0
00-0035864,Kendall Hinton,WR,2022,11,56.4,5.12727272727273,25.5304585900068,NA,2,23,15,175,185,0,0.0976404273767501,0.104168603117433,16,0.24875,38.54,3.50363636363636,11,FALSE,1,-2.8481260497613583,62.11011351909185,0.5416291982158619,0,TRUE,91.5505700173843,0
00-0035876,Andre Baccellia,WR,2023,1,0,0,26.6475017111567,NA,3,10,7,45,91,0,0.0555352705856625,0.0778994845450427,8,0.2,11.5,2.3,5,FALSE,1,-1.1508133315416142,62.217587857511425,0.5305483396322973,0,TRUE,75.0135249983918,0
00-0035891,Cody White,WR,2022,1,1.2,1.2,23.7590691307324,NA,2,6,5,33,38,0,0.0538752052545156,0.0438443875739674,8,0.1325,8.3,1.38333333333333,6,FALSE,1,-2.8481260497613583,62.11011351909185,0.5416291982158619,0,TRUE,98.73749318926043,0
00-0035891,Cody White,WR,2025,8,18,2.25,26.7597535934292,NA,5,3,2,44,40,0,0.0882352941176471,0.114613180515759,4,0.2175,6.4,3.2,2,FALSE,1,-2.673629810734993,60.52350065055126,0.4813981445744344,4,FALSE,75.0135249983918,0
00-0035924,Jonathan Ward,RB,2021,9,9.7,1.07777777777778,23.9206023271732,NA,1,1,1,11,-4,0,0.037037037037037,-0.0187793427230047,2,0.03,8.1,1.15714285714286,7,FALSE,0,0.8673730317946872,64.20348050458715,0.5632598072358128,4,FALSE,99.37614309886182,0
00-0035924,Jonathan Ward,RB,2022,4,5.2,1.3,24.9199178644764,NA,2,4,3,34,13,9,0.0340003465003465,0.00681530165083071,8,0.07875,9.7,1.07777777777778,9,TRUE,0,-8.58597987701735,64.9444444444444,0.55,1,FALSE,91.39560576824717,0.0340003465003465
00-0035924,Jonathan Ward,RB,2023,2,1.1,0.55,25.9192334017796,NA,3,3,2,7,4,5,0.0581546458739441,0.00641406523759465,2,0.075,5.2,1.3,4,FALSE,1,1.4135100279389323,60.4334680031692,0.6209852322499279,3,FALSE,93.3197777467908,0
00-0035924,Jonathan Ward,RB,2024,4,2.2,0.55,26.92128678987,NA,4,0,0,0,0,3,0,0,4,0.0375,1.1,0.55,2,TRUE,1,-7.120032313232597,60.03284145075934,0.496930334488184,2,FALSE,70.13043117440901,0
00-0035956,Giovanni Ricci,TE,2022,11,18,1.63636363636364,25.8754277891855,NA,2,2,0,0,23,0,0.0255167958656331,0.0366435233887369,NA,NA,0,0,8,FALSE,1,-2.8481260497613583,62.11011351909185,0.5416291982158619,0,TRUE,96.309286703009,0
00-0035956,Giovanni Ricci,TE,2023,2,1.2,0.6,26.8747433264887,NA,3,9,8,100,55,0,0.0618661223947962,0.0370350659515292,15,0.189333333333333,18,1.63636363636364,11,FALSE,1,-1.1508133315416142,62.217587857511425,0.5305483396322973,0,TRUE,82.4617658561213,0
00-0035957,Rodney Smith,RB,2021,1,9.8,9.8,25.5085557837098,NA,1,11,9,59,16,41,0.0737046858370388,0.0218960187217388,7,0.297142857142857,36.5,5.21428571428571,7,FALSE,0,1.97446778834423,61.25,0.5,1,FALSE,93.3197777467908,0
00-0035973,Patrick Taylor,RB,2022,6,5.8,0.966666666666667,24.3422313483915,NA,2,2,2,3,-2,23,0.0571428571428571,-0.00925925925925926,6,0.16,17.2,3.44,5,FALSE,1,-2.8481260497613583,62.11011351909185,0.5416291982158619,0,TRUE,99.37614309886182,0
00-0035973,Patrick Taylor,RB,2023,11,30,2.72727272727273,25.3415468856947,NA,3,1,1,17,0,10,0.0263157894736842,0,5,0.1,5.8,0.966666666666667,6,FALSE,0,-2.11541747163147,60.7647058823529,0.588235294117647,1,FALSE,91.39560576824717,0
00-0035973,Patrick Taylor,RB,2024,7,29.8,4.25714285714286,26.3436002737851,NA,4,17,11,49,-8,35,0.0935825034203061,-0.00375350050990408,13,0.289230769230769,30,2.72727272727273,11,TRUE,0,-1.746163993703397,61.15189530920728,0.48150446254666934,2,FALSE,93.3197777467908,0.0935825034203061
00-0035976,Dan Chisena,WR,2021,2,0,0,24.5147159479808,NA,1,0,0,0,0,0,0,0,NA,NA,0,0,7,FALSE,1,-1.3326053848525747,62.44109108555703,0.5569567092023618,0,TRUE,99.63768087860034,0
00-0035976,Dan Chisena,WR,2022,2,0,0,25.5140314852841,NA,2,0,0,0,0,0,0,0,5,0.032,0,0,2,FALSE,1,-2.8481260497613583,62.11011351909185,0.5416291982158619,0,TRUE,91.5505700173843,0
00-0035976,Dan Chisena,WR,2023,1,0,0,26.5133470225873,NA,3,0,0,0,0,0,0,0,NA,NA,0,0,2,TRUE,1,-1.1508133315416142,62.217587857511425,0.5305483396322973,0,TRUE,75.0135249983918,0
00-0035976,Dan Chisena,WR,2024,4,6.7,1.675,27.5154004106776,NA,4,0,0,0,0,0,0,0,1,0.01,0,0,1,TRUE,1,-0.93537900248378,60.73684210526321,0.633093525179856,1,FALSE,54.07189796423326,0
00-0035993,Tyler Huntley,QB,2021,7,86.64,12.3771428571429,23.5756331279945,NA,1,0,0,0,0,13,0,0,3,0.22,2.9,1.45,2,FALSE,0,-11.100175002691868,64.05516147206238,0.4510869565217391,2,FALSE,100.67668139230038,0
00-0035993,Tyler Huntley,QB,2022,5,53.02,10.604,24.5749486652977,NA,2,0,0,0,0,47,0,0,7,0.725714285714286,86.64,12.3771428571429,7,FALSE,0,-7.907648010302149,65.67061259167201,0.49385102749788146,3,FALSE,97.53698303935931,0
00-0035993,Tyler Huntley,QB,2023,5,25.62,5.124,25.574264202601,NA,3,0,0,0,0,52,0,0,7,0.784285714285714,53.02,10.604,5,FALSE,1,3.4864180115215095,62.878328770532605,0.6282900360853253,2,FALSE,94.39609488384028,0
00-0035993,Tyler Huntley,QB,2024,5,63.66,12.732,26.5763175906913,NA,4,0,0,0,0,15,0,0,5,0.284,25.62,5.124,5,TRUE,0,1.6387244690867036,59.873498324310376,0.5398887365534697,2,FALSE,100.1093045339178,0
00-0035993,Tyler Huntley,QB,2025,5,40.14,8.028,27.5756331279945,NA,5,0,0,0,0,26,0,0,5,0.934,63.66,12.732,5,TRUE,0,0.4558089730608386,62.2806738134938,0.5473334568380964,4,FALSE,89.57744281082132,0
00-0036005,Noah Togiai,TE,2021,1,0,0,24.1560574948665,NA,1,1,0,0,3,0,0.04,0.020979020979021,4,0.2625,0,0,1,TRUE,1,-1.556697294251077,65.79897521448999,0.5741231667858766,2,FALSE,99.31220378490926,0.04
00-0036005,Noah Togiai,TE,2022,1,0,0,25.1553730321697,NA,2,0,0,0,0,0,0,0,1,0.32,0,0,1,FALSE,0,-2.875325229137859,64.61005036393115,0.5261283996235602,3,FALSE,99.6312956406138,0
00-0036020,Salvon Ahmed,RB,2021,11,38.6,3.50909090909091,22.6748802190281,NA,1,14,11,61,-7,75,0.11118526980192,0.0135182184461768,6,0.516666666666667,69,11.5,6,FALSE,1,-1.3326053848525747,62.44109108555703,0.5569567092023618,0,TRUE,96.89962194628248,0
00-0036020,Salvon Ahmed,RB,2022,6,14.2,2.36666666666667,23.6741957563313,NA,2,19,12,117,41,54,0.0668215228964978,0.0255417348565802,12,0.2075,38.6,3.50909090909091,11,FALSE,1,-2.8481260497613583,62.11011351909185,0.5416291982158619,0,TRUE,99.37614309886182,0
00-0036020,Salvon Ahmed,RB,2023,7,42.9,6.12857142857143,24.6735112936345,NA,3,6,4,53,17,17,0.103373015873016,0.0273517414761103,7,0.151428571428571,14.2,2.36666666666667,6,FALSE,0,0.050788902645481,59,0.598484848484849,1,FALSE,91.39560576824717,0
00-0036032,Sean McKeon,TE,2021,5,12.7,2.54,23.6769336071184,NA,1,0,0,0,0,0,0,0,13,0.0769230769230769,0,0,1,FALSE,0,-2.0653857588530733,67.62566458622284,0.5389140927812085,2,FALSE,99.31220378490926,0
00-0036032,Sean McKeon,TE,2022,3,3.1,1.03333333333333,24.6762491444216,NA,2,6,4,27,27,0,0.0448103905550714,0.0325953671151595,10,0.167,12.7,2.54,5,FALSE,0,-1.1087734579919446,67.32279387485555,0.5712511189221585,3,FALSE,99.6312956406138,0
00-0036032,Sean McKeon,TE,2023,8,0,0,25.6755646817248,NA,3,3,2,11,1,0,0.0393120393120393,-7.8187555932363e-4,15,0.136,3.1,1.03333333333333,3,FALSE,1,-3.253496611940459,62.359387411143786,0.5639090904966904,3,FALSE,96.309286703009,0
00-0036040,Juwan Johnson,TE,2021,13,52.9,4.06923076923077,24.9664613278576,NA,1,10,4,39,73,0,0.0801584751332438,0.0941694090322499,NA,NA,7.9,1.58,5,FALSE,0,-0.17176604021972183,62.57684815504885,0.5315089522252244,3,FALSE,99.6312956406138,0
00-0036040,Juwan Johnson,TE,2022,16,134.8,8.425,25.9657768651608,NA,2,22,13,159,240,0,0.093056328392357,0.1159384286417,13,0.274615384615385,52.9,4.06923076923077,13,FALSE,0,-1.0017622280411616,62.17367515588611,0.5342540590250734,4,FALSE,96.309286703009,0
00-0036040,Juwan Johnson,TE,2023,13,97.8,7.52307692307692,26.9650924024641,NA,3,65,42,508,600,0,0.184170622970222,0.196077759665498,16,0.648125,134.8,8.425,16,FALSE,0,-2.7801235815858245,61.55797462571899,0.5385562169808286,5,FALSE,82.4617658561213,0
00-0036040,Juwan Johnson,TE,2024,15,122.8,8.18666666666667,27.9671457905544,NA,4,59,37,368,444,0,0.180406139512055,0.198060962417386,13,0.647692307692308,97.8,7.52307692307692,13,FALSE,1,-1.746163993703397,61.15189530920728,0.48150446254666934,2,FALSE,79.89857189040993,0
00-0036040,Juwan Johnson,TE,2025,17,179.9,10.5823529411765,28.9664613278576,NA,5,66,50,548,547,0,0.163310539147113,0.154829970392286,17,0.641764705882353,122.8,8.18666666666667,15,FALSE,1,-2.3156060854344385,60.48222947073567,0.5428931050762806,0,TRUE,63.568368273025115,0
00-0036069,Scottie Phillips,RB,2021,2,4.2,2.1,23.9041752224504,NA,1,1,1,7,3,2,0.0263157894736842,0.00958466453674121,3,0.05,2.6,2.6,1,FALSE,0,4.252459109954118,61.09923889156884,0.6506994693680657,2,FALSE,99.37614309886182,0
00-0036096,J.J. Taylor,RB,2021,5,18.5,3.7,23.6577686516085,NA,1,2,1,4,-7,23,0.0441729323308271,-0.031429887174764,6,0.14,12.4,2.06666666666667,6,FALSE,0,-4.238815247798903,65.31543463133406,0.4723516745873113,3,FALSE,99.37614309886182,0
00-0036096,J.J. Taylor,RB,2022,1,2.7,2.7,24.6570841889117,NA,2,4,4,8,-2,19,0.0318102240896359,-0.00219495686976824,5,0.148,18.5,3.7,5,FALSE,1,-2.8481260497613583,62.11011351909185,0.5416291982158619,0,TRUE,91.39560576824717,0
00-0036110,Ja'Marcus Bradley,WR,2021,4,10.4,2.6,24.7227926078029,NA,1,11,5,60,126,0,0.22,0.305825242718447,3,0.383333333333333,11,11,1,FALSE,0,-1.61018073558807,62.5,0.46808510638297895,1,FALSE,99.63768087860034,0
00-0036133,James Proche,WR,2021,7,36.2,5.17142857142857,24.9472963723477,201,1,3,1,14,12,0,0.0432437932437932,0.0175935316655398,9,0.0466666666666667,2.4,0.184615384615385,13,FALSE,0,-11.100175002691868,64.05516147206238,0.4510869565217391,2,FALSE,99.63768087860034,0
00-0036133,James Proche,WR,2022,11,13.2,1.2,25.9466119096509,201,2,20,16,202,192,0,0.148771487886633,0.148421445165762,14,0.214285714285714,36.2,5.17142857142857,7,FALSE,0,-7.907648010302149,65.67061259167201,0.49385102749788146,3,FALSE,91.5505700173843,0
00-0036133,James Proche,WR,2023,10,-2,-0.2,26.9459274469541,201,3,17,8,62,155,0,0.0819887372655539,0.10682320481479,15,0.190666666666667,13.2,1.2,11,TRUE,0,-4.569155185908812,62.7422569763876,0.4895010347471576,3,FALSE,75.0135249983918,0.0819887372655539
00-0036133,James Proche,WR,2024,9,3.1,0.344444444444444,27.9479808350445,201,4,5,0,0,86,0,0.13425,0.191873252562908,3,0.353333333333333,-2,-0.2,10,FALSE,1,-1.07547140563658,62.6875,0.580645161290323,1,FALSE,54.07189796423326,0
00-0036133,James Proche,WR,2025,6,12.5,2.08333333333333,28.9472963723477,201,5,3,3,21,17,0,0.0464527027027027,0.0331497348021216,7,0.0342857142857143,3.1,0.344444444444444,9,TRUE,0,-6.68407505908549,60.3529411764706,0.532786885245902,1,FALSE,37.932505764701475,0.0464527027027027
00-0036139,Rico Dowdle,RB,2023,16,91.5,5.71875,25.2156057494867,NA,3,0,0,0,0,0,0,0,3,0.0333333333333333,0,0,2,FALSE,1,-3.253496611940459,62.359387411143786,0.5639090904966904,3,FALSE,91.39560576824717,0
00-0036139,Rico Dowdle,RB,2024,16,197.8,12.3625,26.217659137577,NA,4,25,19,158,2,91,0.0638988033906898,-0.00326389815705441,17,0.221176470588235,91.5,5.71875,16,FALSE,0,-1.9438461941564844,63.33569615957746,0.566553637844823,4,FALSE,93.3197777467908,0
00-0036139,Rico Dowdle,RB,2025,17,216.3,12.7235294117647,27.2169746748802,NA,5,49,39,249,1,235,0.0995668026767939,-9.1706079330209e-4,16,0.575,197.8,12.3625,16,TRUE,0,-0.9174934729566496,59.42308282674996,0.6249431195491183,2,FALSE,70.13043117440901,0.0995668026767939
00-0036145,Lawrence Cager,TE,2023,5,13.6,2.72,26.031485284052,NA,3,21,15,138,119,0,0.162939801128001,0.120324959334043,8,0.4525,30.8,5.13333333333333,6,FALSE,0,-3.35433829889119,62.4736842105263,0.436619718309859,1,FALSE,96.309286703009,0
00-0036158,J.K. Dobbins,RB,2023,1,11.7,11.7,24.7063655030801,55,3,13,11,85,10,105,0.131588319088319,0.0123848852101398,9,0.426666666666667,81.2,10.15,8,FALSE,1,3.4864180115215095,62.878328770532605,0.6282900360853253,2,FALSE,91.39560576824717,0
00-0036158,J.K. Dobbins,RB,2024,13,191.8,14.7538461538462,25.7084188911704,55,4,3,2,15,3,8,0.142857142857143,0.0294117647058823,1,0.47,11.7,11.7,1,TRUE,1,-7.082631239843433,64.48163851650537,0.4985939516130559,4,FALSE,93.3197777467908,0.142857142857143
00-0036158,J.K. Dobbins,RB,2025,10,115.9,11.59,26.7077344284736,55,5,39,32,153,-44,204,0.132730864165227,-0.026466352152055,14,0.632142857142857,191.8,14.7538461538462,13,TRUE,0,1.6623237357923664,63.199504917454426,0.5887198393990302,5,FALSE,70.13043117440901,0.132730864165227
00-0036165,Isaiah Hodgins,WR,2023,14,60,4.28571428571429,24.8624229979466,207,3,53,42,459,485,0,0.210634134466182,0.297081557146338,10,0.806,100.2,11.133333333333301,9,FALSE,0,-3.35433829889119,62.4736842105263,0.436619718309859,1,FALSE,99.63768087860034,0
00-0036165,Isaiah Hodgins,WR,2024,2,3.2,1.6,25.864476386037,207,4,33,21,230,269,0,0.0985585381925815,0.0948143404269323,17,0.465882352941176,60,4.28571428571429,14,FALSE,0,-2.854991123740784,62.00404474183561,0.4541853689806619,2,FALSE,91.5505700173843,0
00-0036165,Isaiah Hodgins,WR,2025,6,27.5,4.58333333333333,26.8637919233402,207,5,2,2,12,11,0,0.0295138888888889,0.0200222175201016,3,0.283333333333333,3.2,1.6,2,FALSE,0,-3.3189211254310966,61.81529615894941,0.4907636579868245,3,FALSE,75.0135249983918,0
00-0036176,Mason Kinsey,WR,2022,2,1.3,0.65,24.0082135523614,NA,2,0,0,0,0,0,0,0,1,0.04,0,0,1,FALSE,0,-8.58597987701735,64.9444444444444,0.55,1,FALSE,98.73749318926043,0
00-0036176,Mason Kinsey,WR,2023,6,1.6,0.266666666666667,25.0075290896646,NA,3,1,1,3,3,0,0.05,0.0208333333333333,1,0.22,1.3,0.65,2,FALSE,1,1.4135100279389323,60.4334680031692,0.6209852322499279,3,FALSE,99.63768087860034,0
00-0036176,Mason Kinsey,WR,2024,6,3.7,0.616666666666667,26.009582477755,NA,4,1,1,6,-2,0,0.04,-0.0143884892086331,6,0.075,1.6,0.266666666666667,6,FALSE,1,-2.3927249464459472,61.20751703093519,0.5382602054028329,0,TRUE,91.5505700173843,0
00-0036176,Mason Kinsey,WR,2025,6,6.8,1.13333333333333,27.0088980150582,NA,5,2,2,17,17,0,0.0286650286650287,0.0405235366812718,6,0.186666666666667,3.7,0.616666666666667,6,FALSE,0,-6.68407505908549,60.3529411764706,0.532786885245902,1,FALSE,75.0135249983918,0
00-0036182,Nick Westbrook-Ikhine,WR,2021,15,107.6,7.17333333333333,24.4490075290897,NA,1,10,5,50,97,0,0.04995748957162,0.0565882528877999,14,0.190714285714286,8.3,0.922222222222222,9,FALSE,1,-1.3326053848525747,62.44109108555703,0.5569567092023618,0,TRUE,98.73749318926043,0
00-0036182,Nick Westbrook-Ikhine,WR,2022,16,82.7,5.16875,25.4483230663929,NA,2,58,38,476,619,0,0.153803178285756,0.232989011519999,17,0.573529411764706,107.6,7.17333333333333,15,FALSE,0,-8.58597987701735,64.9444444444444,0.55,1,FALSE,99.63768087860034,0
00-0036182,Nick Westbrook-Ikhine,WR,2023,13,85,6.53846153846154,26.4476386036961,NA,3,50,25,397,662,0,0.150915019613608,0.232807623450886,17,0.750588235294118,82.7,5.16875,16,FALSE,1,1.4135100279389323,60.4334680031692,0.6209852322499279,3,FALSE,91.5505700173843,0
00-0036182,Nick Westbrook-Ikhine,WR,2024,14,135.7,9.69285714285714,27.4496919917864,NA,4,45,28,370,552,0,0.150134814873377,0.155099183487777,14,0.695,85,6.53846153846154,13,FALSE,1,-2.3927249464459472,61.20751703093519,0.5382602054028329,0,TRUE,75.0135249983918,0
00-0036182,Nick Westbrook-Ikhine,WR,2025,13,19.9,1.53076923076923,28.4490075290897,NA,5,60,32,497,700,0,0.177862588221586,0.221532009418444,17,0.699411764705882,135.7,9.69285714285714,14,TRUE,0,-0.5447121886359134,60.911465867603496,0.559447486838868,3,FALSE,54.07189796423326,0.177862588221586
00-0036187,Reggie Gilliam,RB,2021,8,5.6,0.7,24.0328542094456,NA,1,2,2,16,8,0,0.0264808362369338,0.0127448518332496,NA,NA,9.6,2.4,4,FALSE,0,1.6002689201484088,62.7547023148179,0.5516260061675191,3,FALSE,99.37614309886182,0
00-0036187,Reggie Gilliam,RB,2022,7,20.9,2.98571428571429,25.0321697467488,NA,2,8,6,35,18,3,0.0343426310493077,0.00382447181548107,NA,NA,5.6,0.7,8,FALSE,1,-2.8481260497613583,62.11011351909185,0.5416291982158619,0,TRUE,91.39560576824717,0
00-0036187,Reggie Gilliam,RB,2023,5,1.3,0.26,26.031485284052,NA,3,10,8,69,58,0,0.0665506072874494,0.0502033083166,NA,NA,20.9,2.98571428571429,7,FALSE,0,5.29349471715236,63.77777777777781,0.586734693877551,1,FALSE,93.3197777467908,0
00-0036187,Reggie Gilliam,RB,2024,7,0.7,0.1,27.0335386721424,NA,4,1,1,3,1,0,0.0277777777777778,0.00584795321637427,NA,NA,1.3,0.26,5,FALSE,1,-0.8649786736527051,62.918497519489705,0.4885280251440543,2,FALSE,70.13043117440901,0
00-0036187,Reggie Gilliam,RB,2025,11,4.8,0.436363636363636,28.0328542094456,NA,5,0,0,0,0,3,0,0,NA,NA,0.7,0.1,7,FALSE,0,-1.7945790111540487,61.81365180352616,0.4638303406066273,3,FALSE,50.58687746508861,0
00-0036196,Gabe Davis,WR,2021,15,125.9,8.39333333333333,22.5051334702259,128,1,73,39,684,1117,1,0.130616298505446,0.227575533989858,NA,NA,136.9,8.55625,16,FALSE,0,1.6002689201484088,62.7547023148179,0.5516260061675191,3,FALSE,86.5765769116426,0
00-0036196,Gabe Davis,WR,2022,15,171.6,11.44,23.5044490075291,128,2,76,45,791,1087,0,0.17954638546465,0.316688930272722,NA,NA,125.9,8.39333333333333,15,FALSE,1,-2.8481260497613583,62.11011351909185,0.5416291982158619,0,TRUE,98.73749318926043,0
00-0036196,Gabe Davis,WR,2023,16,161.4,10.0875,24.5037645448323,128,3,106,56,983,1698,0,0.205369834514009,0.308811457280469,NA,NA,171.6,11.44,15,FALSE,0,5.29349471715236,63.77777777777781,0.586734693877551,1,FALSE,99.63768087860034,0
00-0036196,Gabe Davis,WR,2024,10,53.9,5.39,25.5058179329227,128,4,81,45,746,1223,1,0.199133763734202,0.319807364470246,NA,NA,161.4,10.0875,16,TRUE,0,-0.16653390748279134,64.32353884647833,0.5623575634262084,3,FALSE,91.5505700173843,0.199133763734202
00-0036196,Gabe Davis,WR,2025,6,30.9,5.15,26.5051334702259,128,5,42,20,239,565,0,0.177867234302901,0.247950702960656,NA,NA,53.9,5.39,10,TRUE,0,-1.7945790111540487,61.81365180352616,0.4638303406066273,3,FALSE,75.0135249983918,0.177867234302901
00-0036208,Artavis Pierce,RB,2021,1,0,0,25.2922655715264,NA,1,0,0,0,0,6,0,0,4,0.0525,9.4,2.35,4,FALSE,0,-0.43053437265560734,61.001407270225165,0.6069410342534227,2,FALSE,91.39560576824717,0
00-0036212,Tua Tagovailoa,QB,2021,13,190.92,14.6861538461538,23.501711156742,5,1,0,0,0,0,36,0,0,10,0.85,140.46,14.046,10,FALSE,1,-1.3326053848525747,62.44109108555703,0.5569567092023618,0,TRUE,100.67668139230038,0
00-0036212,Tua Tagovailoa,QB,2022,13,238.92,18.3784615384615,24.5010266940452,5,2,0,0,0,0,42,0,0,13,0.877692307692308,190.92,14.6861538461538,13,FALSE,1,-2.8481260497613583,62.11011351909185,0.5416291982158619,0,TRUE,97.53698303935931,0
00-0036212,Tua Tagovailoa,QB,2023,17,284.36,16.7270588235294,25.5003422313484,5,3,0,0,0,0,24,0,0,13,0.916923076923077,238.92,18.3784615384615,13,FALSE,0,0.050788902645481,59,0.598484848484849,1,FALSE,94.39609488384028,0
00-0036212,Tua Tagovailoa,QB,2024,11,188.58,17.1436363636364,26.5023956194387,5,4,0,0,0,0,38,0,0,18,0.956111111111111,284.36,16.7270588235294,17,FALSE,0,1.6387244690867036,59.873498324310376,0.5398887365534697,2,FALSE,100.1093045339178,0
00-0036212,Tua Tagovailoa,QB,2025,14,175.7,12.55,27.501711156742,5,5,0,0,0,0,17,0,0,11,0.971818181818182,188.58,17.1436363636364,11,FALSE,0,-0.5447121886359134,60.911465867603496,0.559447486838868,3,FALSE,89.57744281082132,0
00-0036219,Marquez Callaway,WR,2021,17,151.8,8.92941176470588,23.4332648870637,NA,1,29,21,213,226,0,0.173040889186904,0.225604337617218,13,0.336923076923077,42.3,4.7,9,FALSE,0,-0.17176604021972183,62.57684815504885,0.5315089522252244,3,FALSE,86.5765769116426,0
00-0036219,Marquez Callaway,WR,2022,10,37.8,3.78,24.4325804243669,NA,2,84,46,698,1060,0,0.230946446987719,0.338203015649479,17,0.763529411764706,151.8,8.92941176470588,17,FALSE,0,-1.0017622280411616,62.17367515588611,0.5342540590250734,4,FALSE,98.73749318926043,0
00-0036223,Jonathan Taylor,RB,2021,17,373.1,21.9470588235294,22.6173853524983,41,1,43,38,305,-54,253,0.0991462930161662,-0.0141842513610433,16,0.5125,252.8,16.8533333333333,15,FALSE,1,-1.3326053848525747,62.44109108555703,0.5569567092023618,0,TRUE,96.89962194628248,0
00-0036223,Jonathan Taylor,RB,2022,11,146.4,13.3090909090909,23.6167008898015,41,2,51,40,360,-45,332,0.138852923538227,-0.0184740848308286,17,0.694705882352941,373.1,21.9470588235294,17,FALSE,1,-2.8481260497613583,62.11011351909185,0.5416291982158619,0,TRUE,99.37614309886182,0
00-0036223,Jonathan Taylor,RB,2023,10,156.4,15.64,24.6160164271047,41,3,40,28,143,-73,192,0.1309264793939,-0.0396493182606153,11,0.712727272727273,146.4,13.3090909090909,11,FALSE,0,-4.28875800108645,64.4117647058823,0.516556291390728,1,FALSE,91.39560576824717,0
00-0036223,Jonathan Taylor,RB,2024,14,244.7,17.4785714285714,25.6180698151951,41,4,23,19,153,-21,169,0.126048822666075,-0.029820456634735,10,0.587,156.4,15.64,10,FALSE,0,-3.472683811137831,64.03169499310975,0.4940455604271285,2,FALSE,93.3197777467908,0
00-0036223,Jonathan Taylor,RB,2025,17,362.3,21.3117647058824,26.6173853524983,41,5,31,18,136,-10,303,0.114701229971781,-0.00899797685971756,14,0.802857142857143,244.7,17.4785714285714,14,FALSE,0,-5.206003754852174,62.90759972111114,0.4735640946273987,3,FALSE,70.13043117440901,0
00-0036226,Jacob Eason,QB,2022,1,1.36,1.36,24.788501026694,122,2,0,0,0,0,0,0,0,1,0.07,0,0,1,TRUE,1,-2.8481260497613583,62.11011351909185,0.5416291982158619,0,TRUE,97.53698303935931,0
00-0036228,Dezmon Patmon,WR,2022,1,4.4,4.4,24.0711841204654,212,2,4,2,21,36,0,0.0404659277504105,0.0539463793432028,8,0.12125,10.1,2.525,4,FALSE,1,-2.8481260497613583,62.11011351909185,0.5416291982158619,0,TRUE,98.73749318926043,0
00-0036232,Harrison Bryant,TE,2021,15,62.3,4.15333333333333,23.3593429158111,115,1,39,24,238,306,0,0.119078432115663,0.103866882105149,17,0.551764705882353,61.8,5.15,12,FALSE,0,-1.61018073558807,62.5,0.46808510638297895,1,FALSE,74.1857788205039,0
00-0036232,Harrison Bryant,TE,2022,14,61.7,4.40714285714286,24.358658453114298,115,2,28,21,233,258,0,0.0929928395324981,0.12164549268957,16,0.3875,62.3,4.15333333333333,15,FALSE,0,-3.175694760403078,61.836291725562674,0.46540353266213097,2,FALSE,99.31220378490926,0
00-0036232,Harrison Bryant,TE,2023,14,37.9,2.70714285714286,25.3579739904175,115,3,42,31,239,238,1,0.126111460966153,0.0902132131086167,17,0.482941176470588,61.7,4.40714285714286,14,FALSE,0,-4.569155185908812,62.7422569763876,0.4895010347471576,3,FALSE,99.6312956406138,0
00-0036232,Harrison Bryant,TE,2024,6,17.6,2.93333333333333,26.3600273785079,115,4,26,17,146,127,5,0.0853744204304225,0.0568508099476221,18,0.335,37.9,2.70714285714286,14,TRUE,1,-8.09083680152126,60.89232303090727,0.4923131914657334,2,FALSE,96.309286703009,0.0853744204304225
00-0036232,Harrison Bryant,TE,2025,5,2.7,0.54,27.3593429158111,115,5,12,9,86,41,0,0.0924504862004862,0.036174930815503,13,0.254615384615385,17.6,2.93333333333333,6,TRUE,0,-2.5050011258412974,60.992172224454286,0.5055515164721399,3,FALSE,82.4617658561213,0.0924504862004862
00-0036233,Donovan Peoples-Jones,WR,2021,13,109.7,8.43846153846154,22.5325119780972,187,1,23,16,335,382,0,0.096220039719333,0.18749763725695,14,0.380714285714286,58.4,4.86666666666667,12,FALSE,0,-1.61018073558807,62.5,0.46808510638297895,1,FALSE,86.5765769116426,0
00-0036233,Donovan Peoples-Jones,WR,2022,17,161.1,9.4764705882353,23.5318275154004,187,2,58,34,597,904,0,0.179905186337743,0.342621349097062,14,0.776428571428571,109.7,8.43846153846154,13,FALSE,0,-3.175694760403078,61.836291725562674,0.46540353266213097,2,FALSE,98.73749318926043,0
00-0036233,Donovan Peoples-Jones,WR,2023,14,28.5,2.03571428571429,24.5311430527036,187,3,96,61,839,1107,1,0.225089826291869,0.30013734067767,17,0.898235294117647,161.1,9.4764705882353,17,TRUE,0,-3.7693556183232695,63.294117647058805,0.507853403141361,1,FALSE,99.63768087860034,0.225089826291869
00-0036244,Colby Parkinson,TE,2021,5,8.3,1.66,22.6502395619439,133,1,2,2,16,11,0,0.0625,0.0484581497797357,6,0.125,3.6,3.6,1,FALSE,1,-1.3326053848525747,62.44109108555703,0.5569567092023618,0,TRUE,74.1857788205039,0
00-0036244,Colby Parkinson,TE,2022,14,69.2,4.94285714285714,23.6495550992471,133,2,8,5,33,47,0,0.0729881461131461,0.0411017410087364,12,0.259166666666667,8.3,1.66,5,FALSE,0,-4.28740337043254,55.5882352941176,0.544715447154472,1,FALSE,99.31220378490926,0
00-0036244,Colby Parkinson,TE,2023,15,61.7,4.11333333333333,24.6488706365503,133,3,40,28,336,313,0,0.121576508898212,0.104421061784356,18,0.411666666666667,69.2,4.94285714285714,14,FALSE,0,-0.39381781134052657,58.372619539887225,0.5632543451476695,2,FALSE,99.6312956406138,0
00-0036244,Colby Parkinson,TE,2024,16,65.4,4.0875,25.6509240246407,133,4,34,25,247,218,0,0.0982806411565899,0.0770602851297813,17,0.473529411764706,61.7,4.11333333333333,15,TRUE,0,-1.5340879553944275,60.88578223955308,0.5544179392950374,2,FALSE,96.309286703009,0.0982806411565899
00-0036244,Colby Parkinson,TE,2025,14,129.8,9.27142857142857,26.6502395619439,133,5,53,34,316,277,0,0.170787721374538,0.118068909632371,19,0.526842105263158,65.4,4.0875,16,FALSE,1,-3.2048470434873892,62.04804822432223,0.540022645347221,5,FALSE,82.4617658561213,0
00-0036247,Freddie Swain,WR,2021,17,86.5,5.08823529411765,23.0773442847365,214,1,22,14,187,253,0,0.0678516970639739,0.0666261591198917,17,0.329411764705882,40.9,3.14615384615385,13,FALSE,1,-1.3326053848525747,62.44109108555703,0.5569567092023618,0,TRUE,86.5765769116426,0
00-0036247,Freddie Swain,WR,2022,3,11.4,3.8,24.0766598220397,214,2,40,25,343,324,5,0.131013074021722,0.0965521742974871,17,0.600588235294118,86.5,5.08823529411765,17,TRUE,1,-2.8481260497613583,62.11011351909185,0.5416291982158619,0,TRUE,98.73749318926043,0.131013074021722
00-0036250,Tyler Davis,TE,2021,8,7.5,0.9375,24.4161533196441,206,1,2,0,0,27,0,0.0454545454545455,0.0647482014388489,4,0.15,0,0,1,TRUE,0,1.2448117567873749,61.772867804759954,0.5868189323739391,3,FALSE,99.31220378490926,0.0454545454545455
00-0036250,Tyler Davis,TE,2022,11,6.6,0.6,25.4154688569473,206,2,5,4,35,38,0,0.0369278033794163,0.0322271405270603,12,0.166666666666667,7.5,0.9375,8,FALSE,1,-2.8481260497613583,62.11011351909185,0.5416291982158619,0,TRUE,99.6312956406138,0
00-0036251,Zack Moss,RB,2021,13,105.2,8.09230769230769,23.7125256673511,86,1,22,18,121,40,119,0.0711913464688516,0.0153363192559225,14,0.441428571428571,101.6,7.81538461538462,13,FALSE,0,1.6002689201484088,62.7547023148179,0.5516260061675191,3,FALSE,99.37614309886182,0
00-0036251,Zack Moss,RB,2022,13,64.5,4.96153846153846,24.7118412046543,86,2,32,23,197,26,97,0.105943027564406,-4.2008271669562e-4,14,0.404285714285714,105.2,8.09230769230769,13,TRUE,1,-2.8481260497613583,62.11011351909185,0.5416291982158619,0,TRUE,91.39560576824717,0.105943027564406
00-0036251,Zack Moss,RB,2023,14,169.6,12.1142857142857,25.7111567419576,86,3,5,4,12,0,76,0.0665356465166712,-3.87315419995159e-5,8,0.3375,64.5,4.96153846153846,13,FALSE,0,-4.28875800108645,64.4117647058823,0.516556291390728,1,FALSE,93.3197777467908,0
00-0036251,Zack Moss,RB,2024,8,81.9,10.2375,26.7132101300479,86,4,37,27,192,-14,183,0.123006643195885,-0.0061766692064884,14,0.555,169.6,12.1142857142857,14,TRUE,1,-2.3927249464459472,61.20751703093519,0.5382602054028329,0,TRUE,70.13043117440901,0.123006643195885
00-0036252,Michael Pittman,WR,2021,17,238.6,14.0352941176471,23.9069130732375,34,1,71,45,593,576,4,0.181331819182237,0.198022347054768,14,0.787142857142857,98.9,7.60769230769231,13,FALSE,1,-1.3326053848525747,62.44109108555703,0.5569567092023618,0,TRUE,98.73749318926043,0
00-0036252,Michael Pittman,WR,2022,16,216.5,13.53125,24.9062286105407,34,2,129,88,1082,1253,5,0.2864360991939,0.346012993535328,17,0.875294117647059,238.6,14.0352941176471,17,FALSE,1,-2.8481260497613583,62.11011351909185,0.5416291982158619,0,TRUE,99.63768087860034,0
00-0036252,Michael Pittman,WR,2023,16,250.2,15.6375,25.9055441478439,34,3,141,99,925,985,3,0.282471860034763,0.298718354138166,16,0.96625,216.5,13.53125,16,FALSE,0,-4.28875800108645,64.4117647058823,0.516556291390728,1,FALSE,91.5505700173843,0
00-0036252,Michael Pittman,WR,2024,16,165.8,10.3625,26.9075975359343,34,4,156,109,1152,1227,0,0.31964332321486,0.336602236644513,16,0.9175,250.2,15.6375,16,FALSE,0,-3.472683811137831,64.03169499310975,0.4940455604271285,2,FALSE,75.0135249983918,0
00-0036252,Michael Pittman,WR,2025,17,202.4,11.9058823529412,27.9069130732375,34,5,111,69,808,1234,0,0.260000842353509,0.246095825343143,16,0.880625,165.8,10.3625,16,FALSE,0,-5.206003754852174,62.90759972111114,0.4735640946273987,3,FALSE,54.07189796423326,0
00-0036254,Collin Johnson,WR,2021,8,21.5,2.6875,23.9397672826831,165,1,31,18,272,375,0,0.125758160138318,0.190926667096215,14,0.254285714285714,59.2,5.38181818181818,11,TRUE,0,-1.58459729902941,59.125,0.608,1,FALSE,98.73749318926043,0.125758160138318
00-0036254,Collin Johnson,WR,2024,6,1.6,0.266666666666667,26.9404517453799,165,4,1,1,11,7,0,0.0333333333333333,0.0243055555555556,3,0.223333333333333,2.1,2.1,1,FALSE,1,0.09937692503816128,58.15604034108125,0.5602657737692467,3,FALSE,75.0135249983918,0
00-0036255,Denzel Mims,WR,2021,10,21.3,2.13,23.8932238193018,59,1,44,23,357,675,0,0.244283199965018,0.337388885040993,9,0.828888888888889,60.7,6.74444444444444,9,FALSE,1,-4.237220859663053,62.415471591191114,0.5350290456824077,3,FALSE,98.73749318926043,0
00-0036255,Denzel Mims,WR,2022,9,29.6,3.28888888888889,24.8925393566051,59,2,23,8,133,268,0,0.084477183796697,0.139772000631014,11,0.396363636363636,21.3,2.13,10,FALSE,0,-3.2398543233494106,61.92644902198673,0.5336580980676521,4,FALSE,99.63768087860034,0
00-0036259,Jauan Jennings,WR,2022,16,82.6,5.1625,25.1444216290212,217,2,47,30,325,414,0,0.147647887863422,0.183382156184624,19,0.358421052631579,82.2,6.32307692307692,13,FALSE,1,-2.8481260497613583,62.11011351909185,0.5416291982158619,0,TRUE,99.63768087860034,0
00-0036259,Jauan Jennings,WR,2023,13,51.5,3.96153846153846,26.1437371663244,217,3,63,39,483,575,0,0.138926800929664,0.168419826562258,19,0.467368421052632,82.6,5.1625,16,FALSE,1,-2.29091030889994,62.8823529411765,0.502958579881657,1,FALSE,91.5505700173843,0
00-0036259,Jauan Jennings,WR,2024,15,210.5,14.0333333333333,27.1457905544148,217,4,46,29,376,452,1,0.155142694877901,0.166827021572219,16,0.465625,51.5,3.96153846153846,13,FALSE,0,-1.746163993703397,61.15189530920728,0.48150446254666934,2,FALSE,75.0135249983918,0
00-0036259,Jauan Jennings,WR,2025,15,173.3,11.5533333333333,28.145106091718,217,5,113,77,975,1119,0,0.277510223542486,0.318539990513884,15,0.744,210.5,14.0333333333333,15,FALSE,0,-2.673629810734993,60.52350065055126,0.4813981445744344,4,FALSE,54.07189796423326,0
00-0036261,Brandon Aiyuk,WR,2021,17,170.3,10.0176470588235,23.460643394935,25,1,96,60,748,902,6,0.26848599602887,0.343622777051719,12,0.8675,184.5,15.375,12,FALSE,1,-1.3326053848525747,62.44109108555703,0.5569567092023618,0,TRUE,86.5765769116426,0
00-0036261,Brandon Aiyuk,WR,2022,17,227.8,13.4,24.4599589322382,25,2,99,65,961,973,5,0.218536083631047,0.271117758283612,20,0.842,170.3,10.0176470588235,17,FALSE,1,-2.8481260497613583,62.11011351909185,0.5416291982158619,0,TRUE,98.73749318926043,0
00-0036261,Brandon Aiyuk,WR,2023,16,249.2,15.575,25.4592744695414,25,3,124,84,1124,1328,2,0.240861726841864,0.342493900363826,20,0.9135,227.8,13.4,17,FALSE,1,-2.29091030889994,62.8823529411765,0.502958579881657,1,FALSE,99.63768087860034,0
00-0036261,Brandon Aiyuk,WR,2024,7,62.4,8.91428571428571,26.4613278576318,25,4,125,84,1491,1748,0,0.256212513164237,0.406347781025152,19,0.830526315789474,249.2,15.575,16,FALSE,0,-1.746163993703397,61.15189530920728,0.48150446254666934,2,FALSE,91.5505700173843,0
00-0036264,Jordan Love,QB,2022,4,11.7,2.925,23.8302532511978,26,2,0,0,0,0,12,0,0,6,0.338333333333333,24.14,4.02333333333333,6,FALSE,1,-2.8481260497613583,62.11011351909185,0.5416291982158619,0,TRUE,100.67668139230038,0
00-0036264,Jordan Love,QB,2023,17,330.06,19.4152941176471,24.829568788501,26,3,0,0,0,0,1,0,0,4,0.11,11.7,2.925,4,FALSE,0,-2.11541747163147,60.7647058823529,0.588235294117647,1,FALSE,97.53698303935931,0
00-0036264,Jordan Love,QB,2024,15,244.86,16.324,25.8316221765914,26,4,0,0,0,0,56,0,0,19,0.987368421052632,330.06,19.4152941176471,17,FALSE,0,-1.7662823394448042,60.63912246191722,0.5625477763012525,2,FALSE,94.39609488384028,0
00-0036264,Jordan Love,QB,2025,15,241.14,16.076,26.8309377138946,26,5,0,0,0,0,27,0,0,16,0.9225,244.86,16.324,15,FALSE,0,-4.223375364931628,60.33658478307372,0.5392909912933972,3,FALSE,100.1093045339178,0
00-0036265,AJ Dillon,RB,2021,17,185.6,10.9176470588235,23.3347022587269,62,1,3,3,34,7,55,0.0299071955250445,0.0104786904473796,11,0.169090909090909,40.3,4.47777777777778,9,FALSE,0,1.2448117567873749,61.772867804759954,0.5868189323739391,3,FALSE,96.89962194628248,0
00-0036265,AJ Dillon,RB,2022,17,167.6,9.85882352941177,24.3340177960301,62,2,37,34,313,14,194,0.102005992043943,-0.00235140465414806,18,0.413888888888889,185.6,10.9176470588235,17,FALSE,1,-2.8481260497613583,62.11011351909185,0.5416291982158619,0,TRUE,99.37614309886182,0
00-0036265,AJ Dillon,RB,2023,15,117.6,7.84,25.3333333333333,62,3,43,28,206,17,186,0.114903604094442,-7.1539863480263e-4,17,0.487058823529412,167.6,9.85882352941177,17,FALSE,0,-2.11541747163147,60.7647058823529,0.588235294117647,1,FALSE,91.39560576824717,0
00-0036268,Laviska Shenault Jr.,WR,2021,16,127,7.9375,22.9075975359343,42,1,79,58,600,493,18,0.175740122885464,0.147832092512375,14,0.645,157.1,11.2214285714286,14,FALSE,1,-3.074511719805549,62.108863865123304,0.5780123029612375,2,FALSE,86.5765769116426,0
00-0036268,Laviska Shenault Jr.,WR,2022,13,72.7,5.59230769230769,23.9069130732375,42,2,100,63,619,550,11,0.201866776609155,0.138087124292903,16,0.6825,127,7.9375,16,TRUE,1,-2.8481260497613583,62.11011351909185,0.5416291982158619,0,TRUE,98.73749318926043,0.201866776609155
00-0036268,Laviska Shenault Jr.,WR,2023,8,21.5,2.6875,24.9062286105407,42,3,32,27,272,-22,9,0.145671152393663,-0.0332488382760486,13,0.247692307692308,72.7,5.59230769230769,13,FALSE,1,-1.1508133315416142,62.217587857511425,0.5305483396322973,0,TRUE,99.63768087860034,0
00-0036268,Laviska Shenault Jr.,WR,2024,10,4.7,0.47,25.9082819986311,42,4,10,10,60,-25,12,0.0631489859885446,-0.0221672870363177,8,0.16125,21.5,2.6875,8,TRUE,1,-2.3927249464459472,61.20751703093519,0.5382602054028329,0,TRUE,91.5505700173843,0.0631489859885446
00-0036269,La'Mical Perine,RB,2021,2,3.1,1.55,23.5865845311431,120,1,15,11,63,26,64,0.0867521367521367,0.0182269746734314,9,0.365555555555556,52.5,5.25,10,FALSE,1,-4.237220859663053,62.415471591191114,0.5350290456824077,3,FALSE,99.37614309886182,0
00-0036271,Quez Watkins,WR,2021,17,116,6.82352941176471,23.2306639288159,200,1,13,7,106,123,0,0.120402798948594,0.103998849859601,6,0.273333333333333,23.6,5.9,4,FALSE,1,-1.556697294251077,65.79897521448999,0.5741231667858766,2,FALSE,86.5765769116426,0
00-0036271,Quez Watkins,WR,2022,17,84.5,4.97058823529412,24.2299794661191,200,2,69,45,682,941,1,0.158678342331894,0.217693198457374,18,0.702777777777778,116,6.82352941176471,17,FALSE,0,-2.875325229137859,64.61005036393115,0.5261283996235602,3,FALSE,98.73749318926043,0
00-0036271,Quez Watkins,WR,2023,5,35.2,7.04,25.2292950034223,200,3,54,34,362,544,3,0.129484809802249,0.125756021828966,20,0.5615,84.5,4.97058823529412,17,FALSE,1,-1.1508133315416142,62.217587857511425,0.5305483396322973,0,TRUE,99.63768087860034,0
00-0036275,D'Andre Swift,RB,2021,13,208.9,16.0692307692308,22.6310746064339,35,1,57,46,357,50,114,0.133499863144356,0.0146080234906508,13,0.483076923076923,189.8,14.6,13,FALSE,1,-1.3326053848525747,62.44109108555703,0.5569567092023618,0,TRUE,96.89962194628248,0
00-0036275,D'Andre Swift,RB,2022,14,191.1,13.65,23.6303901437372,35,2,78,62,452,-1,151,0.199780614546633,-0.0135986063437135,13,0.657692307692308,208.9,16.0692307692308,13,FALSE,1,-2.8481260497613583,62.11011351909185,0.5416291982158619,0,TRUE,99.37614309886182,0
00-0036275,D'Andre Swift,RB,2023,16,199.3,12.45625,24.6297056810404,35,3,70,48,389,32,99,0.165224766458548,0.00890876484424314,14,0.416428571428571,191.1,13.65,14,TRUE,1,-1.1508133315416142,62.217587857511425,0.5305483396322973,0,TRUE,91.39560576824717,0.165224766458548
00-0036275,D'Andre Swift,RB,2024,17,214.5,12.6176470588235,25.6317590691307,35,4,53,43,246,33,239,0.140079792390224,0.00832737370726738,17,0.585294117647059,199.3,12.45625,16,TRUE,1,0.09937692503816128,58.15604034108125,0.5602657737692467,3,FALSE,93.3197777467908,0.140079792390224
00-0036275,D'Andre Swift,RB,2025,16,228.6,14.2875,26.6310746064339,35,5,52,42,386,2,253,0.142633021657455,-0.00659513783614964,17,0.668235294117647,214.5,12.6176470588235,17,FALSE,1,-4.79011169771107,64.39098450827193,0.4878221470323203,3,FALSE,70.13043117440901,0
00-0036277,Quintez Cephus,WR,2021,5,49.4,9.88,23.419575633128,166,1,35,20,349,509,0,0.12393079411276,0.184137494871287,13,0.426923076923077,66.9,5.575,12,FALSE,1,-1.3326053848525747,62.44109108555703,0.5569567092023618,0,TRUE,86.5765769116426,0
00-0036277,Quintez Cephus,WR,2022,3,3.5,1.16666666666667,24.4188911704312,166,2,22,15,204,251,0,0.138389531131467,0.230230582856802,5,0.628,49.4,9.88,5,FALSE,1,-2.8481260497613583,62.11011351909185,0.5416291982158619,0,TRUE,98.73749318926043,0
00-0036278,Jason Huntley,RB,2021,1,5.1,5.1,23.3675564681725,172,1,2,1,0,-1,5,0.0294365012615643,-0.00181159420289855,4,0.1075,2.9,0.725,4,FALSE,1,-1.556697294251077,65.79897521448999,0.5741231667858766,2,FALSE,96.89962194628248,0
00-0036290,Cole Kmet,TE,2021,17,121.2,7.12941176470588,22.4804928131417,43,1,48,31,259,289,1,0.149097869684654,0.107626689000411,17,0.58,62,4.13333333333333,15,FALSE,0,-0.43053437265560734,61.001407270225165,0.6069410342534227,2,FALSE,48.05879012739746,0
00-0036290,Cole Kmet,TE,2022,17,147.3,8.66470588235294,23.479808350444898,43,2,93,60,612,721,1,0.201747122122871,0.17764420864225,17,0.836470588235294,121.2,7.12941176470588,17,FALSE,1,-2.8481260497613583,62.11011351909185,0.5416291982158619,0,TRUE,74.1857788205039,0
00-0036290,Cole Kmet,TE,2023,16,181.1,11.31875,24.4791238877481,43,3,69,50,544,463,2,0.221548386022387,0.169925204438893,17,0.935294117647059,147.3,8.66470588235294,17,FALSE,0,-11.2404955422377,57.6470588235294,0.401515151515151,1,FALSE,99.31220378490926,0
00-0036290,Cole Kmet,TE,2024,16,120.4,7.525,25.4811772758385,43,4,90,73,719,557,3,0.226600509000871,0.183520804072235,17,0.770588235294118,181.1,11.31875,16,FALSE,1,0.09937692503816128,58.15604034108125,0.5602657737692467,3,FALSE,99.6312956406138,0
00-0036290,Cole Kmet,TE,2025,16,78.7,4.91875,26.4804928131417,43,5,55,47,474,393,0,0.161285214710306,0.15351087964737,17,0.872352941176471,120.4,7.525,16,FALSE,1,-4.79011169771107,64.39098450827193,0.4878221470323203,3,FALSE,96.309286703009,0
00-0036297,Darrynton Evans,RB,2021,1,3.8,3.8,23.1485284052019,93,1,4,2,27,-2,15,0.0784615384615385,-0.0040650406504065,6,0.09,16.1,3.22,5,FALSE,1,-1.3326053848525747,62.44109108555703,0.5569567092023618,0,TRUE,96.89962194628248,0
00-0036297,Darrynton Evans,RB,2022,3,10.7,3.56666666666667,24.1478439425051,93,2,2,2,11,-4,2,0.0740740740740741,-0.0194174757281553,1,0.09,3.8,3.8,1,TRUE,1,-2.8481260497613583,62.11011351909185,0.5416291982158619,0,TRUE,99.37614309886182,0.0740740740740741
00-0036297,Darrynton Evans,RB,2023,6,30,5,25.1471594798084,93,3,1,1,33,2,14,0.0416666666666667,0.0116279069767442,4,0.2175,10.7,3.56666666666667,3,FALSE,0,-11.2404955422377,57.6470588235294,0.401515151515151,1,FALSE,91.39560576824717,0
00-0036297,Darrynton Evans,RB,2024,1,0.3,0.3,26.1492128678987,93,4,12,7,49,-14,30,0.088607506710955,-0.0941550535644258,5,0.256,30,5,6,FALSE,1,0.09937692503816128,58.15604034108125,0.5602657737692467,3,FALSE,93.3197777467908,0
00-0036309,Darnell Mooney,WR,2021,17,219.7,12.9235294117647,23.8412046543463,173,1,98,61,631,1128,4,0.192922214589107,0.264260777793642,16,0.731875,152.1,9.50625,16,FALSE,0,-0.43053437265560734,61.001407270225165,0.6069410342534227,2,FALSE,98.73749318926043,0
00-0036309,Darnell Mooney,WR,2022,11,101.5,9.22727272727273,24.8405201916496,173,2,140,81,1055,1556,6,0.302879817037825,0.370321035021652,17,0.878823529411765,219.7,12.9235294117647,17,FALSE,1,-2.8481260497613583,62.11011351909185,0.5416291982158619,0,TRUE,99.63768087860034,0
00-0036309,Darnell Mooney,WR,2023,14,78.9,5.63571428571429,25.8398357289528,173,3,61,40,493,727,1,0.303250439774562,0.351000266452943,12,0.830833333333333,101.5,9.22727272727273,11,FALSE,0,-11.2404955422377,57.6470588235294,0.401515151515151,1,FALSE,91.5505700173843,0
00-0036309,Darnell Mooney,WR,2024,16,193.2,12.075,26.8418891170431,173,4,61,31,414,630,2,0.173598186474566,0.267327247552618,15,0.746666666666667,78.9,5.63571428571429,14,TRUE,1,-2.3927249464459472,61.20751703093519,0.5382602054028329,0,TRUE,75.0135249983918,0.173598186474566
00-0036309,Darnell Mooney,WR,2025,15,82.3,5.48666666666667,27.8412046543463,173,5,106,64,992,1294,0,0.233259078878965,0.363674043820283,16,0.9275,193.2,12.075,16,FALSE,0,-6.60259853246614,62.8823529411765,0.435064935064935,1,FALSE,54.07189796423326,0
00-0036322,Justin Jefferson,WR,2021,17,330.4,19.4352941176471,22.2121834360027,22,1,125,88,1400,1430,1,0.280565778956998,0.394566703572462,16,0.805,274.2,17.1375,16,FALSE,1,-1.3326053848525747,62.44109108555703,0.5569567092023618,0,TRUE,71.91123187885705,0
00-0036322,Justin Jefferson,WR,2022,17,368.66,21.6858823529412,23.211498973306,22,2,167,108,1616,2063,6,0.313909992318093,0.447627193754444,17,0.891764705882353,330.4,19.4352941176471,17,FALSE,1,-2.8481260497613583,62.11011351909185,0.5416291982158619,0,TRUE,86.5765769116426,0
00-0036322,Justin Jefferson,WR,2023,10,202.2,20.22,24.2108145106092,22,3,193,135,1856,1966,4,0.301846991770939,0.410284207064551,18,0.923888888888889,368.66,21.6858823529412,17,FALSE,0,2.68718916520798,64.7777777777778,0.651515151515151,1,FALSE,98.73749318926043,0
00-0036322,Justin Jefferson,WR,2024,17,317.48,18.6752941176471,25.2128678986995,22,4,100,68,1074,1258,1,0.300452179762191,0.42377737623336,10,0.867,202.2,20.22,10,FALSE,0,2.0976935157109353,63.67803123643234,0.6684650520890582,2,FALSE,99.63768087860034,0
00-0036322,Justin Jefferson,WR,2025,17,201.5,11.8529411764706,26.2121834360027,22,5,162,108,1591,1831,1,0.310725414708734,0.382079394888795,18,0.931111111111111,317.48,18.6752941176471,17,FALSE,0,2.6816146451914005,62.79394275248685,0.6485657275221384,3,FALSE,91.5505700173843,0
00-0036326,Chase Claypool,WR,2021,15,166.6,11.1066666666667,23.1540041067762,49,1,116,67,932,1509,10,0.205311501753759,0.361773381834171,17,0.637058823529412,214.9,13.43125,16,FALSE,0,4.32871819518336,62.84387095228973,0.5983447227642579,3,FALSE,86.5765769116426,0
00-0036326,Chase Claypool,WR,2022,15,105.04,7.00266666666667,24.1533196440794,49,2,112,62,885,1292,14,0.19541361785661,0.319501615234638,16,0.783125,166.6,11.1066666666667,15,FALSE,1,-2.8481260497613583,62.11011351909185,0.5416291982158619,0,TRUE,98.73749318926043,0
00-0036326,Chase Claypool,WR,2023,11,21.7,1.97272727272727,25.1526351813826,49,3,50,32,311,473,8,0.184196652114299,0.211402199734225,8,0.865,105.04,7.00266666666667,15,TRUE,0,0.050788902645481,59,0.598484848484849,1,FALSE,99.63768087860034,0.184196652114299
00-0036328,Antonio Gibson,RB,2021,16,229.1,14.31875,23.192334017796,66,1,47,38,251,-36,184,0.127221677035231,-0.018577747246401,15,0.444,202.2,14.4428571428571,14,FALSE,0,1.26828816587635,65,0.551948051948052,1,FALSE,96.89962194628248,0
00-0036328,Antonio Gibson,RB,2022,15,165.9,11.06,24.1916495550992,66,2,52,42,294,-9,258,0.151825758897964,-0.00576148585909294,16,0.5675,229.1,14.31875,16,FALSE,0,-0.4798819167791796,63.64768431644504,0.5435222878010671,2,FALSE,99.37614309886182,0
00-0036328,Antonio Gibson,RB,2023,16,127.4,7.9625,25.1909650924025,66,3,58,46,353,69,149,0.141901854625118,0.0244473389608347,15,0.46,165.9,11.06,15,FALSE,1,9.995467900260666,63.23119450037804,0.6354203032875844,5,FALSE,91.39560576824717,0
00-0036328,Antonio Gibson,RB,2024,17,103.4,6.08235294117647,26.1930184804928,66,4,59,48,389,-2,65,0.128106048289464,-9.63488393276757e-5,16,0.463125,127.4,7.9625,16,TRUE,1,-3.947551699890613,64.46824339329336,0.49696331073012767,4,FALSE,93.3197777467908,0.128106048289464
00-0036328,Antonio Gibson,RB,2025,5,17.2,3.44,27.192334017796,66,5,29,23,206,53,120,0.113338648928918,0.0484852107976586,17,0.332941176470588,103.4,6.08235294117647,17,FALSE,1,-5.244402479179989,64.19506391873436,0.4758346739648673,4,FALSE,70.13043117440901,0
00-0036331,Devin Duvernay,WR,2021,16,77.2,4.825,23.9698836413415,92,1,26,20,201,161,4,0.0950186918994192,0.063133036395749,18,0.311111111111111,47.1,3.14,15,FALSE,0,-11.100175002691868,64.05516147206238,0.4510869565217391,2,FALSE,98.73749318926043,0
00-0036331,Devin Duvernay,WR,2022,14,110.1,7.86428571428571,24.9691991786448,92,2,47,33,272,284,7,0.111740735670778,0.0854372291243179,16,0.51,77.2,4.825,16,FALSE,0,-7.907648010302149,65.67061259167201,0.49385102749788146,3,FALSE,99.63768087860034,0
00-0036331,Devin Duvernay,WR,2023,13,7.3,0.561538461538462,25.968514715948,92,3,49,37,407,437,12,0.156124561084821,0.173575825057898,14,0.684285714285714,110.1,7.86428571428571,14,FALSE,1,3.4864180115215095,62.878328770532605,0.6282900360853253,2,FALSE,91.5505700173843,0
00-0036331,Devin Duvernay,WR,2024,13,19.2,1.47692307692308,26.9705681040383,92,4,9,4,18,81,4,0.0755109575285014,0.0627009572027084,11,0.185454545454545,7.3,0.561538461538462,13,TRUE,0,-0.16653390748279134,64.32353884647833,0.5623575634262084,3,FALSE,75.0135249983918,0.0755109575285014
00-0036331,Devin Duvernay,WR,2025,17,4.6,0.270588235294118,27.9698836413415,92,5,16,11,79,183,4,0.0809262684989429,0.106902397052598,12,0.24,19.2,1.47692307692308,13,TRUE,1,-4.79011169771107,64.39098450827193,0.4878221470323203,3,FALSE,54.07189796423326,0.0809262684989429
00-0036332,Josiah Deguara,TE,2021,14,61.5,4.39285714285714,24.5448323066393,94,1,2,1,12,24,0,0.0487804878048781,0.061381074168798,2,0.21,2.2,2.2,1,FALSE,0,1.2448117567873749,61.772867804759954,0.5868189323739391,3,FALSE,99.6312956406138,0
00-0036332,Josiah Deguara,TE,2022,9,24.4,2.71111111111111,25.5441478439425,94,2,34,25,245,132,0,0.0913453019449783,0.0387302185482225,17,0.351764705882353,61.5,4.39285714285714,14,FALSE,1,-2.8481260497613583,62.11011351909185,0.5416291982158619,0,TRUE,96.309286703009,0
00-0036332,Josiah Deguara,TE,2023,9,14.5,1.61111111111111,26.5434633812457,94,3,15,13,114,49,0,0.0685613672977557,0.0334804585678524,17,0.235882352941176,24.4,2.71111111111111,9,FALSE,0,-2.11541747163147,60.7647058823529,0.588235294117647,1,FALSE,82.4617658561213,0
00-0036332,Josiah Deguara,TE,2024,7,4.4,0.628571428571429,27.5455167693361,94,4,8,8,65,26,0,0.0881338742393509,0.0311391165362122,17,0.201764705882353,14.5,1.61111111111111,9,TRUE,0,-0.16653390748279134,64.32353884647833,0.5623575634262084,3,FALSE,79.89857189040993,0.0881338742393509
00-0036332,Josiah Deguara,TE,2025,7,11.1,1.58571428571429,28.5448323066393,94,5,3,3,14,2,0,0.0269034886681945,0.00209861806397353,12,0.108333333333333,4.4,0.628571428571429,7,TRUE,0,-4.450844670721244,61.33889123994921,0.5266301244718511,2,FALSE,63.568368273025115,0.0269034886681945
00-0036336,Anthony McFarland,RB,2021,2,2.4,1.2,22.4969199178645,124,1,9,6,54,23,33,0.0368725093831906,0.00991244304552228,11,0.114545454545455,22.7,2.06363636363636,11,FALSE,0,4.32871819518336,62.84387095228973,0.5983447227642579,3,FALSE,89.07074872817178,0
00-0036336,Anthony McFarland,RB,2022,1,6.1,6.1,23.4962354551677,124,2,1,1,11,0,3,0.0256410256410256,0,2,0.14,2.4,1.2,2,FALSE,1,-2.8481260497613583,62.11011351909185,0.5416291982158619,0,TRUE,96.89962194628248,0
00-0036336,Anthony McFarland,RB,2023,3,3.1,1.03333333333333,24.4955509924709,124,3,2,2,11,-4,6,0.0714285714285714,-0.0245398773006135,1,0.3,6.1,6.1,1,FALSE,0,-4.60431391612077,64.5882352941177,0.5,1,FALSE,99.37614309886182,0
00-0036340,Antonio Gandy-Golden,WR,2021,1,0,0,23.3921971252567,142,1,7,1,3,79,1,0.0511290718737527,0.0721633453573417,6,0.315,3.5,0.875,4,FALSE,0,1.26828816587635,65,0.551948051948052,1,FALSE,86.5765769116426,0
00-0036345,K.J. Osborn,WR,2021,17,158.5,9.32352941176471,24.227241615332,176,1,0,0,0,0,0,0,0,NA,NA,0,0,8,FALSE,1,-1.3326053848525747,62.44109108555703,0.5569567092023618,0,TRUE,98.73749318926043,0
00-0036345,K.J. Osborn,WR,2022,17,155.6,9.15294117647059,25.2265571526352,176,2,82,50,655,861,1,0.17090532986121,0.206515546186329,17,0.682352941176471,158.5,9.32352941176471,17,FALSE,1,-2.8481260497613583,62.11011351909185,0.5416291982158619,0,TRUE,99.63768087860034,0
00-0036345,K.J. Osborn,WR,2023,15,120,8,26.2258726899384,176,3,93,62,670,783,3,0.177162702367756,0.189496695113063,18,0.733333333333333,155.6,9.15294117647059,17,FALSE,0,2.68718916520798,64.7777777777778,0.651515151515151,1,FALSE,91.5505700173843,0
00-0036345,K.J. Osborn,WR,2024,7,18.7,2.67142857142857,27.2279260780287,176,4,75,48,540,659,0,0.16806924805867,0.175772788553386,16,0.788125,120,8,15,TRUE,1,-3.947551699890613,64.46824339329336,0.49696331073012767,4,FALSE,75.0135249983918,0.16806924805867
00-0036355,Justin Herbert,QB,2021,17,395.76,23.28,23.479808350444898,6,1,0,0,0,0,55,0,0,15,0.996666666666667,342.84,22.856,15,FALSE,1,-1.3326053848525747,62.44109108555703,0.5569567092023618,0,TRUE,98.00322351301972,0
00-0036355,Justin Herbert,QB,2022,17,291.26,17.1329411764706,24.4791238877481,6,2,0,0,0,0,63,0,0,17,0.995882352941176,395.76,23.28,17,FALSE,0,2.94323904591114,65.4117647058823,0.595348837209302,1,FALSE,100.67668139230038,0
00-0036355,Justin Herbert,QB,2023,13,241.16,18.5507692307692,25.4784394250513,6,3,2,2,-10,-15,57,0.0270453008789723,-0.0268643513711011,18,0.975,291.26,17.1329411764706,17,FALSE,0,4.361920524449067,66.15048913733956,0.6067168199037676,2,FALSE,97.53698303935931,0
00-0036355,Justin Herbert,QB,2024,17,288.4,16.9647058823529,26.4804928131417,6,4,1,1,10,-7,52,0.027027027027027,-0.02734375,13,0.958461538461538,241.16,18.5507692307692,13,FALSE,1,-7.082631239843433,64.48163851650537,0.4985939516130559,4,FALSE,94.39609488384028,0
00-0036355,Justin Herbert,QB,2025,16,299.88,18.7425,27.479808350444898,6,5,0,0,0,0,69,0,0,18,0.978333333333333,288.4,16.9647058823529,17,FALSE,0,-5.848188465752081,63.290112921482645,0.49565036001315527,5,FALSE,100.1093045339178,0
00-0036357,Henry Ruggs III,WR,2021,7,84.5,12.0714285714286,22.6036960985626,12,1,43,26,452,748,9,0.120748746975718,0.272229282317921,13,0.664615384615385,84.1,6.46923076923077,13,FALSE,0,-0.5850600027418753,62.090991104397446,0.5329616513244375,3,FALSE,86.5765769116426,0
00-0036358,CeeDee Lamb,WR,2021,16,232.8,14.55,22.4010951403149,17,1,111,74,935,1031,10,0.194999950285479,0.241146073863497,16,0.63125,211.7,13.23125,16,FALSE,0,-2.0653857588530733,67.62566458622284,0.5389140927812085,2,FALSE,71.91123187885705,0
00-0036358,CeeDee Lamb,WR,2022,17,301.6,17.7411764705882,23.4004106776181,17,2,125,80,1123,1283,10,0.226312120684202,0.286917968639021,17,0.771176470588235,232.8,14.55,16,FALSE,0,-1.1087734579919446,67.32279387485555,0.5712511189221585,3,FALSE,86.5765769116426,0
00-0036358,CeeDee Lamb,WR,2023,17,403.2,23.7176470588235,24.3997262149213,17,3,175,121,1544,1729,12,0.307850547513722,0.37824994117849,19,0.874736842105263,301.6,17.7411764705882,17,FALSE,1,-3.253496611940459,62.359387411143786,0.5639090904966904,3,FALSE,98.73749318926043,0
00-0036358,CeeDee Lamb,WR,2024,15,263.4,17.56,25.4017796030116,17,4,198,144,1859,1926,15,0.322111711300237,0.389478978609766,18,0.841666666666667,403.2,23.7176470588235,17,FALSE,0,-1.9438461941564844,63.33569615957746,0.566553637844823,4,FALSE,99.63768087860034,0
00-0036358,CeeDee Lamb,WR,2025,13,200.9,15.4538461538462,26.4010951403149,17,5,152,101,1194,1190,14,0.305116597903271,0.310382840967081,15,0.802,263.4,17.56,15,FALSE,1,-2.3156060854344385,60.48222947073567,0.5428931050762806,0,TRUE,91.5505700173843,0
00-0036360,Clyde Edwards-Helaire,RB,2021,10,117.6,11.76,22.3928815879535,32,1,59,39,320,49,196,0.133295660839212,0.0133129889667976,14,0.585714285714286,176,13.5384615384615,13,FALSE,0,9.2487708965395,62.24912817981407,0.6206834181363526,3,FALSE,89.07074872817178,0
00-0036360,Clyde Edwards-Helaire,RB,2022,10,98.3,9.83,23.3921971252567,32,2,27,21,142,-50,132,0.0815454356856205,-0.0236006888276233,12,0.466666666666667,117.6,11.76,10,FALSE,0,9.764874939182034,63.265673354913034,0.6318005958082872,4,FALSE,96.89962194628248,0
00-0036360,Clyde Edwards-Helaire,RB,2023,15,70.1,4.67333333333333,24.3915126625599,32,3,23,17,151,10,71,0.0941628813669074,0.00260598002729548,10,0.322,98.3,9.83,10,FALSE,1,-1.1508133315416142,62.217587857511425,0.5305483396322973,0,TRUE,99.37614309886182,0
00-0036360,Clyde Edwards-Helaire,RB,2024,2,10,5,25.3935660506502,32,4,26,21,195,-66,81,0.0686729073880431,-0.0259938367300114,19,0.219473684210526,70.1,4.67333333333333,15,TRUE,1,-1.746163993703397,61.15189530920728,0.48150446254666934,2,FALSE,91.39560576824717,0.0686729073880431
00-0036360,Clyde Edwards-Helaire,RB,2025,2,4.2,2.1,26.3928815879535,32,5,5,3,24,-4,13,0.0992458521870287,-0.0111888111888112,2,0.35,10,5,2,TRUE,0,5.300602599522808,62.06117943246481,0.6217951442008044,2,FALSE,93.3197777467908,0.0992458521870287
00-0036365,Bryan Edwards,WR,2021,16,109.1,6.81875,22.8008213552361,81,1,15,11,193,127,0,0.0596975473758038,0.0658145280751649,12,0.315833333333333,36.3,4.03333333333333,9,FALSE,0,-0.5850600027418753,62.090991104397446,0.5329616513244375,3,FALSE,86.5765769116426,0
00-0036365,Bryan Edwards,WR,2022,4,4.5,1.125,23.8001368925394,81,2,65,37,612,898,1,0.11997481691076,0.197110806178198,17,0.757647058823529,109.1,6.81875,16,TRUE,0,-0.356785931309,58.5294117647059,0.605095541401274,1,FALSE,98.73749318926043,0.11997481691076
00-0036370,Joshua Kelley,RB,2021,8,17,2.125,23.7809719370294,112,1,23,23,148,-25,111,0.0868250779796379,-0.003851547344943,14,0.284285714285714,81.2,6.24615384615385,13,FALSE,1,-1.3326053848525747,62.44109108555703,0.5569567092023618,0,TRUE,99.37614309886182,0
00-0036370,Joshua Kelley,RB,2022,12,64.8,5.4,24.7802874743326,112,2,6,5,38,13,33,0.0490529299352829,0.00809881099348418,10,0.206,17,2.125,8,FALSE,0,2.94323904591114,65.4117647058823,0.595348837209302,1,FALSE,91.39560576824717,0
00-0036370,Joshua Kelley,RB,2023,17,61.7,3.62941176470588,25.7796030116359,112,3,26,15,109,52,76,0.0570617053649539,0.0202776011997375,14,0.299285714285714,64.8,5.4,12,FALSE,0,4.361920524449067,66.15048913733956,0.6067168199037676,2,FALSE,93.3197777467908,0
00-0036370,Joshua Kelley,RB,2024,1,0.2,0.2,26.7816563997262,112,4,12,8,32,15,107,0.0501978214532306,0.00557618106095486,17,0.34,61.7,3.62941176470588,17,TRUE,1,-2.3927249464459472,61.20751703093519,0.5382602054028329,0,TRUE,70.13043117440901,0.0501978214532306
00-0036382,K.J. Hill,WR,2021,6,6,1,23.9616700889801,220,1,11,7,73,79,0,0.0710492159355796,0.0643504817280351,12,0.169166666666667,12.3,1.025,12,FALSE,1,-1.3326053848525747,62.44109108555703,0.5569567092023618,0,TRUE,98.73749318926043,0
00-0036383,Eno Benjamin,RB,2022,13,89.6,6.89230769230769,23.3867214236824,222,2,9,8,68,-8,38,0.0724200185660632,-0.0181019998068775,9,0.181111111111111,28,3.5,8,FALSE,0,2.1048884742145724,64.66575143138203,0.5689299557692652,6,FALSE,96.89962194628248,0
00-0036387,Jalen Reagor,WR,2021,17,78.1,4.59411764705882,22.6639288158795,21,1,54,31,396,705,4,0.169443100148614,0.210146014118927,11,0.672727272727273,81.2,7.38181818181818,11,FALSE,1,-1.556697294251077,65.79897521448999,0.5741231667858766,2,FALSE,86.5765769116426,0
00-0036387,Jalen Reagor,WR,2022,17,26.9,1.58235294117647,23.6632443531828,21,2,60,34,301,564,10,0.152754228574178,0.173182968409834,18,0.675,78.1,4.59411764705882,17,TRUE,1,-2.8481260497613583,62.11011351909185,0.5416291982158619,0,TRUE,98.73749318926043,0.152754228574178
00-0036387,Jalen Reagor,WR,2023,9,22.5,2.5,24.662559890486,21,3,13,8,104,176,4,0.0374805220959067,0.0524803129385625,14,0.09,26.9,1.58235294117647,17,TRUE,1,-1.1508133315416142,62.217587857511425,0.5305483396322973,0,TRUE,99.63768087860034,0.0374805220959067
00-0036387,Jalen Reagor,WR,2024,7,14.7,2.1,25.6646132785763,21,4,23,7,138,359,1,0.112550498490893,0.220267727613353,11,0.487272727272727,22.5,2.5,9,TRUE,1,-7.082631239843433,64.48163851650537,0.4985939516130559,4,FALSE,91.5505700173843,0.112550498490893
00-0036389,Jalen Hurts,QB,2021,15,321.16,21.4106666666667,23.0691307323751,53,1,1,1,3,-6,63,0.0256410256410256,-0.016260162601626,15,0.306666666666667,113.14,8.08142857142857,14,FALSE,1,-1.556697294251077,65.79897521448999,0.5741231667858766,2,FALSE,98.00322351301972,0
00-0036389,Jalen Hurts,QB,2022,15,384.04,25.6026666666667,24.0684462696783,53,2,1,0,0,3,147,0.0416666666666667,0.00887573964497041,16,0.979375,321.16,21.4106666666667,15,FALSE,0,-2.875325229137859,64.61005036393115,0.5261283996235602,3,FALSE,100.67668139230038,0
00-0036389,Jalen Hurts,QB,2023,17,371.82,21.8717647058824,25.0677618069815,53,3,0,0,0,0,200,0,0,18,0.972222222222222,384.04,25.6026666666667,15,FALSE,1,-1.1508133315416142,62.217587857511425,0.5305483396322973,0,TRUE,97.53698303935931,0
00-0036389,Jalen Hurts,QB,2024,15,320.12,21.3413333333333,26.0698151950719,53,4,0,0,0,0,158,0,0,18,0.960555555555556,371.82,21.8717647058824,17,FALSE,1,-2.8661339040731684,66.57601057433756,0.5607137647104727,4,FALSE,94.39609488384028,0
00-0036389,Jalen Hurts,QB,2025,16,305.06,19.06625,27.0691307323751,53,5,0,0,0,0,184,0,0,19,0.925263157894737,320.12,21.3413333333333,15,FALSE,1,-2.3156060854344385,60.48222947073567,0.5428931050762806,0,TRUE,100.1093045339178,0
00-0036398,John Hightower,WR,2021,1,0,0,25.2539356605065,168,1,29,10,167,655,1,0.100519164815734,0.227851177355561,13,0.376923076923077,28.8,2.88,10,FALSE,1,-1.556697294251077,65.79897521448999,0.5741231667858766,2,FALSE,99.63768087860034,0
00-0036407,Jerry Jeudy,WR,2021,10,85,8.5,22.3572895277207,15,1,113,52,856,1529,0,0.234928175968608,0.334415383742686,16,0.74375,157.6,9.85,16,FALSE,0,-5.25500442379632,63.5,0.616666666666667,1,FALSE,71.91123187885705,0
00-0036407,Jerry Jeudy,WR,2022,15,204.2,13.6133333333333,23.356605065024,15,2,56,38,467,595,2,0.217665416957297,0.259359696247056,10,0.656,85,8.5,10,FALSE,1,-2.8481260497613583,62.11011351909185,0.5416291982158619,0,TRUE,86.5765769116426,0
00-0036407,Jerry Jeudy,WR,2023,16,141.8,8.8625,24.3559206023272,15,3,100,67,972,1146,4,0.233473883865146,0.274700791557706,15,0.714666666666667,204.2,13.6133333333333,15,FALSE,1,4.361920524449067,66.15048913733956,0.6067168199037676,2,FALSE,98.73749318926043,0
00-0036407,Jerry Jeudy,WR,2024,17,240.9,14.1705882352941,25.3579739904175,15,4,87,54,758,1109,0,0.206307922454375,0.352142450296344,16,0.65875,141.8,8.8625,16,TRUE,1,-1.07547140563658,62.6875,0.580645161290323,1,FALSE,99.63768087860034,0.206307922454375
00-0036407,Jerry Jeudy,WR,2025,17,120.7,7.1,26.3572895277207,15,5,145,90,1229,1611,0,0.270318623408526,0.353659195007532,17,0.897058823529412,240.9,14.1705882352941,17,FALSE,1,-2.3156060854344385,60.48222947073567,0.5428931050762806,0,TRUE,91.5505700173843,0
00-0036410,Tee Higgins,WR,2021,14,219.1,15.65,22.6201232032854,33,1,108,67,908,1241,5,0.231189689630151,0.309598455074571,16,0.74125,194.6,12.9733333333333,15,FALSE,0,2.510348320281197,64.50024224806202,0.5993945381770283,2,FALSE,86.5765769116426,0
00-0036410,Tee Higgins,WR,2022,14,220.9,15.7785714285714,23.6194387405886,33,2,140,92,1400,1654,0,0.266212676634098,0.395261703553288,18,0.791666666666667,219.1,15.65,14,FALSE,0,2.677685954614587,63.142209216222355,0.5919254926756715,3,FALSE,98.73749318926043,0
00-0036410,Tee Higgins,WR,2023,12,137.6,11.4666666666667,24.6187542778919,33,3,130,87,1177,1428,0,0.235032686817034,0.35649106361148,19,0.72421052631579,220.9,15.7785714285714,14,FALSE,0,4.526730966061893,63.31439633983992,0.591176217626744,4,FALSE,99.63768087860034,0
00-0036410,Tee Higgins,WR,2024,12,222.1,18.5083333333333,25.6208076659822,33,4,76,42,656,973,0,0.203469875641851,0.392318120045631,12,0.738333333333333,137.6,11.4666666666667,12,FALSE,1,-2.3927249464459472,61.20751703093519,0.5382602054028329,0,TRUE,91.5505700173843,0
00-0036410,Tee Higgins,WR,2025,15,211.6,14.1066666666667,26.6201232032854,33,5,109,73,911,1067,0,0.281593661425635,0.352691370624528,12,0.790833333333333,222.1,18.5083333333333,12,FALSE,0,10.0828731123803,62.705882352941195,0.66504854368932,1,FALSE,75.0135249983918,0
00-0036412,KJ Hamler,WR,2021,3,12.4,4.13333333333333,22.1519507186858,46,1,56,30,381,595,9,0.175442077415762,0.202337712636552,13,0.607692307692308,90.1,7.50833333333333,12,FALSE,0,-5.25500442379632,63.5,0.616666666666667,1,FALSE,71.91123187885705,0
00-0036412,KJ Hamler,WR,2022,6,25.8,4.3,23.1512662559891,46,2,10,5,74,201,0,0.10968487394958,0.243401654472349,3,0.43,12.4,4.13333333333333,3,FALSE,1,-2.8481260497613583,62.11011351909185,0.5416291982158619,0,TRUE,86.5765769116426,0
00-0036414,Cam Akers,RB,2021,1,4.3,4.3,22.1957563312799,52,1,17,14,174,67,191,0.0828796599362721,0.0485881779843338,15,0.393333333333333,101.8,9.25454545454545,11,FALSE,0,-0.639111168038151,61.890182746738866,0.513483002919607,4,FALSE,89.07074872817178,0
00-0036414,Cam Akers,RB,2022,15,141.3,9.42,23.1950718685832,52,2,13,11,86,57,72,0.0905601343101343,0.0444836115593627,5,0.5,4.3,4.3,1,FALSE,1,-2.8481260497613583,62.11011351909185,0.5416291982158619,0,TRUE,96.89962194628248,0
00-0036414,Cam Akers,RB,2023,7,46.7,6.67142857142857,24.1943874058864,52,3,18,13,117,34,188,0.0882391039498883,-0.00227428551758981,15,0.485333333333333,141.3,9.42,15,TRUE,0,2.68718916520798,64.7777777777778,0.651515151515151,1,FALSE,99.37614309886182,0.0882391039498883
00-0036414,Cam Akers,RB,2024,16,93.2,5.825,25.1964407939767,52,4,12,11,70,-13,38,0.0698640853937351,-0.0142091122335719,6,0.28,46.7,6.67142857142857,7,FALSE,0,2.0976935157109353,63.67803123643234,0.6684650520890582,2,FALSE,91.39560576824717,0
00-0036414,Cam Akers,RB,2025,4,7.18,1.795,26.1957563312799,52,5,11,10,52,-23,69,0.0579634395081063,-0.0145513372664317,11,0.258181818181818,93.2,5.825,16,FALSE,0,2.6816146451914005,62.79394275248685,0.6485657275221384,3,FALSE,93.3197777467908,0
00-0036415,Van Jefferson,WR,2021,17,168.2,9.89411764705882,25.1006160164271,57,1,38,25,266,387,1,0.15169400206391,0.206157951611178,16,0.276875,46.9,3.35,14,FALSE,0,-0.639111168038151,61.890182746738866,0.513483002919607,4,FALSE,99.63768087860034,0
00-0036415,Van Jefferson,WR,2022,10,78.9,7.89,26.0999315537303,57,2,106,59,904,1465,3,0.157070222488037,0.249569148272805,21,0.810952380952381,168.2,9.89411764705882,17,FALSE,1,-2.8481260497613583,62.11011351909185,0.5416291982158619,0,TRUE,91.5505700173843,0
00-0036415,Van Jefferson,WR,2023,14,41.3,2.95,27.0992470910335,57,3,44,24,369,695,0,0.190359538080126,0.361397018950914,11,0.778181818181818,78.9,7.89,10,TRUE,0,-6.726744015948854,58.588294353886134,0.4820650886087547,2,FALSE,75.0135249983918,0.190359538080126
00-0036415,Van Jefferson,WR,2024,15,63.6,4.24,28.1013004791239,57,4,28,12,101,422,0,0.111623398839461,0.173863739531141,12,0.4475,41.3,2.95,14,TRUE,1,-7.120032313232597,60.03284145075934,0.496930334488184,2,FALSE,54.07189796423326,0.111623398839461
00-0036415,Van Jefferson,WR,2025,14,70,5,29.1006160164271,57,5,42,26,313,502,0,0.121223820954938,0.155227359413227,18,0.652222222222222,63.6,4.24,15,TRUE,0,-6.68407505908549,60.3529411764706,0.532786885245902,1,FALSE,37.932505764701475,0.121223820954938
00-0036422,Adam Trautman,TE,2021,11,63.3,5.75454545454545,24.5694729637235,105,1,19,16,175,70,0,0.0656372134885974,0.0398356616369118,17,0.394705882352941,38.1,3.81,10,FALSE,0,-0.17176604021972183,62.57684815504885,0.5315089522252244,3,FALSE,99.6312956406138,0
00-0036422,Adam Trautman,TE,2022,12,44.7,3.725,25.5687885010267,105,2,43,27,263,245,0,0.174828703343617,0.119130557650779,13,0.754615384615385,63.3,5.75454545454545,11,FALSE,0,-1.0017622280411616,62.17367515588611,0.5342540590250734,4,FALSE,96.309286703009,0
00-0036422,Adam Trautman,TE,2023,16,60.4,3.775,26.5681040383299,105,3,22,18,207,118,0,0.0873034362109434,0.0561716149995775,15,0.568,44.7,3.725,12,TRUE,1,4.361920524449067,66.15048913733956,0.6067168199037676,2,FALSE,82.4617658561213,0.0873034362109434
00-0036422,Adam Trautman,TE,2024,13,43.8,3.36923076923077,27.5701574264203,105,4,35,22,204,226,0,0.0998254849055342,0.100716102576915,17,0.708235294117647,60.4,3.775,16,FALSE,0,2.314489148752637,63.996828470321134,0.5900392582514449,4,FALSE,79.89857189040993,0
00-0036422,Adam Trautman,TE,2025,13,45.5,3.5,28.5694729637235,105,5,23,14,190,127,0,0.0690985569047475,0.049591022970211,18,0.5,43.8,3.36923076923077,13,FALSE,0,1.6623237357923664,63.199504917454426,0.5887198393990302,5,FALSE,63.568368273025115,0
00-0036423,Albert Okwuegbunam,TE,2021,14,76,5.42857142857143,23.3538672142368,118,1,15,11,121,116,0,0.189200779727096,0.120470759114295,4,0.31,29.1,7.275,4,FALSE,0,-5.25500442379632,63.5,0.616666666666667,1,FALSE,74.1857788205039,0
00-0036423,Albert Okwuegbunam,TE,2022,6,25.5,4.25,24.35318275154,118,2,40,33,330,226,0,0.12480505585301,0.0640474322672181,14,0.462142857142857,76,5.42857142857143,14,FALSE,1,-2.8481260497613583,62.11011351909185,0.5416291982158619,0,TRUE,99.31220378490926,0
00-0036423,Albert Okwuegbunam,TE,2023,1,0,0,25.3524982888433,118,3,18,10,95,99,0,0.123204236570732,0.102969611220737,8,0.345,25.5,4.25,6,TRUE,1,-1.1508133315416142,62.217587857511425,0.5305483396322973,0,TRUE,99.6312956406138,0.123204236570732
00-0036424,Brycen Hopkins,TE,2022,7,17.9,2.55714285714286,25.4318959616701,136,2,5,5,56,28,0,0.0868965517241379,0.0621325051759834,7,0.24,1.9,1.9,1,FALSE,1,-2.8481260497613583,62.11011351909185,0.5416291982158619,0,TRUE,99.6312956406138,0
00-0036424,Brycen Hopkins,TE,2023,5,12.8,2.56,26.4312114989733,136,3,11,7,109,113,0,0.0692089883266354,0.166560856759244,14,0.210714285714286,17.9,2.55714285714286,7,FALSE,0,-3.35668263581916,58.0588235294118,0.595419847328244,1,FALSE,96.309286703009,0
00-0036425,DeeJay Dallas,RB,2021,17,60.1,3.53529411764706,22.9596167008898,144,1,20,17,111,2,34,0.0863979883034761,0.00121739758997789,8,0.26625,56.9,6.32222222222222,9,FALSE,1,-1.3326053848525747,62.44109108555703,0.5569567092023618,0,TRUE,96.89962194628248,0
00-0036425,DeeJay Dallas,RB,2022,15,47.2,3.14666666666667,23.958932238193,144,2,23,21,133,39,33,0.135197540758551,0.0276960384219026,14,0.207857142857143,60.1,3.53529411764706,17,FALSE,0,-4.28740337043254,55.5882352941176,0.544715447154472,1,FALSE,99.37614309886182,0
00-0036425,DeeJay Dallas,RB,2023,17,8.2,0.482352941176471,24.9582477754962,144,3,19,17,126,10,41,0.104003596039607,0.0118637224429435,15,0.214,47.2,3.14666666666667,15,FALSE,0,-0.39381781134052657,58.372619539887225,0.5632543451476695,2,FALSE,91.39560576824717,0
00-0036425,DeeJay Dallas,RB,2024,16,15,0.9375,25.9603011635866,144,4,9,6,26,-15,10,0.0384454790887539,-0.00996317514125729,11,0.138181818181818,8.2,0.482352941176471,17,TRUE,0,-7.77746334075928,62.294117647058805,0.53968253968254,1,FALSE,93.3197777467908,0.0384454790887539
00-0036425,DeeJay Dallas,RB,2025,5,2.1,0.42,26.9596167008898,144,5,3,3,11,-9,9,0.0293183269476373,-0.0106519704399089,6,0.13,15,0.9375,16,TRUE,0,-0.9174934729566496,59.42308282674996,0.6249431195491183,2,FALSE,70.13043117440901,0.0293183269476373
00-0036427,Tyler Johnson,WR,2021,16,72,4.5,23.0198494182067,161,1,21,14,200,226,0,0.068733962098895,0.0693616520603703,17,0.261764705882353,40.9,4.09,10,FALSE,0,0.8673730317946872,64.20348050458715,0.5632598072358128,4,FALSE,86.5765769116426,0
00-0036427,Tyler Johnson,WR,2024,11,61.1,5.55454545454545,26.0205338809035,161,4,3,2,8,16,0,0.130434782608696,0.10062893081761,1,0.54,8.8,8.8,1,FALSE,0,-1.5340879553944275,60.88578223955308,0.5544179392950374,2,FALSE,91.5505700173843,0
00-0036427,Tyler Johnson,WR,2025,9,37.7,4.18888888888889,27.0198494182067,161,5,41,26,291,229,0,0.160920745747047,0.133338728381036,15,0.376666666666667,61.1,5.55454545454545,11,TRUE,1,-2.3156060854344385,60.48222947073567,0.5428931050762806,0,TRUE,75.0135249983918,0.160920745747047
00-0036429,Charlie Woerner,TE,2021,8,10.2,1.275,23.8767967145791,190,1,4,3,36,10,0,0.038465700965701,0.0167089248307335,14,0.124285714285714,6.6,1.65,4,FALSE,1,-1.3326053848525747,62.44109108555703,0.5569567092023618,0,TRUE,99.31220378490926,0
00-0036429,Charlie Woerner,TE,2022,5,0,0,24.8761122518823,190,2,7,5,52,52,0,0.0608610965753823,0.055931628988075,20,0.242,10.2,1.275,8,FALSE,1,-2.8481260497613583,62.11011351909185,0.5416291982158619,0,TRUE,99.6312956406138,0
00-0036429,Charlie Woerner,TE,2023,10,6.2,0.62,25.8754277891855,190,3,2,0,0,43,0,0.0321951219512195,0.103441994041878,19,0.176315789473684,0,0,5,FALSE,1,-2.29091030889994,62.8823529411765,0.502958579881657,1,FALSE,96.309286703009,0
00-0036429,Charlie Woerner,TE,2024,12,11.6,0.966666666666667,26.8774811772758,190,4,3,3,32,12,0,0.0367901234567901,0.0157142606146401,20,0.276,6.2,0.62,10,TRUE,1,-2.3927249464459472,61.20751703093519,0.5382602054028329,0,TRUE,82.4617658561213,0.0367901234567901
00-0036429,Charlie Woerner,TE,2025,7,12.8,1.82857142857143,27.8767967145791,190,5,12,7,46,35,0,0.0862428962614889,0.0336911510589316,16,0.424375,11.6,0.966666666666667,12,FALSE,0,-6.60259853246614,62.8823529411765,0.435064935064935,1,FALSE,79.89857189040993,0
00-0036438,Stephen Sullivan,TE,2021,1,0,0,24.7583846680356,251,1,0,0,0,0,0,0,0,NA,NA,0,0,1,TRUE,0,1.97446778834423,61.25,0.5,1,FALSE,99.6312956406138,0
00-0036438,Stephen Sullivan,TE,2022,8,6.6,0.825,25.7577002053388,251,2,1,0,0,-2,0,0.0232558139534884,-0.00515463917525773,3,0.173333333333333,0,0,1,FALSE,1,-2.8481260497613583,62.11011351909185,0.5416291982158619,0,TRUE,96.309286703009,0
00-0036438,Stephen Sullivan,TE,2023,10,24.5,2.45,26.757015742642,251,3,6,2,46,87,0,0.0545300677021107,0.103882547925101,14,0.144285714285714,6.6,0.825,8,FALSE,1,-1.1508133315416142,62.217587857511425,0.5305483396322973,0,TRUE,82.4617658561213,0
00-0036438,Stephen Sullivan,TE,2024,1,0,0,27.7590691307324,251,4,24,12,125,255,0,0.109078785013436,0.11301512224963,11,0.226363636363636,24.5,2.45,10,FALSE,1,-0.93537900248378,60.73684210526321,0.633093525179856,1,FALSE,79.89857189040993,0
00-0036439,Tyrie Cleveland,WR,2021,4,0,0,23.9479808350445,252,1,9,6,63,79,0,0.0824250054147715,0.098083581377536,9,0.12,12.3,1.75714285714286,7,FALSE,0,-5.25500442379632,63.5,0.616666666666667,1,FALSE,98.73749318926043,0
00-0036439,Tyrie Cleveland,WR,2022,5,4.8,0.96,24.9472963723477,252,2,1,0,0,5,0,0.03125,0.028735632183908,5,0.086,0,0,4,FALSE,1,-2.8481260497613583,62.11011351909185,0.5416291982158619,0,TRUE,99.63768087860034,0
00-0036442,Joe Burrow,QB,2021,16,328.24,20.515,24.72553045859,1,1,0,0,0,0,37,0,0,10,0.973,178.72,17.872,10,FALSE,0,2.510348320281197,64.50024224806202,0.5993945381770283,2,FALSE,97.53698303935931,0
00-0036442,Joe Burrow,QB,2022,16,362.7,22.66875,25.7248459958932,1,2,0,0,0,0,51,0,0,20,0.9725,328.24,20.515,16,FALSE,0,2.677685954614587,63.142209216222355,0.5919254926756715,3,FALSE,94.39609488384028,0
00-0036442,Joe Burrow,QB,2023,10,153.16,15.316,26.7241615331964,1,3,0,0,0,0,90,0,0,19,0.988421052631579,362.7,22.66875,16,FALSE,0,4.526730966061893,63.31439633983992,0.591176217626744,4,FALSE,100.1093045339178,0
00-0036442,Joe Burrow,QB,2024,17,381.82,22.46,27.7262149212868,1,4,0,0,0,0,31,0,0,10,0.937,153.16,15.316,10,FALSE,1,-2.3927249464459472,61.20751703093519,0.5382602054028329,0,TRUE,89.57744281082132,0
00-0036442,Joe Burrow,QB,2025,8,139.46,17.4325,28.72553045859,1,5,0,0,0,0,42,0,0,17,0.995294117647059,381.82,22.46,17,FALSE,0,10.0828731123803,62.705882352941195,0.66504854368932,1,FALSE,82.32277997365468,0
00-0036450,Ke'Shawn Vaughn,RB,2021,6,36.6,6.1,24.3285420944559,76,1,11,5,34,24,31,0.0548801646541743,0.0136470845839552,8,0.1925,23.3,3.88333333333333,6,FALSE,0,0.8673730317946872,64.20348050458715,0.5632598072358128,4,FALSE,99.37614309886182,0
00-0036450,Ke'Shawn Vaughn,RB,2022,6,10.2,1.7,25.3278576317591,76,2,10,6,35,12,53,0.0517863830347626,0.00627675968538191,7,0.301428571428571,36.6,6.1,6,FALSE,0,2.1048884742145724,64.66575143138203,0.5689299557692652,6,FALSE,91.39560576824717,0
00-0036450,Ke'Shawn Vaughn,RB,2023,5,6.4,1.28,26.3271731690623,76,3,4,3,19,-11,17,0.0434691745036573,-0.0256790027315858,7,0.0842857142857143,10.2,1.7,6,FALSE,1,-1.1508133315416142,62.217587857511425,0.5305483396322973,0,TRUE,93.3197777467908,0
00-0036450,Ke'Shawn Vaughn,RB,2024,1,0.4,0.4,27.3292265571526,76,4,5,2,2,-2,24,0.0398330037354428,-0.00189798469218376,5,0.18,6.4,1.28,5,TRUE,0,-1.746163993703397,61.15189530920728,0.48150446254666934,2,FALSE,70.13043117440901,0.0398330037354428
00-0036456,Dominique Dafney,TE,2021,6,5.4,0.9,24.2464065708419,NA,1,2,2,26,16,0,0.0416666666666667,0.0462176639665534,7,0.232857142857143,10.6,5.3,2,FALSE,0,1.2448117567873749,61.772867804759954,0.5868189323739391,3,FALSE,99.31220378490926,0
00-0036457,Ty'Son Williams,RB,2022,1,1.5,1.5,25.990417522245,NA,2,12,9,84,30,35,0.0808829505326484,0.00866389427540396,8,0.27625,41.9,5.98571428571429,7,TRUE,0,2.1048884742145724,64.66575143138203,0.5689299557692652,6,FALSE,93.3197777467908,0.0808829505326484
00-0036463,Chris Blair,WR,2025,1,0,0,27.9041752224504,NA,5,2,1,17,37,0,0.0335164835164835,0.0766807635489384,3,0.133333333333333,2.7,1.35,2,FALSE,0,-6.60259853246614,62.8823529411765,0.435064935064935,1,FALSE,54.07189796423326,0
00-0036482,Mike Strachan,WR,2022,5,8.9,1.78,25.0513347022587,229,1,3,2,26,54,0,0.0476190476190476,0.115079365079365,5,0.18,4.6,2.3,2,FALSE,1,-2.8481260497613583,62.11011351909185,0.5416291982158619,0,TRUE,99.63768087860034,0
00-0036482,Mike Strachan,WR,2023,2,5.5,2.75,26.0506502395619,229,2,9,3,59,129,0,0.0586912074323131,0.110896032042899,13,0.158461538461538,8.9,1.78,5,TRUE,1,-1.1508133315416142,62.217587857511425,0.5305483396322973,0,TRUE,91.5505700173843,0.0586912074323131
00-0036493,Deon Jackson,RB,2022,12,84.5,7.04166666666667,23.5345653661875,NA,1,0,0,0,0,13,0,0,3,0.0766666666666667,9.1,3.03333333333333,3,FALSE,1,-2.8481260497613583,62.11011351909185,0.5416291982158619,0,TRUE,99.37614309886182,0
00-0036493,Deon Jackson,RB,2023,2,4,2,24.5338809034908,NA,2,34,30,209,-17,68,0.156833157045234,-0.00726617650681402,13,0.270769230769231,84.5,7.04166666666667,12,FALSE,0,-4.28875800108645,64.4117647058823,0.516556291390728,1,FALSE,91.39560576824717,0
00-0036497,Tim Jones,WR,2023,10,19.3,1.93,25.2977412731006,NA,2,4,3,30,7,0,0.0356229126451573,0.0172167201006232,17,0.141764705882353,6,0.857142857142857,7,FALSE,0,-1.3488422968493057,64.25181382193803,0.5645692856581886,2,FALSE,99.63768087860034,0
00-0036497,Tim Jones,WR,2024,8,7.1,0.8875,26.299794661191,NA,3,18,11,83,152,0,0.0712548906700208,0.081377686735913,17,0.299411764705882,19.3,1.93,10,FALSE,0,-0.16653390748279134,64.32353884647833,0.5623575634262084,3,FALSE,91.5505700173843,0
00-0036497,Tim Jones,WR,2025,2,2.5,1.25,27.2991101984942,NA,4,5,3,41,40,0,0.0628571428571429,0.0572042876363939,16,0.174375,7.1,0.8875,8,FALSE,1,-2.3156060854344385,60.48222947073567,0.5428931050762806,0,TRUE,75.0135249983918,0
00-0036510,Kenny Yeboah,TE,2022,3,0,0,23.8384668035592,NA,1,3,2,36,48,0,0.0537037037037037,0.109008233992872,3,0.306666666666667,5.6,1.86666666666667,3,FALSE,0,-3.2398543233494106,61.92644902198673,0.5336580980676521,4,FALSE,99.31220378490926,0
00-0036510,Kenny Yeboah,TE,2023,3,4.8,1.6,24.8377823408624,NA,2,0,0,0,0,0,0,0,7,0.0628571428571429,0,0,3,FALSE,1,1.7472426029804171,61.63220683305003,0.5940290152635698,4,FALSE,99.6312956406138,0
00-0036510,Kenny Yeboah,TE,2024,7,15.7,2.24285714285714,25.8398357289528,NA,3,4,2,28,19,0,0.0566919191919192,0.0704254727474972,5,0.352,4.8,1.6,3,FALSE,1,-9.413792033601224,61.56675373145686,0.5608928535266602,2,FALSE,96.309286703009,0
00-0036527,DJ Turner,WR,2023,7,0,0,26.6173853524983,NA,2,1,0,0,-3,4,0.0526315789473684,-0.0157894736842105,6,0.06,2.6,0.52,5,FALSE,0,-4.47041026144887,61.4117647058824,0.621212121212121,1,FALSE,75.0135249983918,0
00-0036527,DJ Turner,WR,2024,12,47.1,3.925,27.6194387405886,NA,3,0,0,0,0,0,0,0,4,0.05,0,0,7,FALSE,1,-8.09083680152126,60.89232303090727,0.4923131914657334,2,FALSE,54.07189796423326,0
00-0036527,DJ Turner,WR,2025,1,0,0,28.6187542778919,NA,4,29,16,158,255,5,0.122427352364406,0.148545756718145,12,0.438333333333333,47.1,3.925,12,FALSE,1,-2.3156060854344385,60.48222947073567,0.5428931050762806,0,TRUE,37.932505764701475,0
00-0036534,Shane Zylstra,TE,2022,8,41,5.125,25.7905544147844,NA,1,7,3,34,38,0,0.140832851359167,0.093586033428896,3,0.423333333333333,6.4,2.13333333333333,3,FALSE,1,-2.8481260497613583,62.11011351909185,0.5416291982158619,0,TRUE,96.309286703009,0
00-0036534,Shane Zylstra,TE,2025,1,5,5,28.7912388774812,NA,4,1,1,22,9,0,0.032258064516129,0.0368852459016393,13,0.128461538461538,3.2,1.6,2,FALSE,1,-2.3156060854344385,60.48222947073567,0.5428931050762806,0,TRUE,63.568368273025115,0
00-0036550,Rashod Bateman,WR,2022,6,53.5,8.91666666666667,22.757015742642,27,1,68,46,515,606,0,0.193924647068663,0.214134714465788,12,0.680833333333333,103.5,8.625,12,FALSE,0,-7.907648010302149,65.67061259167201,0.49385102749788146,3,FALSE,86.5765769116426,0
00-0036550,Rashod Bateman,WR,2023,15,76.5,5.1,23.7563312799452,27,2,28,15,285,374,0,0.215069385033707,0.298039015696406,6,0.51,53.5,8.91666666666667,6,FALSE,1,3.4864180115215095,62.878328770532605,0.6282900360853253,2,FALSE,98.73749318926043,0
00-0036550,Rashod Bateman,WR,2024,16,174.6,10.9125,24.7583846680356,27,3,62,36,408,901,1,0.149570249742482,0.240913746555953,18,0.580555555555556,76.5,5.1,15,FALSE,0,2.996667788796563,62.6891488564084,0.5677081034738317,3,FALSE,99.63768087860034,0
00-0036550,Rashod Bateman,WR,2025,13,55.4,4.26153846153846,25.7577002053388,27,4,79,51,846,1080,0,0.18806299124905,0.295435332471039,19,0.676315789473684,174.6,10.9125,16,FALSE,0,0.4558089730608386,62.2806738134938,0.5473334568380964,4,FALSE,91.5505700173843,0
00-0036554,Nico Collins,WR,2022,10,97.1,9.71,23.4551676933607,89,1,60,33,446,637,0,0.156629313937928,0.244551447615968,14,0.590714285714286,83.6,5.97142857142857,14,FALSE,1,-2.8481260497613583,62.11011351909185,0.5416291982158619,0,TRUE,86.5765769116426,0
00-0036554,Nico Collins,WR,2023,15,260.4,17.36,24.4544832306639,89,2,66,37,481,775,0,0.219133913462224,0.338422161260699,10,0.717,97.1,9.71,10,FALSE,1,-4.57572469712941,60.05,0.437810945273632,1,FALSE,98.73749318926043,0
00-0036554,Nico Collins,WR,2024,12,210.6,17.55,25.4565366187543,89,3,126,91,1461,1370,2,0.272646625420807,0.350944924933867,17,0.691176470588235,260.4,17.36,15,FALSE,0,-3.705483912483935,60.5426101785595,0.4803488471835923,2,FALSE,99.63768087860034,0
00-0036554,Nico Collins,WR,2025,15,226.2,15.08,26.4558521560575,89,4,115,80,1209,1297,0,0.273580637475323,0.354736600996931,14,0.689285714285714,210.6,17.55,12,FALSE,0,-2.5050011258412974,60.992172224454286,0.5055515164721399,3,FALSE,91.5505700173843,0
00-0036555,Chuba Hubbard,RB,2022,14,87.7,6.26428571428571,23.2251882272416,126,1,37,25,174,2,172,0.110984091228498,-7.517343558488e-4,17,0.392352941176471,137.6,8.6,16,FALSE,1,-2.8481260497613583,62.11011351909185,0.5416291982158619,0,TRUE,96.89962194628248,0
00-0036555,Chuba Hubbard,RB,2023,17,182.5,10.7352941176471,24.2245037645448,126,2,17,14,171,9,95,0.121848761112718,0.00459338614782237,15,0.306666666666667,87.7,6.26428571428571,14,FALSE,1,-1.1508133315416142,62.217587857511425,0.5305483396322973,0,TRUE,99.37614309886182,0
00-0036555,Chuba Hubbard,RB,2024,15,241.6,16.1066666666667,25.2265571526352,126,3,44,39,233,-34,238,0.116801590857024,-0.00657102126147378,17,0.595294117647059,182.5,10.7352941176471,17,FALSE,1,-0.93537900248378,60.73684210526321,0.633093525179856,1,FALSE,91.39560576824717,0
00-0036555,Chuba Hubbard,RB,2025,15,125.4,8.36,26.2258726899384,126,4,54,43,171,-65,250,0.158772816365409,-0.0371151835905019,15,0.773333333333333,241.6,16.1066666666667,15,FALSE,0,-0.9174934729566496,59.42308282674996,0.6249431195491183,2,FALSE,93.3197777467908,0
00-0036556,Brevin Jordan,TE,2022,9,26.8,2.97777777777778,22.1273100616016,147,1,28,20,178,159,0,0.126573089752438,0.130629286606832,9,0.406666666666667,55.8,6.975,8,FALSE,1,-2.8481260497613583,62.11011351909185,0.5416291982158619,0,TRUE,48.05879012739746,0
00-0036556,Brevin Jordan,TE,2023,10,50.9,5.09,23.1266255989049,147,2,28,14,128,205,0,0.108295804601223,0.0941042847502563,11,0.387272727272727,26.8,2.97777777777778,9,FALSE,1,-4.57572469712941,60.05,0.437810945273632,1,FALSE,74.1857788205039,0
00-0036556,Brevin Jordan,TE,2024,2,2.7,1.35,24.1286789869952,147,3,23,18,295,121,0,0.0898542591336879,0.0483560034028923,15,0.354,50.9,5.09,10,FALSE,0,-3.705483912483935,60.5426101785595,0.4803488471835923,2,FALSE,99.31220378490926,0
00-0036567,Elijah Mitchell,RB,2022,5,43.6,8.72,24.3340177960301,194,1,29,26,194,-9,262,0.142585457302926,0.00104951815998254,14,0.640714285714286,165,15,11,FALSE,1,-2.8481260497613583,62.11011351909185,0.5416291982158619,0,TRUE,99.37614309886182,0
00-0036567,Elijah Mitchell,RB,2023,11,47.5,4.31818181818182,25.3333333333333,194,2,7,5,32,-7,68,0.0834712263283692,-0.0102040816326531,7,0.248571428571429,43.6,8.72,5,FALSE,1,-2.29091030889994,62.8823529411765,0.502958579881657,1,FALSE,91.39560576824717,0
00-0036569,Gary Brightwell,RB,2022,15,29,1.93333333333333,24.5065023956194,196,1,1,1,6,1,1,0.0277777777777778,0.00326797385620915,4,0.05,2,0.285714285714286,7,FALSE,1,-2.8481260497613583,62.11011351909185,0.5416291982158619,0,TRUE,91.39560576824717,0
00-0036569,Gary Brightwell,RB,2023,4,11.6,2.9,25.5058179329227,196,2,8,5,39,7,32,0.0820028924682396,0.0131519102486355,12,0.1175,29,1.93333333333333,15,FALSE,0,-3.35433829889119,62.4736842105263,0.436619718309859,1,FALSE,93.3197777467908,0
00-0036569,Gary Brightwell,RB,2024,1,0,0,26.507871321013,196,3,7,5,47,-6,9,0.0777401477832512,-0.00910076185488597,4,0.155,11.6,2.9,4,TRUE,1,-1.07547140563658,62.6875,0.580645161290323,1,FALSE,70.13043117440901,0.0777401477832512
00-0036569,Gary Brightwell,RB,2025,2,0,0,27.5071868583162,196,4,0,0,0,0,0,0,0,NA,NA,0,0,1,TRUE,0,10.0828731123803,62.705882352941195,0.66504854368932,1,FALSE,50.58687746508861,0
00-0036572,Shi Smith,WR,2022,17,61.6,3.62352941176471,23.8494182067077,204,1,11,6,104,74,1,0.079323267511762,0.0796890351399088,6,0.211666666666667,16.1,3.22,5,FALSE,1,-2.8481260497613583,62.11011351909185,0.5416291982158619,0,TRUE,98.73749318926043,0
00-0036590,Quintin Morris,TE,2023,2,10.6,5.3,24.6105407255305,NA,2,14,10,102,77,0,0.0713326082521129,0.0388373029542644,16,0.301875,20.4,2.26666666666667,9,FALSE,0,5.29349471715236,63.77777777777781,0.586734693877551,1,FALSE,99.6312956406138,0
00-0036590,Quintin Morris,TE,2024,10,14.6,1.46,25.6125941136208,NA,3,3,2,26,33,0,0.0574712643678161,0.0715709728867624,17,0.174117647058824,10.6,5.3,2,FALSE,1,-0.8649786736527051,62.918497519489705,0.4885280251440543,2,FALSE,96.309286703009,0
00-0036590,Quintin Morris,TE,2025,11,17.5,1.59090909090909,26.611909650924,NA,4,8,5,36,74,0,0.0828518990127649,0.0614239222955386,18,0.189444444444444,14.6,1.46,10,TRUE,1,-2.3156060854344385,60.48222947073567,0.5428931050762806,0,TRUE,82.4617658561213,0.0828518990127649
00-0036613,Jaylen Waddle,WR,2022,17,259.2,15.2470588235294,23.7672826830938,6,1,140,104,1015,993,2,0.266701551209719,0.272173561357282,16,0.834375,245.8,15.3625,16,FALSE,1,-2.8481260497613583,62.11011351909185,0.5416291982158619,0,TRUE,98.73749318926043,0
00-0036613,Jaylen Waddle,WR,2023,14,198.6,14.1857142857143,24.766598220397,6,2,124,78,1400,1566,4,0.231221399376046,0.311697076582969,18,0.744444444444444,259.2,15.2470588235294,17,FALSE,0,0.050788902645481,59,0.598484848484849,1,FALSE,99.63768087860034,0
00-0036613,Jaylen Waddle,WR,2024,15,149.6,9.97333333333333,25.7686516084873,6,3,109,74,1045,1137,4,0.248491100741246,0.364807851357781,15,0.67,198.6,14.1857142857143,14,FALSE,0,1.6387244690867036,59.873498324310376,0.5398887365534697,2,FALSE,91.5505700173843,0
00-0036613,Jaylen Waddle,WR,2025,16,194.12,12.1325,26.7679671457906,6,4,83,58,744,827,4,0.197553031393783,0.297681206527256,15,0.786666666666667,149.6,9.97333333333333,15,FALSE,0,-0.5447121886359134,60.911465867603496,0.559447486838868,3,FALSE,75.0135249983918,0
00-0036620,Dee Eskridge,WR,2022,9,13.8,1.53333333333333,25.4428473648186,56,1,20,10,64,252,4,0.0974176395653475,0.125932971343893,NA,NA,28.3,3.5375,8,FALSE,0,-4.28740337043254,55.5882352941176,0.544715447154472,1,FALSE,99.63768087860034,0
00-0036620,Dee Eskridge,WR,2023,4,0.5,0.125,26.4421629021218,56,2,13,7,58,54,2,0.0647926589571152,0.0402625305748645,NA,NA,13.8,1.53333333333333,9,FALSE,0,-0.39381781134052657,58.372619539887225,0.5632543451476695,2,FALSE,91.5505700173843,0
00-0036620,Dee Eskridge,WR,2024,5,7.4,1.48,27.4442162902122,56,3,1,0,0,17,2,0.0263157894736842,0.0524691358024691,NA,NA,0.5,0.125,4,TRUE,0,1.6387244690867036,59.873498324310376,0.5398887365534697,2,FALSE,75.0135249983918,0.0263157894736842
00-0036620,Dee Eskridge,WR,2025,11,8.2,0.745454545454545,28.4435318275154,56,4,3,3,44,15,0,0.0334135068854933,0.0230494875943905,NA,NA,7.4,1.48,5,FALSE,0,-0.5447121886359134,60.911465867603496,0.559447486838868,3,FALSE,54.07189796423326,0
00-0036626,Dyami Brown,WR,2022,9,32.8,3.64444444444444,22.8336755646817,82,1,25,12,165,381,1,0.122220759632524,0.235105605080995,15,0.359333333333333,28.1,2.81,10,FALSE,0,-0.4798819167791796,63.64768431644504,0.5435222878010671,2,FALSE,86.5765769116426,0
00-0036626,Dyami Brown,WR,2023,16,34.96,2.185,23.8329911019849,82,2,14,5,143,361,1,0.0821393721393721,0.243790216113672,15,0.161333333333333,32.8,3.64444444444444,9,FALSE,1,9.995467900260666,63.23119450037804,0.6354203032875844,5,FALSE,98.73749318926043,0
00-0036626,Dyami Brown,WR,2024,15,67.4,4.49333333333333,24.8350444900753,82,3,23,12,168,387,1,0.0667752467569471,0.134556353154573,17,0.218823529411765,34.96,2.185,16,FALSE,1,-2.3927249464459472,61.20751703093519,0.5382602054028329,0,TRUE,99.63768087860034,0
00-0036626,Dyami Brown,WR,2025,11,49.7,4.51818181818182,25.8343600273785,82,4,58,44,537,483,3,0.137942477316912,0.188067625704599,19,0.48,67.4,4.49333333333333,15,TRUE,1,-2.3156060854344385,60.48222947073567,0.5428931050762806,0,TRUE,91.5505700173843,0.137942477316912
00-0036627,Dez Fitzpatrick,WR,2022,1,0,0,24.7063655030801,109,1,8,5,49,109,0,0.0988173046996576,0.176004345301553,4,0.34,15.9,5.3,3,FALSE,0,-8.58597987701735,64.9444444444444,0.55,1,FALSE,99.63768087860034,0
00-0036628,John Bates,TE,2022,9,30.8,3.42222222222222,24.8186173853525,124,1,25,20,249,149,0,0.100283638327756,0.0917594767719251,17,0.462352941176471,50.9,4.24166666666667,12,FALSE,0,-0.4798819167791796,63.64768431644504,0.5435222878010671,2,FALSE,99.6312956406138,0
00-0036628,John Bates,TE,2023,15,34.1,2.27333333333333,25.8179329226557,124,2,22,14,108,114,0,0.106996315491929,0.073109915377843,16,0.451875,30.8,3.42222222222222,9,FALSE,1,9.995467900260666,63.23119450037804,0.6354203032875844,5,FALSE,96.309286703009,0
00-0036628,John Bates,TE,2024,13,14.4,1.10769230769231,26.8199863107461,124,3,28,19,151,175,0,0.0842967916710129,0.0551702086598583,17,0.454705882352941,34.1,2.27333333333333,15,FALSE,1,-2.3927249464459472,61.20751703093519,0.5382602054028329,0,TRUE,82.4617658561213,0
00-0036628,John Bates,TE,2025,10,27.3,2.73,27.8193018480493,124,4,18,11,115,89,0,0.0507788668783473,0.0286673526110228,20,0.4365,14.4,1.10769230769231,13,FALSE,0,1.05845290147838,65,0.4615384615384619,1,FALSE,79.89857189040993,0
00-0036630,Tylan Wallace,WR,2022,5,7.3,1.46,23.3045859000684,131,1,6,2,23,38,0,0.0455287017787018,0.0282477502028077,12,0.103333333333333,4.3,0.43,10,FALSE,0,-7.907648010302149,65.67061259167201,0.49385102749788146,3,FALSE,86.5765769116426,0
00-0036630,Tylan Wallace,WR,2023,6,2.1,0.35,24.3039014373717,131,2,7,4,33,94,0,0.0536602092944457,0.0651200956380707,8,0.14875,7.3,1.46,5,FALSE,1,3.4864180115215095,62.878328770532605,0.6282900360853253,2,FALSE,98.73749318926043,0
00-0036630,Tylan Wallace,WR,2024,12,36.3,3.025,25.305954825462,131,3,2,1,11,23,0,0.0769230769230769,0.135294117647059,9,0.114444444444444,2.1,0.35,6,FALSE,0,2.996667788796563,62.6891488564084,0.5677081034738317,3,FALSE,99.63768087860034,0
00-0036630,Tylan Wallace,WR,2025,11,14.5,1.31818181818182,26.3052703627652,131,4,15,13,241,100,0,0.0640666745213414,0.0556458623332651,19,0.275263157894737,36.3,3.025,12,FALSE,0,0.4558089730608386,62.2806738134938,0.5473334568380964,4,FALSE,91.5505700173843,0
00-0036635,Ihmir Smith-Marsette,WR,2022,4,0.4,0.1,23.0088980150582,157,1,6,5,116,128,0,0.106782106782107,0.194599509258446,6,0.246666666666667,28.6,4.76666666666667,6,TRUE,1,-2.8481260497613583,62.11011351909185,0.5416291982158619,0,TRUE,86.5765769116426,0.106782106782107
00-0036635,Ihmir Smith-Marsette,WR,2023,17,26.5,1.55882352941176,24.0082135523614,157,2,4,1,15,28,1,0.0697344322344322,0.0481972452959354,5,0.192,0.4,0.1,4,TRUE,1,-1.1508133315416142,62.217587857511425,0.5305483396322973,0,TRUE,98.73749318926043,0.0697344322344322
00-0036635,Ihmir Smith-Marsette,WR,2024,15,0,0,25.0102669404517,157,3,10,8,51,9,8,0.0790624513012311,-0.00554609276872541,13,0.141538461538462,26.5,1.55882352941176,17,TRUE,0,-2.854991123740784,62.00404474183561,0.4541853689806619,2,FALSE,99.63768087860034,0.0790624513012311
00-0036637,Noah Gray,TE,2022,17,70,4.11764705882353,23.3401779603012,162,1,14,9,50,45,0,0.0474866963779407,0.0248089626919469,18,0.253333333333333,16.6,2.37142857142857,7,FALSE,0,9.764874939182034,63.265673354913034,0.6318005958082872,4,FALSE,74.1857788205039,0
00-0036637,Noah Gray,TE,2023,16,70.6,4.4125,24.3394934976044,162,2,38,31,336,199,2,0.0609634304567098,0.0419178527182504,20,0.534,70,4.11764705882353,17,FALSE,1,-1.1508133315416142,62.217587857511425,0.5305483396322973,0,TRUE,99.31220378490926,0
00-0036637,Noah Gray,TE,2024,16,113.3,7.08125,25.3415468856947,162,3,52,36,371,343,1,0.0945651929139743,0.0891793657346045,21,0.529047619047619,70.6,4.4125,16,FALSE,0,5.007275832550871,62.904761904761905,0.626126126126126,1,FALSE,99.6312956406138,0
00-0036637,Noah Gray,TE,2025,14,38.8,2.77142857142857,26.3408624229979,162,4,53,44,452,320,1,0.11459409919002,0.0985026809157909,20,0.5455,113.3,7.08125,16,FALSE,0,5.300602599522808,62.06117943246481,0.6217951442008044,2,FALSE,96.309286703009,0
00-0036646,Simi Fehoko,WR,2023,2,7.9,3.95,25.8206707734428,179,2,4,3,24,51,0,0.0632113821138211,0.0983042619438214,5,0.112,5.4,1.8,3,TRUE,0,4.361920524449067,66.15048913733956,0.6067168199037676,2,FALSE,91.5505700173843,0.0632113821138211
00-0036646,Simi Fehoko,WR,2024,6,16.6,2.76666666666667,26.8227241615332,179,3,2,1,9,18,0,0.0526315789473684,0.103448275862069,4,0.09,7.9,3.95,2,FALSE,1,-7.082631239843433,64.48163851650537,0.4985939516130559,4,FALSE,75.0135249983918,0
00-0036646,Simi Fehoko,WR,2025,7,0,0,27.8220396988364,179,4,16,6,106,236,0,0.133411317972014,0.213412193645554,9,0.441111111111111,16.6,2.76666666666667,6,TRUE,0,-4.450844670721244,61.33889123994921,0.5266301244718511,2,FALSE,54.07189796423326,0.133411317972014
00-0036650,Larry Rountree III,RB,2022,2,5.3,2.65,23.5482546201232,198,1,2,1,-1,-1,36,0.0267857142857143,-0.00196850393700787,8,0.18625,15.6,1.73333333333333,9,FALSE,0,2.94323904591114,65.4117647058823,0.595348837209302,1,FALSE,99.37614309886182,0
00-0036652,Racey McMath,WR,2022,4,6.4,1.6,23.2169746748802,205,1,6,2,8,67,0,0.0446047008547009,0.0759572076321266,10,0.152,0.8,0.133333333333333,6,FALSE,0,-8.58597987701735,64.9444444444444,0.55,1,FALSE,86.5765769116426,0
00-0036654,Demetric Felton,RB,2022,6,2.4,0.4,24.1286789869952,211,1,21,18,181,9,7,0.089182273664691,0.00210820584593149,15,0.136,50.5,3.36666666666667,15,FALSE,0,-3.175694760403078,61.836291725562674,0.46540353266213097,2,FALSE,99.37614309886182,0
00-0036669,Kylin Hill,RB,2022,1,0.7,0.7,24.0383299110199,256,1,2,1,5,-3,10,0.0289915966386555,-0.00531630990505084,4,0.1125,3.9,0.4875,8,FALSE,1,-2.8481260497613583,62.11011351909185,0.5416291982158619,0,TRUE,99.37614309886182,0
00-0036671,Dax Milne,WR,2022,15,15.7,1.04666666666667,23.192334017796,258,1,14,9,83,102,1,0.0624044466763262,0.0712645918209964,13,0.181538461538462,15.4,1.71111111111111,9,FALSE,0,-0.4798819167791796,63.64768431644504,0.5435222878010671,2,FALSE,86.5765769116426,0
00-0036692,Miller Forristall,TE,2022,1,0,0,24.476386036961,NA,1,0,0,0,0,0,0,0,2,0.085,0,0,1,FALSE,0,-3.175694760403078,61.836291725562674,0.46540353266213097,2,FALSE,99.31220378490926,0
00-0036741,Jack Stoll,TE,2022,9,23.3,2.58888888888889,24.5913757700205,NA,1,5,4,22,14,0,0.102010489510489,0.0350447375990174,17,0.312941176470588,6.2,1.03333333333333,6,FALSE,0,-2.875325229137859,64.61005036393115,0.5261283996235602,3,FALSE,99.6312956406138,0
00-0036741,Jack Stoll,TE,2023,6,8.8,1.46666666666667,25.5906913073238,NA,2,15,12,128,95,0,0.0582987503668227,0.0394686468845207,20,0.464,23.3,2.58888888888889,9,FALSE,1,-1.1508133315416142,62.217587857511425,0.5305483396322973,0,TRUE,96.309286703009,0
00-0036741,Jack Stoll,TE,2024,5,3,0.6,26.5927446954141,NA,3,8,5,38,25,0,0.063416730328495,0.019358815516416,18,0.387222222222222,8.8,1.46666666666667,6,FALSE,1,-2.8661339040731684,66.57601057433756,0.5607137647104727,4,FALSE,82.4617658561213,0
00-0036741,Jack Stoll,TE,2025,9,16.6,1.84444444444444,27.5920602327173,NA,4,3,2,10,12,0,0.0635208711433757,0.0263005780346821,7,0.44,3,0.6,5,TRUE,1,-2.3156060854344385,60.48222947073567,0.5428931050762806,0,TRUE,79.89857189040993,0.0635208711433757
00-0036754,Brock Wright,TE,2022,14,63.6,4.54285714285714,23.7618069815195,NA,1,17,12,117,70,0,0.0904951293958029,0.0424111573072931,10,0.475,35.7,4.4625,8,FALSE,1,-2.8481260497613583,62.11011351909185,0.5416291982158619,0,TRUE,99.31220378490926,0
00-0036754,Brock Wright,TE,2023,9,28.1,3.12222222222222,24.7611225188227,NA,2,24,18,216,72,0,0.085129946630497,0.0331028970237449,17,0.52,63.6,4.54285714285714,14,FALSE,0,-3.7693556183232695,63.294117647058805,0.507853403141361,1,FALSE,99.6312956406138,0
00-0036754,Brock Wright,TE,2024,11,35,3.18181818181818,25.7631759069131,NA,3,15,14,120,42,0,0.0665767632256154,0.0319114539044497,16,0.43125,28.1,3.12222222222222,9,FALSE,0,-3.7816319045922993,64.31060134015775,0.4870263163546411,2,FALSE,96.309286703009,0
00-0036754,Brock Wright,TE,2025,8,36.8,4.6,26.762491444216302,NA,4,16,13,100,81,0,0.108495317544023,0.0641923688980875,18,0.495,35,3.18181818181818,11,FALSE,1,-2.3156060854344385,60.48222947073567,0.5428931050762806,0,TRUE,82.4617658561213,0
00-0036755,Jaret Patterson,RB,2022,2,7.8,3.9,22.6913073237509,NA,1,11,10,73,-3,68,0.0985329407789301,-0.0027681977843147902,15,0.156666666666667,55.9,3.72666666666667,15,FALSE,0,-0.4798819167791796,63.64768431644504,0.5435222878010671,2,FALSE,96.89962194628248,0
00-0036825,Feleipe Franks,TE,2022,5,0,0,24.6926762491444,NA,1,0,0,0,0,3,0,0,NA,NA,-0.4,-0.1,4,FALSE,0,-0.356785931309,58.5294117647059,0.605095541401274,1,FALSE,99.6312956406138,0
00-0036825,Feleipe Franks,TE,2025,10,0.4,0.04,27.6933607118412,NA,4,3,1,12,49,0,0.0259872241579559,0.0461827769431456,13,0.0546153846153846,2.2,0.244444444444444,9,TRUE,0,-6.60259853246614,62.8823529411765,0.435064935064935,1,FALSE,79.89857189040993,0.0259872241579559
00-0036841,Austin Trammell,WR,2023,15,4.9,0.326666666666667,25.160848733744,NA,2,4,2,13,30,0,0.0694117647058824,0.0551119185455334,6,0.158333333333333,3.3,1.65,2,FALSE,0,-3.35668263581916,58.0588235294118,0.595419847328244,1,FALSE,99.63768087860034,0
00-0036841,Austin Trammell,WR,2024,1,4,4,26.1629021218344,NA,3,7,4,29,25,0,0.182630906768838,0.111225377193104,13,0.0853846153846154,4.9,0.326666666666667,15,TRUE,0,-0.16653390748279134,64.32353884647833,0.5623575634262084,3,FALSE,91.5505700173843,0.182630906768838
00-0036841,Austin Trammell,WR,2025,6,7.6,1.26666666666667,27.1622176591376,NA,4,3,2,40,44,0,0.1,0.15547703180212,1,0.61,4,4,1,FALSE,1,-2.3156060854344385,60.48222947073567,0.5428931050762806,0,TRUE,75.0135249983918,0
00-0036842,Kene Nwangwu,RB,2022,14,5.5,0.392857142857143,24.5585215605749,119,1,5,4,9,-6,13,0.0667595818815331,-0.00612918908950695,5,0.09,11,1.22222222222222,9,FALSE,1,-2.8481260497613583,62.11011351909185,0.5416291982158619,0,TRUE,91.39560576824717,0
00-0036842,Kene Nwangwu,RB,2023,8,1.3,0.1625,25.5578370978782,119,2,2,2,21,0,9,0.0334821428571429,0.00148505049171672,3,0.0933333333333333,5.5,0.392857142857143,14,FALSE,0,2.68718916520798,64.7777777777778,0.651515151515151,1,FALSE,93.3197777467908,0
00-0036842,Kene Nwangwu,RB,2024,2,0,0,26.5598904859685,119,3,0,0,0,0,5,0,0,3,0.06,1.3,0.1625,8,TRUE,1,-9.413792033601224,61.56675373145686,0.5608928535266602,2,FALSE,70.13043117440901,0
00-0036842,Kene Nwangwu,RB,2025,10,4.9,0.49,27.5592060232717,119,4,0,0,0,0,0,0,0,1,0.01,0,0,2,FALSE,1,-2.3156060854344385,60.48222947073567,0.5428931050762806,0,TRUE,50.58687746508861,0
00-0036849,Tutu Atwell,WR,2022,12,63.2,5.26666666666667,22.90212183436,57,1,0,0,0,0,0,0,0,3,0.0566666666666667,0,0,6,FALSE,1,-2.8481260497613583,62.11011351909185,0.5416291982158619,0,TRUE,86.5765769116426,0
00-0036849,Tutu Atwell,WR,2023,14,112.4,8.02857142857143,23.9014373716632,57,2,35,18,298,622,9,0.18435517187905,0.316140707738308,13,0.413076923076923,63.2,5.26666666666667,12,FALSE,0,-3.35668263581916,58.0588235294118,0.595419847328244,1,FALSE,98.73749318926043,0
00-0036849,Tutu Atwell,WR,2024,15,98.9,6.59333333333333,24.9034907597536,57,3,68,40,521,783,5,0.185448392263074,0.226815039308123,17,0.615882352941176,112.4,8.02857142857143,14,FALSE,0,-1.5340879553944275,60.88578223955308,0.5544179392950374,2,FALSE,99.63768087860034,0
00-0036849,Tutu Atwell,WR,2025,8,31.2,3.9,25.9028062970568,57,4,63,43,580,759,2,0.191325328426916,0.255590762356485,19,0.351578947368421,98.9,6.59333333333333,15,FALSE,1,-3.2048470434873892,62.04804822432223,0.540022645347221,5,FALSE,91.5505700173843,0
00-0036857,Chris Evans,RB,2022,10,12.8,1.28,24.9062286105407,202,1,19,16,154,71,19,0.0937868068413033,0.0246443961205267,15,0.115333333333333,49.8,5.53333333333333,9,FALSE,0,2.677685954614587,63.142209216222355,0.5919254926756715,3,FALSE,91.39560576824717,0
00-0036857,Chris Evans,RB,2023,3,2.1,0.7,25.9055441478439,202,2,4,3,38,55,0,0.03037281444836,0.0548117518682035,8,0.035,12.8,1.28,10,FALSE,0,4.526730966061893,63.31439633983992,0.591176217626744,4,FALSE,93.3197777467908,0
00-0036858,Jalen Camp,WR,2022,1,1.7,1.7,24.145106091718,209,1,0,0,0,0,0,0,0,3,0.34,0,0,1,FALSE,1,-2.8481260497613583,62.11011351909185,0.5416291982158619,0,TRUE,98.73749318926043,0
00-0036860,Jake Funk,RB,2022,1,0,0,24.6379192334018,233,1,0,0,0,0,4,0,0,6,0.0716666666666667,0.5,0.1,5,FALSE,1,-2.8481260497613583,62.11011351909185,0.5416291982158619,0,TRUE,91.39560576824717,0
00-0036860,Jake Funk,RB,2023,1,3.2,3.2,25.637234770705,233,2,0,0,0,0,0,0,0,1,0.02,0,0,1,TRUE,0,-4.28875800108645,64.4117647058823,0.516556291390728,1,FALSE,93.3197777467908,0
00-0036862,Ben Skowronek,WR,2022,14,84.3,6.02142857142857,25.1800136892539,249,1,26,13,145,282,0,0.105828831640191,0.112912139796246,16,0.253125,24.3,2.025,12,FALSE,1,-2.8481260497613583,62.11011351909185,0.5416291982158619,0,TRUE,99.63768087860034,0
00-0036862,Ben Skowronek,WR,2023,13,21.5,1.65384615384615,26.1793292265572,249,2,61,39,376,475,1,0.159901400868027,0.169691412172833,14,0.813571428571429,84.3,6.02142857142857,14,FALSE,0,-3.35668263581916,58.0588235294118,0.595419847328244,1,FALSE,91.5505700173843,0
00-0036862,Ben Skowronek,WR,2024,9,11.9,1.32222222222222,27.1813826146475,249,3,13,9,71,92,2,0.0553491843921518,0.0512954872746329,18,0.185,21.5,1.65384615384615,13,TRUE,1,-7.120032313232597,60.03284145075934,0.496930334488184,2,FALSE,75.0135249983918,0.0553491843921518
00-0036862,Ben Skowronek,WR,2025,16,16.9,1.05625,28.1806981519507,249,4,5,5,69,40,0,0.0520985958485959,0.0516544396518145,10,0.171,11.9,1.32222222222222,9,FALSE,0,-6.551421263838917,60.54958485906386,0.498988084765842,3,FALSE,54.07189796423326,0
00-0036875,Rhamondre Stevenson,RB,2022,17,249.1,14.6529411764706,24.520191649555102,120,1,22,18,156,-6,141,0.112621431852539,-0.00670278124141148,13,0.350769230769231,114.9,9.575,12,FALSE,1,-2.8481260497613583,62.11011351909185,0.5416291982158619,0,TRUE,91.39560576824717,0
00-0036875,Rhamondre Stevenson,RB,2023,12,145.7,12.1416666666667,25.5195071868583,120,2,88,69,421,-14,210,0.200691620386641,0.00157760540239841,17,0.668235294117647,249.1,14.6529411764706,17,FALSE,1,-1.1508133315416142,62.217587857511425,0.5305483396322973,0,TRUE,93.3197777467908,0
00-0036875,Rhamondre Stevenson,RB,2024,15,175.9,11.7266666666667,26.5215605749487,120,3,51,38,238,13,156,0.145104727412183,-0.00476778853269415,12,0.623333333333333,145.7,12.1416666666667,12,FALSE,1,-3.947551699890613,64.46824339329336,0.49696331073012767,4,FALSE,70.13043117440901,0
00-0036875,Rhamondre Stevenson,RB,2025,14,178.8,12.7714285714286,27.5208761122519,120,4,41,33,168,-41,207,0.120784346441544,-0.0104246231743673,15,0.615333333333333,175.9,11.7266666666667,15,FALSE,1,-5.244402479179989,64.19506391873436,0.4758346739648673,4,FALSE,50.58687746508861,0
00-0036876,Kylen Granson,TE,2022,13,61.2,4.70769230769231,24.4325804243669,127,1,15,11,106,59,0,0.0584855628592361,0.0322162408044799,17,0.201764705882353,21.6,2.16,10,FALSE,1,-2.8481260497613583,62.11011351909185,0.5416291982158619,0,TRUE,99.31220378490926,0
00-0036876,Kylen Granson,TE,2023,15,73,4.86666666666667,25.4318959616701,127,2,40,31,302,259,1,0.111576602423502,0.107184334841294,13,0.450769230769231,61.2,4.70769230769231,13,FALSE,0,-4.28875800108645,64.4117647058823,0.516556291390728,1,FALSE,99.6312956406138,0
00-0036876,Kylen Granson,TE,2024,16,32.2,2.0125,26.4339493497604,127,3,50,30,368,402,1,0.129222205115333,0.129878813090236,15,0.495333333333333,73,4.86666666666667,15,FALSE,0,-3.472683811137831,64.03169499310975,0.4940455604271285,2,FALSE,96.309286703009,0
00-0036876,Kylen Granson,TE,2025,12,11,0.916666666666667,27.4332648870637,127,4,31,14,182,352,0,0.086843896501325707,0.0849599611191657,17,0.405294117647059,32.2,2.0125,16,TRUE,1,-2.3156060854344385,60.48222947073567,0.5428931050762806,0,TRUE,82.4617658561213,0.086843896501325707
00-0036877,Jaelon Darden,WR,2022,14,4.8,0.342857142857143,23.6303901437372,129,1,12,6,43,156,1,0.0516646871426651,0.0923744284092995,10,0.131,11.4,1.26666666666667,9,FALSE,0,2.1048884742145724,64.66575143138203,0.5689299557692652,6,FALSE,98.73749318926043,0
00-0036877,Jaelon Darden,WR,2023,1,0,0,24.6297056810404,129,2,2,2,26,10,1,0.0229166666666667,0.0248158727161135,6,0.141666666666667,4.8,0.342857142857143,14,TRUE,0,-4.569155185908812,62.7422569763876,0.4895010347471576,3,FALSE,99.63768087860034,0.0229166666666667
00-0036877,Jaelon Darden,WR,2024,11,1.6,0.145454545454545,25.6317590691307,129,3,0,0,0,0,0,0,0,NA,NA,0,0,1,FALSE,1,-1.07547140563658,62.6875,0.580645161290323,1,FALSE,91.5505700173843,0
00-0036879,Sam Ehlinger,QB,2022,4,38.62,9.655,23.9206023271732,218,1,0,0,0,0,3,0,0,3,0.0866666666666667,0.9,0.3,3,FALSE,1,-2.8481260497613583,62.11011351909185,0.5416291982158619,0,TRUE,100.67668139230038,0
00-0036887,Luke Farrell,TE,2022,4,8,2,24.8815879534565,145,1,11,7,56,73,0,0.047365996797815,0.0333677982981133,15,0.286,12.6,1.575,8,FALSE,1,-1.41590982238568,66.1875,0.610294117647059,1,FALSE,99.6312956406138,0
00-0036887,Luke Farrell,TE,2023,10,28.5,2.85,25.8809034907598,145,2,4,4,40,4,0,0.0361807732497388,7.8175603842705e-4,18,0.0827777777777778,8,2,4,FALSE,0,-1.3488422968493057,64.25181382193803,0.5645692856581886,2,FALSE,96.309286703009,0
00-0036887,Luke Farrell,TE,2024,12,18.7,1.55833333333333,26.8829568788501,145,3,15,13,155,71,0,0.0742831402947111,0.0393946635233693,17,0.35,28.5,2.85,10,FALSE,0,-0.16653390748279134,64.32353884647833,0.5623575634262084,3,FALSE,82.4617658561213,0
00-0036887,Luke Farrell,TE,2025,13,29.5,2.26923076923077,27.8822724161533,145,4,17,12,67,82,0,0.0628136123538791,0.033983109220499,17,0.376470588235294,18.7,1.55833333333333,12,TRUE,0,-2.673629810734993,60.52350065055126,0.4813981445744344,4,FALSE,79.89857189040993,0.0628136123538791
00-0036893,Najee Harris,RB,2022,17,223.46,13.1447058823529,24.4818617385353,24,1,96,76,466,-23,319,0.176045724635534,-0.00351281591930058,18,0.816111111111111,300.7,17.6882352941176,17,FALSE,1,-2.8481260497613583,62.11011351909185,0.5416291982158619,0,TRUE,99.37614309886182,0
00-0036893,Najee Harris,RB,2023,17,195.5,11.5,25.4811772758385,24,2,53,41,229,95,272,0.139817373482041,0.0337455893357696,17,0.658235294117647,223.46,13.1447058823529,17,FALSE,0,-4.60431391612077,64.5882352941177,0.5,1,FALSE,91.39560576824717,0
00-0036893,Najee Harris,RB,2024,17,204.6,12.0352941176471,26.4832306639288,24,3,41,31,185,17,267,0.125592596949893,-0.0160492264101731,18,0.532222222222222,195.5,11.5,17,FALSE,1,-7.120032313232597,60.03284145075934,0.496930334488184,2,FALSE,93.3197777467908,0
00-0036893,Najee Harris,RB,2025,3,11.6,3.86666666666667,27.482546201232,24,4,51,39,324,-78,269,0.136972099976318,-0.0312846786044034,18,0.497777777777778,204.6,12.0352941176471,17,TRUE,0,-5.848188465752081,63.290112921482645,0.49565036001315527,5,FALSE,70.13043117440901,0.136972099976318
00-0036894,Pat Freiermuth,TE,2022,15,148.2,9.88,23.8521560574949,55,1,84,64,522,446,0,0.152505062682993,0.119139820670031,17,0.607058823529412,151.7,9.48125,16,FALSE,1,-2.8481260497613583,62.11011351909185,0.5416291982158619,0,TRUE,99.31220378490926,0
00-0036894,Pat Freiermuth,TE,2023,11,76.8,6.98181818181818,24.8514715947981,55,2,98,63,732,821,0,0.232578139250535,0.217045062590697,16,0.68,148.2,9.88,15,FALSE,0,-4.60431391612077,64.5882352941177,0.5,1,FALSE,99.6312956406138,0
00-0036894,Pat Freiermuth,TE,2024,17,168.3,9.9,25.8535249828884,55,3,55,37,384,375,0,0.199707260525319,0.185171337360578,13,0.638461538461538,76.8,6.98181818181818,11,FALSE,1,-7.120032313232597,60.03284145075934,0.496930334488184,2,FALSE,96.309286703009,0
00-0036894,Pat Freiermuth,TE,2025,15,113.6,7.57333333333333,26.8528405201916,55,4,82,68,668,491,0,0.203620454381589,0.165751233494025,18,0.687222222222222,168.3,9.9,17,FALSE,0,-6.551421263838917,60.54958485906386,0.498988084765842,3,FALSE,82.4617658561213,0
00-0036898,Davis Mills,QB,2022,15,196.52,13.1013333333333,23.8631074606434,67,1,0,0,0,0,18,0,0,13,0.923846153846154,166.96,12.8430769230769,13,FALSE,1,-2.8481260497613583,62.11011351909185,0.5416291982158619,0,TRUE,100.67668139230038,0
00-0036898,Davis Mills,QB,2023,5,17.82,3.564,24.8624229979466,67,2,0,0,0,0,32,0,0,15,0.918,196.52,13.1013333333333,15,FALSE,1,-4.57572469712941,60.05,0.437810945273632,1,FALSE,97.53698303935931,0
00-0036898,Davis Mills,QB,2024,4,9.58,2.395,25.864476386037,67,3,0,0,0,0,5,0,0,7,0.125714285714286,17.82,3.564,5,FALSE,0,-3.705483912483935,60.5426101785595,0.4803488471835923,2,FALSE,94.39609488384028,0
00-0036898,Davis Mills,QB,2025,6,69.6,11.6,26.8637919233402,67,4,0,0,0,0,3,0,0,4,0.2975,9.58,2.395,4,FALSE,0,-2.5050011258412974,60.992172224454286,0.5055515164721399,3,FALSE,100.1093045339178,0
00-0036900,Ja'Marr Chase,WR,2022,12,242.4,20.2,22.5023956194387,5,1,163,106,1823,1952,13,0.256471785961017,0.384863881297153,21,0.868095238095238,304.6,17.9176470588235,17,FALSE,0,2.677685954614587,63.142209216222355,0.5919254926756715,3,FALSE,86.5765769116426,0
00-0036900,Ja'Marr Chase,WR,2023,16,262.72,16.42,23.501711156742,5,2,162,107,1266,1469,6,0.305480824456591,0.389997543640658,15,0.943333333333333,242.4,20.2,12,FALSE,0,4.526730966061893,63.31439633983992,0.591176217626744,4,FALSE,98.73749318926043,0
00-0036900,Ja'Marr Chase,WR,2024,17,403,23.7058823529412,24.5037645448323,5,3,145,100,1216,1254,3,0.296166434792058,0.383631643841957,16,0.87,262.72,16.42,16,FALSE,1,-2.3927249464459472,61.20751703093519,0.5382602054028329,0,TRUE,99.63768087860034,0
00-0036900,Ja'Marr Chase,WR,2025,16,313.6,19.6,25.5030800821355,5,4,175,127,1708,1526,3,0.292574027573793,0.348006126681757,17,0.922941176470588,403,23.7058823529412,17,FALSE,0,10.0828731123803,62.705882352941195,0.66504854368932,1,FALSE,91.5505700173843,0
00-0036906,Khalil Herbert,RB,2022,13,117.8,9.06153846153846,24.3641341546886,217,1,16,14,96,-5,103,0.113288477129203,-0.0067507680083591,16,0.2925,78.9,4.93125,16,FALSE,1,-2.8481260497613583,62.11011351909185,0.5416291982158619,0,TRUE,99.37614309886182,0
00-0036906,Khalil Herbert,RB,2023,12,112.5,9.375,25.3634496919918,217,2,12,9,57,-29,129,0.0956964132454329,-0.0241565349141171,13,0.374615384615385,117.8,9.06153846153846,13,FALSE,0,-11.2404955422377,57.6470588235294,0.401515151515151,1,FALSE,91.39560576824717,0
00-0036906,Khalil Herbert,RB,2024,11,31.5,2.86363636363636,26.3655030800821,217,3,31,20,134,17,132,0.117538657968181,0.00465998329782657,12,0.456666666666667,112.5,9.375,12,TRUE,1,-2.3927249464459472,61.20751703093519,0.5382602054028329,0,TRUE,93.3197777467908,0.117538657968181
00-0036906,Khalil Herbert,RB,2025,5,6.6,1.32,27.3648186173854,217,4,9,8,21,-21,28,0.157173351308842,-0.0901528512639624,8,0.1875,31.5,2.86363636363636,11,TRUE,1,-2.3156060854344385,60.48222947073567,0.5428931050762806,0,TRUE,70.13043117440901,0.157173351308842
00-0036912,DeVonta Smith,WR,2022,17,254.6,14.9764705882353,23.7973990417522,10,1,115,68,976,1586,0,0.240459506714544,0.351329825336,18,0.833333333333333,185.6,10.9176470588235,17,FALSE,0,-2.875325229137859,64.61005036393115,0.5261283996235602,3,FALSE,98.73749318926043,0
00-0036912,DeVonta Smith,WR,2023,16,227.6,14.225,24.7967145790554,10,2,158,110,1393,1566,0,0.299545100966322,0.323101421586593,20,0.9225,254.6,14.9764705882353,17,FALSE,1,-1.1508133315416142,62.217587857511425,0.5305483396322973,0,TRUE,99.63768087860034,0
00-0036912,DeVonta Smith,WR,2024,13,199.4,15.3384615384615,25.7987679671458,10,3,124,89,1214,1510,0,0.263531746599309,0.357742403260826,17,0.963529411764706,227.6,14.225,16,FALSE,1,-2.8661339040731684,66.57601057433756,0.5607137647104727,4,FALSE,91.5505700173843,0
00-0036912,DeVonta Smith,WR,2025,17,201.8,11.8705882352941,26.798083504449,10,4,106,84,1023,940,1,0.289472908826623,0.319061763193493,17,0.877058823529412,199.4,15.3384615384615,13,FALSE,1,-2.3156060854344385,60.48222947073567,0.5428931050762806,0,TRUE,75.0135249983918,0
00-0036913,Kadarius Toney,WR,2022,9,57.3,6.36666666666667,23.5947980835045,20,1,57,39,420,367,3,0.246560605209514,0.217681508611198,10,0.465,82.36,9.15111111111111,9,TRUE,0,9.764874939182034,63.265673354913034,0.6318005958082872,4,FALSE,98.73749318926043,0.246560605209514
00-0036913,Kadarius Toney,WR,2023,13,53,4.07692307692308,24.5941136208077,20,2,27,21,221,117,6,0.114002586837042,0.0621659363134276,10,0.22,57.3,6.36666666666667,9,FALSE,1,-1.1508133315416142,62.217587857511425,0.5305483396322973,0,TRUE,99.63768087860034,0
00-0036913,Kadarius Toney,WR,2024,3,-2.4,-0.8,25.596167008898,20,3,38,27,169,112,11,0.114986638580105,0.0398681459219664,13,0.262307692307692,53,4.07692307692308,13,TRUE,1,-1.07547140563658,62.6875,0.580645161290323,1,FALSE,91.5505700173843,0.114986638580105
00-0036918,Jacob Harris,WR,2022,3,1.6,0.533333333333333,25.3771389459274,141,1,0,0,0,0,0,0,0,NA,NA,0,0,2,FALSE,1,-2.8481260497613583,62.11011351909185,0.5416291982158619,0,TRUE,99.63768087860034,0
00-0036919,Kenny Gainwell,RB,2022,17,87.9,5.17058823529412,23.4688569472964,150,1,55,38,302,86,69,0.161055031409577,0.0193128316796444,NA,NA,123.4,7.7125,16,FALSE,0,-2.875325229137859,64.61005036393115,0.5261283996235602,3,FALSE,96.89962194628248,0
00-0036919,Kenny Gainwell,RB,2023,16,97.38,6.08625,24.4681724845996,150,2,38,30,224,28,86,0.0958493789992044,0.00373989723014669,NA,NA,87.9,5.17058823529412,17,FALSE,1,-1.1508133315416142,62.217587857511425,0.5305483396322973,0,TRUE,99.37614309886182,0
00-0036919,Kenny Gainwell,RB,2024,17,62.6,3.68235294117647,25.4702258726899,150,3,39,32,193,70,88,0.105085133249351,0.012423304060179,NA,NA,97.38,6.08625,16,FALSE,1,-2.8661339040731684,66.57601057433756,0.5607137647104727,4,FALSE,91.39560576824717,0
00-0036919,Kenny Gainwell,RB,2025,17,221.3,13.0176470588235,26.4695414099932,150,4,25,19,142,15,88,0.0728594246499773,0.0113418283946555,NA,NA,62.6,3.68235294117647,17,TRUE,0,-6.551421263838917,60.54958485906386,0.498988084765842,3,FALSE,93.3197777467908,0.0728594246499773
00-0036924,Michael Carter,RB,2022,16,126,7.875,23.3210130047912,107,1,55,36,325,33,147,0.167140258746496,0.0155529793380101,14,0.495714285714286,154.4,11.0285714285714,14,FALSE,0,-3.2398543233494106,61.92644902198673,0.5336580980676521,4,FALSE,96.89962194628248,0
00-0036924,Michael Carter,RB,2023,15,58.8,3.92,24.3203285420945,107,2,54,41,288,31,114,0.125362936040297,0.00866544516707208,16,0.48,126,7.875,16,FALSE,1,1.7472426029804171,61.63220683305003,0.5940290152635698,4,FALSE,99.37614309886182,0
00-0036924,Michael Carter,RB,2024,3,35.8,11.9333333333333,25.3223819301848,107,3,20,15,68,21,8,0.0915800703447762,0.00927212013469232,9,0.253333333333333,58.8,3.92,15,TRUE,0,-7.77746334075928,62.294117647058805,0.53968253968254,1,FALSE,91.39560576824717,0.0915800703447762
00-0036924,Michael Carter,RB,2025,13,99,7.61538461538462,26.321697467488,107,4,11,11,57,-16,35,0.131905259491466,-0.025364706958102,3,0.616666666666667,35.8,11.9333333333333,3,FALSE,0,-4.450844670721244,61.33889123994921,0.5266301244718511,2,FALSE,93.3197777467908,0
00-0036928,Kyle Trask,QB,2023,2,-0.1,-0.05,25.4893908281999,64,2,0,0,0,0,0,0,0,1,0.18,0.92,0.92,1,FALSE,1,-1.1508133315416142,62.217587857511425,0.5305483396322973,0,TRUE,97.53698303935931,0
00-0036928,Kyle Trask,QB,2024,3,-0.2,-0.0666666666666667,26.4914442162902,64,3,0,0,0,0,1,0,0,2,0.025,-0.1,-0.05,2,FALSE,1,-1.5340879553944275,60.88578223955308,0.5544179392950374,2,FALSE,94.39609488384028,0
00-0036936,Rondale Moore,WR,2022,8,87.9,10.9875,22.2286105407255,49,1,70,59,467,107,18,0.169843981374408,0.0285947247488123,15,0.448666666666667,109.1,7.79285714285714,14,FALSE,0,2.1048884742145724,64.66575143138203,0.5689299557692652,6,FALSE,71.91123187885705,0
00-0036936,Rondale Moore,WR,2023,17,105,6.17647058823529,23.2279260780287,49,2,56,41,414,309,6,0.263457455417451,0.22921781911546,8,0.8175,87.9,10.9875,8,FALSE,1,-1.1508133315416142,62.217587857511425,0.5305483396322973,0,TRUE,86.5765769116426,0
00-0036945,Justin Fields,QB,2022,15,306.98,20.4653333333333,23.4934976043806,11,1,0,0,0,0,72,0,0,12,0.848333333333333,136.8,11.4,12,FALSE,1,-2.8481260497613583,62.11011351909185,0.5416291982158619,0,TRUE,98.00322351301972,0
00-0036945,Justin Fields,QB,2023,13,239.18,18.3984615384615,24.4928131416838,11,2,0,0,0,0,160,0,0,15,0.990666666666667,306.98,20.4653333333333,15,FALSE,0,-11.2404955422377,57.6470588235294,0.401515151515151,1,FALSE,100.67668139230038,0
00-0036945,Justin Fields,QB,2024,10,120.14,12.014,25.4948665297741,11,3,0,0,0,0,124,0,0,13,0.962307692307692,239.18,18.3984615384615,13,TRUE,1,-7.120032313232597,60.03284145075934,0.496930334488184,2,FALSE,97.53698303935931,0
00-0036945,Justin Fields,QB,2025,9,143.66,15.9622222222222,26.4941820670773,11,4,0,0,0,0,62,0,0,11,0.563636363636364,120.14,12.014,10,TRUE,1,-2.3156060854344385,60.48222947073567,0.5428931050762806,0,TRUE,94.39609488384028,0
00-0036950,Avery Williams,RB,2022,17,34,2,24.1314168377823,183,1,0,0,0,0,0,0,0,NA,NA,0,0,15,FALSE,0,-0.356785931309,58.5294117647059,0.605095541401274,1,FALSE,99.37614309886182,0
00-0036950,Avery Williams,RB,2025,1,0,0,27.1321013004791,183,4,0,0,0,0,0,0,0,4,0.0375,0,0,17,TRUE,1,-2.3156060854344385,60.48222947073567,0.5428931050762806,0,TRUE,70.13043117440901,0
00-0036951,Frank Darby,WR,2022,1,2.5,2.5,24.9801505817933,187,1,4,1,14,83,0,0.0958333333333333,0.189854299928927,4,0.0925,2.4,0.6,4,FALSE,0,-0.356785931309,58.5294117647059,0.605095541401274,1,FALSE,99.63768087860034,0
00-0036955,Terrace Marshall Jr.,WR,2022,13,83,6.38461538461539,22.2286105407255,59,1,30,17,138,211,0,0.103691470607559,0.106710109755039,13,0.477692307692308,32.8,2.73333333333333,12,FALSE,1,-2.8481260497613583,62.11011351909185,0.5416291982158619,0,TRUE,71.91123187885705,0
00-0036955,Terrace Marshall Jr.,WR,2023,8,32.9,4.1125,23.2279260780287,59,2,47,28,490,586,0,0.177184097902164,0.277391463056381,14,0.754285714285714,83,6.38461538461539,13,FALSE,1,-1.1508133315416142,62.217587857511425,0.5305483396322973,0,TRUE,86.5765769116426,0
00-0036955,Terrace Marshall Jr.,WR,2024,5,7.1,1.42,24.2299794661191,59,3,33,19,139,238,0,0.186260399343391,0.160050307767678,9,0.556666666666667,32.9,4.1125,8,TRUE,1,-8.09083680152126,60.89232303090727,0.4923131914657334,2,FALSE,98.73749318926043,0.186260399343391
00-0036959,Michael Bandy,WR,2022,8,18.9,2.3625,24.7392197125257,NA,1,0,0,0,0,0,0,0,1,0.16,0,0,1,FALSE,0,2.94323904591114,65.4117647058823,0.595348837209302,1,FALSE,99.63768087860034,0
00-0036959,Michael Bandy,WR,2023,1,0,0,25.7385352498289,NA,2,21,10,89,184,0,0.117160296962579,0.136811495536584,11,0.310909090909091,18.9,2.3625,8,TRUE,1,4.361920524449067,66.15048913733956,0.6067168199037676,2,FALSE,91.5505700173843,0.117160296962579
00-0036963,Amon-Ra St. Brown,WR,2022,16,267.6,16.725,22.8555783709788,112,1,119,90,912,831,7,0.26984668139957,0.262247260495269,17,0.748235294117647,227.3,14.20625,16,FALSE,1,-2.8481260497613583,62.11011351909185,0.5416291982158619,0,TRUE,86.5765769116426,0
00-0036963,Amon-Ra St. Brown,WR,2023,16,330.9,20.68125,23.854893908282,112,2,146,106,1161,933,9,0.301446316375443,0.290814151921952,16,0.775625,267.6,16.725,16,FALSE,0,-3.7693556183232695,63.294117647058805,0.507853403141361,1,FALSE,98.73749318926043,0
00-0036963,Amon-Ra St. Brown,WR,2024,17,316.18,18.5988235294118,24.8569472963723,112,3,198,141,1789,1521,5,0.311997279874548,0.334508598410529,19,0.904210526315789,330.9,20.68125,16,FALSE,0,-3.7816319045922993,64.31060134015775,0.4870263163546411,2,FALSE,99.63768087860034,0
00-0036963,Amon-Ra St. Brown,WR,2025,17,324,19.0588235294118,25.8562628336756,112,4,151,123,1400,1170,2,0.289328517301707,0.337639109493454,18,0.887222222222222,316.18,18.5988235294118,17,FALSE,1,-2.3156060854344385,60.48222947073567,0.5428931050762806,0,TRUE,91.5505700173843,0
00-0036970,Kyle Pitts,TE,2022,10,75.6,7.56,21.9028062970568,4,1,110,68,1026,1193,0,0.21032519180613,0.302179154218603,17,0.735294117647059,176.6,10.3882352941176,17,FALSE,0,-0.356785931309,58.5294117647059,0.605095541401274,1,FALSE,48.05879012739746,0
00-0036970,Kyle Pitts,TE,2023,17,137.3,8.0764705882353,22.90212183436,4,2,59,28,356,812,0,0.296505555657454,0.335599171497268,10,0.719,75.6,7.56,10,FALSE,0,-6.726744015948854,58.588294353886134,0.4820650886087547,2,FALSE,74.1857788205039,0
00-0036970,Kyle Pitts,TE,2024,17,131.2,7.71764705882353,23.9041752224504,4,3,90,53,667,1029,1,0.199637687752962,0.273822141207249,17,0.644705882352941,137.3,8.0764705882353,17,FALSE,1,-2.3927249464459472,61.20751703093519,0.5382602054028329,0,TRUE,99.31220378490926,0
00-0036970,Kyle Pitts,TE,2025,17,210.8,12.4,24.9034907597536,4,4,74,47,602,623,0,0.159977936446814,0.179568129201906,17,0.62,131.2,7.71764705882353,17,FALSE,0,-6.60259853246614,62.8823529411765,0.435064935064935,1,FALSE,99.6312956406138,0
00-0036971,Trevor Lawrence,QB,2022,17,303.62,17.86,22.9048596851472,1,1,0,0,0,0,73,0,0,17,0.992941176470588,216.04,12.7082352941176,17,FALSE,1,-1.41590982238568,66.1875,0.610294117647059,1,FALSE,98.00322351301972,0
00-0036971,Trevor Lawrence,QB,2023,16,276.54,17.28375,23.9041752224504,1,2,0,0,0,0,66,0,0,19,0.977894736842105,303.62,17.86,17,FALSE,0,-1.3488422968493057,64.25181382193803,0.5645692856581886,2,FALSE,100.67668139230038,0
00-0036971,Trevor Lawrence,QB,2024,10,152.2,15.22,24.9062286105407,1,3,0,0,0,0,70,0,0,16,0.948125,276.54,17.28375,16,FALSE,0,-0.16653390748279134,64.32353884647833,0.5623575634262084,3,FALSE,97.53698303935931,0
00-0036971,Trevor Lawrence,QB,2025,17,350.18,20.5988235294118,25.9055441478439,1,4,0,0,-5,0,26,0,0,10,0.902,152.2,15.22,10,FALSE,1,-2.3156060854344385,60.48222947073567,0.5428931050762806,0,TRUE,94.39609488384028,0
00-0036972,Mac Jones,QB,2022,14,181.08,12.9342857142857,23.9890485968515,15,1,0,0,0,0,46,0,0,18,0.967222222222222,237.94,13.9964705882353,17,FALSE,1,-2.8481260497613583,62.11011351909185,0.5416291982158619,0,TRUE,100.67668139230038,0
00-0036972,Mac Jones,QB,2023,11,118.4,10.7636363636364,24.9883641341547,15,2,0,0,0,0,47,0,0,14,0.953571428571429,181.08,12.9342857142857,14,FALSE,1,-1.1508133315416142,62.217587857511425,0.5305483396322973,0,TRUE,97.53698303935931,0
00-0036972,Mac Jones,QB,2024,10,104.08,10.408,25.990417522245,15,3,0,0,0,0,26,0,0,11,0.890909090909091,118.4,10.7636363636364,11,TRUE,0,-0.16653390748279134,64.32353884647833,0.5623575634262084,3,FALSE,94.39609488384028,0
00-0036972,Mac Jones,QB,2025,11,136.04,12.3672727272727,26.9897330595483,15,4,0,0,0,0,28,0,0,10,0.798,104.08,10.408,10,TRUE,0,-2.673629810734993,60.52350065055126,0.4813981445744344,4,FALSE,100.1093045339178,0
00-0036973,Travis Etienne,RB,2023,17,282.4,16.6117647058824,24.5968514715948,25,2,49,39,346,-12,250,0.0925117855650599,-0.00801251016295805,19,0.597894736842105,205.1,12.0647058823529,17,FALSE,0,-1.3488422968493057,64.25181382193803,0.5645692856581886,2,FALSE,91.39560576824717,0
00-0036973,Travis Etienne,RB,2024,15,130.2,8.68,25.5989048596851,25,3,73,58,476,-67,267,0.130288513967006,-0.0154457359264749,17,0.733529411764706,282.4,16.6117647058824,17,FALSE,0,-0.16653390748279134,64.32353884647833,0.5623575634262084,3,FALSE,93.3197777467908,0
00-0036973,Travis Etienne,RB,2025,17,253.9,14.9352941176471,26.5982203969884,25,4,52,39,254,4,150,0.129448830701664,9.092140972955e-4,15,0.539333333333333,130.2,8.68,15,FALSE,1,-2.3156060854344385,60.48222947073567,0.5428931050762806,0,TRUE,70.13043117440901,0
00-0036980,Elijah Moore,WR,2022,14,88.1,6.29285714285714,22.4312114989733,34,1,77,43,538,899,5,0.226878595715159,0.33910317628348,11,0.650909090909091,138.2,12.5636363636364,11,FALSE,0,-3.2398543233494106,61.92644902198673,0.5336580980676521,4,FALSE,71.91123187885705,0
00-0036980,Elijah Moore,WR,2023,16,132.1,8.25625,23.4305270362765,34,2,65,37,446,785,5,0.155940841734005,0.209385679389743,16,0.67625,88.1,6.29285714285714,14,TRUE,0,-4.569155185908812,62.7422569763876,0.4895010347471576,3,FALSE,86.5765769116426,0.155940841734005
00-0036980,Elijah Moore,WR,2024,17,120.9,7.11176470588235,24.4325804243669,34,3,106,61,652,1158,9,0.2049332650088,0.245753725111791,18,0.724444444444444,132.1,8.25625,16,FALSE,1,-1.07547140563658,62.6875,0.580645161290323,1,FALSE,98.73749318926043,0
00-0036980,Elijah Moore,WR,2025,9,28.6,3.17777777777778,25.4318959616701,34,4,102,61,538,950,1,0.188162425582882,0.206426356887534,17,0.757058823529412,120.9,7.11176470588235,17,TRUE,0,-1.7945790111540487,61.81365180352616,0.4638303406066273,3,FALSE,99.63768087860034,0.188162425582882
00-0036984,Trey Sermon,RB,2022,1,1.9,1.9,23.5865845311431,88,1,4,3,26,10,41,0.0717105263157895,0.0188310100269014,5,0.298,28.3,4.71666666666667,6,TRUE,0,-2.875325229137859,64.61005036393115,0.5261283996235602,3,FALSE,99.37614309886182,0.0717105263157895
00-0036984,Trey Sermon,RB,2023,8,20.3,2.5375,24.5859000684463,88,2,0,0,0,0,2,0,0,2,0.05,1.9,1.9,1,TRUE,0,-4.28875800108645,64.4117647058823,0.516556291390728,1,FALSE,91.39560576824717,0
00-0036984,Trey Sermon,RB,2024,15,53.8,3.58666666666667,25.5879534565366,88,3,6,3,13,11,35,0.0564765180618839,0.0147566826159009,12,0.133333333333333,20.3,2.5375,8,FALSE,0,-3.472683811137831,64.03169499310975,0.4940455604271285,2,FALSE,93.3197777467908,0
00-0036984,Trey Sermon,RB,2025,3,0,0,26.5872689938398,88,4,19,16,99,6,56,0.0784901003067387,-0.00541408367641094,17,0.220588235294118,53.8,3.58666666666667,15,TRUE,0,-6.551421263838917,60.54958485906386,0.498988084765842,3,FALSE,70.13043117440901,0.0784901003067387
00-0036988,Josh Palmer,WR,2022,16,169.3,10.58125,22.943189596167,77,1,49,33,353,489,1,0.129197195900567,0.145907384101197,17,0.382352941176471,92.9,6.19333333333333,15,FALSE,0,2.94323904591114,65.4117647058823,0.595348837209302,1,FALSE,86.5765769116426,0
00-0036988,Josh Palmer,WR,2023,10,106.7,10.67,23.9425051334702,77,2,113,74,800,999,1,0.197548393968019,0.265416290546421,17,0.810588235294118,169.3,10.58125,16,FALSE,0,4.361920524449067,66.15048913733956,0.6067168199037676,2,FALSE,98.73749318926043,0
00-0036988,Josh Palmer,WR,2024,15,107.4,7.16,24.9445585215606,77,3,61,38,581,693,1,0.204554840151781,0.286826668293875,10,0.751,106.7,10.67,10,FALSE,1,-7.082631239843433,64.48163851650537,0.4985939516130559,4,FALSE,99.63768087860034,0
00-0036988,Josh Palmer,WR,2025,12,52.3,4.35833333333333,25.9438740588638,77,4,65,39,584,991,0,0.173210826357106,0.304005738812232,15,0.66,107.4,7.16,15,TRUE,0,-1.7945790111540487,61.81365180352616,0.4638303406066273,3,FALSE,91.5505700173843,0.173210826357106
00-0036991,Amari Rodgers,WR,2022,15,39.1,2.60666666666667,22.9404517453799,85,1,8,4,45,40,1,0.074025974025974,0.0515094170014383,12,0.13,9.6,0.6,16,FALSE,1,-2.8481260497613583,62.11011351909185,0.5416291982158619,0,TRUE,86.5765769116426,0
00-0036991,Amari Rodgers,WR,2023,1,0,0,23.9397672826831,85,2,8,4,50,94,0,0.078849921630094,0.133760531535955,8,0.185,39.1,2.60666666666667,15,TRUE,0,-4.28875800108645,64.4117647058823,0.516556291390728,1,FALSE,98.73749318926043,0.078849921630094
00-0036997,Javonte Williams,RB,2022,4,42,10.5,22.3518138261465,35,1,53,43,316,-12,203,0.147918224568263,-0.010162863173446,17,0.507058823529412,204.9,12.0529411764706,17,FALSE,1,-2.8481260497613583,62.11011351909185,0.5416291982158619,0,TRUE,89.07074872817178,0
00-0036997,Javonte Williams,RB,2023,16,179.2,11.2,23.3511293634497,35,2,22,16,76,-24,47,0.222948804244536,-0.0257088505283033,4,0.5325,42,10.5,4,FALSE,1,4.361920524449067,66.15048913733956,0.6067168199037676,2,FALSE,96.89962194628248,0
00-0036997,Javonte Williams,RB,2024,17,157.9,9.28823529411765,24.35318275154,35,3,58,47,228,-99,217,0.167825687738738,-0.0423009801578255,16,0.480625,179.2,11.2,16,FALSE,0,2.314489148752637,63.996828470321134,0.5900392582514449,4,FALSE,99.37614309886182,0
00-0036997,Javonte Williams,RB,2025,16,242.8,15.175,25.3524982888433,35,4,72,54,360,-28,146,0.155354428270954,-0.0441005707580524,18,0.533888888888889,157.9,9.28823529411765,17,TRUE,1,-2.3156060854344385,60.48222947073567,0.5428931050762806,0,TRUE,91.39560576824717,0.155354428270954
00-0036999,Anthony Schwartz,WR,2022,7,18.8,2.68571428571429,21.9876796714579,91,1,23,10,135,396,6,0.0976138986217404,0.207555882539818,14,0.332142857142857,33.4,2.56923076923077,13,FALSE,0,-3.175694760403078,61.836291725562674,0.46540353266213097,2,FALSE,71.91123187885705,0
00-0037004,Hunter Long,TE,2022,1,0,0,24.0355920602327,81,1,3,1,8,10,0,0.0280427927028861,0.0117370268265409,7,0.188571428571429,1.8,0.6,3,FALSE,1,-2.8481260497613583,62.11011351909185,0.5416291982158619,0,TRUE,99.31220378490926,0
00-0037004,Hunter Long,TE,2023,1,0,0,25.0349075975359,81,2,1,0,0,3,0,0.0238095238095238,0.00603621730382294,10,0.156,0,0,1,TRUE,0,-3.35668263581916,58.0588235294118,0.595419847328244,1,FALSE,99.6312956406138,0.0238095238095238
00-0037004,Hunter Long,TE,2024,11,13,1.18181818181818,26.0369609856263,81,3,0,0,0,0,0,0,0,3,0.266666666666667,0,0,1,FALSE,0,-1.5340879553944275,60.88578223955308,0.5544179392950374,2,FALSE,96.309286703009,0
00-0037004,Hunter Long,TE,2025,7,32.5,4.64285714285714,27.0362765229295,81,4,11,8,73,80,0,0.0520062386140042,0.0621947540593056,19,0.261052631578947,13,1.18181818181818,11,TRUE,1,-2.3156060854344385,60.48222947073567,0.5428931050762806,0,TRUE,82.4617658561213,0.0520062386140042
00-0037005,Tommy Tremble,TE,2022,15,52.4,3.49333333333333,22.2477754962355,83,1,35,20,180,287,3,0.0930191283263416,0.0987427789409219,16,0.4775,53.1,3.54,15,FALSE,1,-2.8481260497613583,62.11011351909185,0.5416291982158619,0,TRUE,48.05879012739746,0
00-0037005,Tommy Tremble,TE,2023,15,60.4,4.02666666666667,23.2470910335387,83,2,32,19,174,245,0,0.114803475647776,0.114343844841199,17,0.498235294117647,52.4,3.49333333333333,15,FALSE,1,-1.1508133315416142,62.217587857511425,0.5305483396322973,0,TRUE,74.1857788205039,0
00-0037005,Tommy Tremble,TE,2024,10,56.4,5.64,24.249144421629,83,3,32,23,194,204,0,0.103252060399332,0.0695659725797567,16,0.525,60.4,4.02666666666667,15,FALSE,1,-0.93537900248378,60.73684210526321,0.633093525179856,1,FALSE,99.31220378490926,0
00-0037005,Tommy Tremble,TE,2025,15,63.9,4.26,25.2484599589322,83,4,32,23,234,182,0,0.119396052951693,0.0915467534826027,12,0.6725,56.4,5.64,10,FALSE,0,-0.9174934729566496,59.42308282674996,0.6249431195491183,2,FALSE,99.6312956406138,0
00-0037011,Tre' McKitty,TE,2022,13,17.2,1.32307692307692,23.6358658453114,97,1,8,6,45,18,0,0.0523976635453276,0.0179177050885928,11,0.304545454545455,10.5,1.75,6,FALSE,0,2.94323904591114,65.4117647058823,0.595348837209302,1,FALSE,99.31220378490926,0
00-0037011,Tre' McKitty,TE,2023,1,0,0,24.6351813826146,97,2,20,12,88,68,0,0.0970876534479476,0.0666070673913447,18,0.454444444444444,17.2,1.32307692307692,13,FALSE,0,4.361920524449067,66.15048913733956,0.6067168199037676,2,FALSE,99.6312956406138,0
00-0037012,Trey Lance,QB,2022,2,13.46,6.73,22.3134839151266,3,1,0,0,0,0,38,0,0,6,0.448333333333333,66.92,11.1533333333333,6,FALSE,1,-2.8481260497613583,62.11011351909185,0.5416291982158619,0,TRUE,88.64851764738772,0
00-0037012,Trey Lance,QB,2025,4,14.54,3.635,25.3141683778234,3,4,0,0,0,0,11,0,0,4,0.3325,13.74,3.435,4,TRUE,0,-5.848188465752081,63.290112921482645,0.49565036001315527,5,FALSE,97.53698303935931,0
00-0037013,Zach Wilson,QB,2022,9,105.92,11.7688888888889,23.0800821355236,2,1,1,0,0,8,29,0.0454545454545455,0.0592592592592593,13,0.944615384615385,162.86,12.5276923076923,13,FALSE,0,-3.2398543233494106,61.92644902198673,0.5336580980676521,4,FALSE,98.00322351301972,0
00-0037013,Zach Wilson,QB,2023,12,126.94,10.5783333333333,24.0793976728268,2,2,1,1,2,2,28,0.0303030303030303,0.00600600600600601,9,0.943333333333333,105.92,11.7688888888889,9,FALSE,1,1.7472426029804171,61.63220683305003,0.5940290152635698,4,FALSE,100.67668139230038,0
00-0037077,Sam Howell,QB,2023,17,278.54,16.3847058823529,22.7898699520876,144,1,0,0,0,0,5,0,0,1,1,19.26,19.26,1,FALSE,1,9.995467900260666,63.23119450037804,0.6354203032875844,5,FALSE,98.00322351301972,0
00-0037077,Sam Howell,QB,2024,1,0.16,0.16,23.958932238193,144,2,1,1,4,1,48,0.0357142857142857,0.00649350649350649,17,0.955294117647059,278.54,16.3847058823529,17,TRUE,1,-2.3927249464459472,61.20751703093519,0.5382602054028329,0,TRUE,100.67668139230038,0.0357142857142857
00-0037078,Cole Turner,TE,2023,8,23,2.875,23.460643394935,149,1,9,2,23,68,0,0.0709993590428373,0.0761962882778894,10,0.371,4.3,0.614285714285714,7,FALSE,1,9.995467900260666,63.23119450037804,0.6354203032875844,5,FALSE,74.1857788205039,0
00-0037085,Tyler Badie,RB,2025,16,35.4,2.2125,26.5653661875428,196,3,3,3,-2,-6,13,0.0634343434343434,-0.0190290868551738,4,0.0975,9.4,3.13333333333333,3,FALSE,0,1.6623237357923664,63.199504917454426,0.5887198393990302,5,FALSE,70.13043117440901,0
00-0037086,Grant Calcaterra,TE,2023,3,7.9,2.63333333333333,24.7419575633128,198,1,9,5,81,81,0,0.0799960771717488,0.0638692164485426,17,0.209411764705882,13.1,2.18333333333333,6,FALSE,1,-1.1508133315416142,62.217587857511425,0.5305483396322973,0,TRUE,99.6312956406138,0
00-0037086,Grant Calcaterra,TE,2024,15,59.8,3.98666666666667,25.7440109514031,198,2,4,4,39,7,0,0.0580808080808081,0.011748477296051,14,0.124285714285714,7.9,2.63333333333333,3,FALSE,1,-2.8661339040731684,66.57601057433756,0.5607137647104727,4,FALSE,96.309286703009,0
00-0037086,Grant Calcaterra,TE,2025,9,22.6,2.51111111111111,26.7433264887064,198,3,31,25,302,224,0,0.125344397811403,0.0824781174112449,21,0.617619047619048,59.8,3.98666666666667,15,FALSE,1,-2.3156060854344385,60.48222947073567,0.5428931050762806,0,TRUE,82.4617658561213,0
00-0037093,Dareke Young,WR,2023,1,0,0,24.2436687200548,233,1,3,3,35,11,0,0.0574229691876751,0.0126669513172581,14,0.127142857142857,4.4,0.733333333333333,6,FALSE,0,-0.39381781134052657,58.372619539887225,0.5632543451476695,2,FALSE,98.73749318926043,0
00-0037093,Dareke Young,WR,2024,7,0,0,25.2457221081451,233,2,0,0,0,0,0,0,0,5,0.03,0,0,1,FALSE,1,-2.3927249464459472,61.20751703093519,0.5382602054028329,0,TRUE,99.63768087860034,0
00-0037093,Dareke Young,WR,2025,8,6.8,0.85,26.2450376454483,233,3,1,0,0,9,0,0.04,0.0538922155688623,8,0.05375,0,0,7,FALSE,1,-2.673629810734993,60.52350065055126,0.4813981445744344,4,FALSE,91.5505700173843,0
00-0037098,Samori Toure,WR,2023,8,15.8,1.975,25.4401095140315,258,1,10,5,82,174,0,0.10153605015674,0.2107430130029,11,0.158181818181818,19.2,4.8,4,FALSE,0,-2.11541747163147,60.7647058823529,0.588235294117647,1,FALSE,99.63768087860034,0
00-0037112,Jake Tonges,TE,2025,10,93.3,9.33,26.1519507186858,NA,3,0,0,0,0,0,0,0,11,0.0463636363636364,0,0,2,FALSE,0,-2.673629810734993,60.52350065055126,0.4813981445744344,4,FALSE,96.309286703009,0
00-0037120,Tyler Goodson,RB,2024,14,44.4,3.17142857142857,23.8083504449008,NA,2,9,6,34,-4,13,0.0622470745550626,0.00196398632180813,6,0.123333333333333,18.1,3.01666666666667,6,FALSE,0,-3.472683811137831,64.03169499310975,0.4940455604271285,2,FALSE,99.37614309886182,0
00-0037120,Tyler Goodson,RB,2025,10,5.2,0.52,24.807665982204,NA,3,15,11,61,19,32,0.0879111688789108,-0.00554738161459765,15,0.134666666666667,44.4,3.17142857142857,14,FALSE,0,-5.206003754852174,62.90759972111114,0.4735640946273987,3,FALSE,91.39560576824717,0
00-0037132,Britain Covey,WR,2023,15,8.2,0.546666666666667,26.4558521560575,NA,1,0,0,0,0,0,0,0,5,0.062,0,0,17,FALSE,1,-1.1508133315416142,62.217587857511425,0.5305483396322973,0,TRUE,91.5505700173843,0
00-0037132,Britain Covey,WR,2024,5,10.4,2.08,27.4579055441478,NA,2,6,4,42,52,0,0.130892255892256,0.125277107684379,9,0.102222222222222,8.2,0.546666666666667,15,FALSE,1,-2.8661339040731684,66.57601057433756,0.5607137647104727,4,FALSE,75.0135249983918,0
00-0037132,Britain Covey,WR,2025,6,4,0.666666666666667,28.4572210814511,NA,3,8,7,34,9,0,0.165997577191796,0.0446488166882904,5,0.144,10.4,2.08,5,FALSE,1,-2.3156060854344385,60.48222947073567,0.5428931050762806,0,TRUE,54.07189796423326,0
00-0037156,Irvin Charles,WR,2024,8,0,0,27.3867214236824,NA,2,1,0,0,4,0,0.0555555555555556,0.0251572327044025,9,0.0711111111111111,0,0,6,FALSE,1,-9.413792033601224,61.56675373145686,0.5608928535266602,2,FALSE,75.0135249983918,0
00-0037157,Bam Knight,RB,2023,2,3.1,1.55,22.3901437371663,NA,1,14,13,100,-30,85,0.078586889301175,-0.0235224898539438,NA,NA,59,8.42857142857143,7,TRUE,0,-3.7693556183232695,63.294117647058805,0.507853403141361,1,FALSE,89.07074872817178,0.078586889301175
00-0037197,Isiah Pacheco,RB,2023,14,213.9,15.2785714285714,24.5010266940452,251,1,21,19,195,-30,207,0.0820171480025885,-0.0193208077707394,20,0.335,135,7.94117647058824,17,FALSE,1,-1.1508133315416142,62.217587857511425,0.5305483396322973,0,TRUE,91.39560576824717,0
00-0037197,Isiah Pacheco,RB,2024,7,56.9,8.12857142857143,25.5030800821355,251,2,61,56,304,-128,286,0.127245435171347,-0.0439457826060297,18,0.639444444444444,213.9,15.2785714285714,14,FALSE,0,5.007275832550871,62.904761904761905,0.626126126126126,1,FALSE,93.3197777467908,0
00-0037197,Isiah Pacheco,RB,2025,13,87.3,6.71538461538462,26.5023956194387,251,3,21,15,96,-23,96,0.111309521594726,-0.0466744185976378,10,0.434,56.9,8.12857142857143,7,FALSE,0,5.300602599522808,62.06117943246481,0.6217951442008044,2,FALSE,70.13043117440901,0
00-0037216,Justyn Ross,WR,2024,1,0,0,24.7145790554415,NA,2,11,6,53,117,0,0.0945840769221762,0.208557886909657,11,0.190909090909091,11.3,1.88333333333333,6,FALSE,0,5.007275832550871,62.904761904761905,0.626126126126126,1,FALSE,99.63768087860034,0
00-0037228,Jaylen Warren,RB,2023,17,196.4,11.5529411764706,24.8323066392882,NA,1,33,28,214,-16,77,0.085284655412406,-0.00457318699794445,16,0.311875,93.3,5.83125,16,FALSE,0,-4.60431391612077,64.5882352941177,0.5,1,FALSE,91.39560576824717,0
00-0037228,Jaylen Warren,RB,2024,15,124.1,8.27333333333333,25.8343600273785,NA,2,76,63,386,-120,157,0.167431720622198,-0.0346874738408717,18,0.48277777777777803,196.4,11.5529411764706,17,FALSE,1,-7.120032313232597,60.03284145075934,0.496930334488184,2,FALSE,93.3197777467908,0
00-0037228,Jaylen Warren,RB,2025,16,217.1,13.56875,26.8336755646817,NA,3,52,42,329,-15,122,0.143285270168304,-0.00624443377549358,16,0.455,124.1,8.27333333333333,15,FALSE,0,-6.551421263838917,60.54958485906386,0.498988084765842,3,FALSE,70.13043117440901,0
00-0037231,Kevin Austin Jr.,WR,2025,5,33,6.6,25.4236824093087,NA,3,22,11,151,259,1,0.110434196003129,0.142097386387574,8,0.665,27,3.375,8,FALSE,1,-2.3156060854344385,60.48222947073567,0.5428931050762806,0,TRUE,99.63768087860034,0
00-0037238,Drake London,WR,2023,16,174.38,10.89875,22.1054072553046,8,1,117,72,866,1219,0,0.330939040812212,0.339355850763284,17,0.781176470588235,178.6,10.5058823529412,17,FALSE,0,-6.726744015948854,58.588294353886134,0.4820650886087547,2,FALSE,71.91123187885705,0
00-0037238,Drake London,WR,2024,17,280.8,16.5176470588235,23.1074606433949,8,2,110,69,905,1264,0,0.251498969529568,0.331639191025734,16,0.8125,174.38,10.89875,16,FALSE,1,-2.3927249464459472,61.20751703093519,0.5382602054028329,0,TRUE,86.5765769116426,0
00-0037238,Drake London,WR,2025,12,201.9,16.825,24.1067761806982,8,3,158,100,1271,1723,1,0.325509190218722,0.414280651047094,17,0.897058823529412,280.8,16.5176470588235,17,FALSE,0,-6.60259853246614,62.8823529411765,0.435064935064935,1,FALSE,98.73749318926043,0
00-0037239,Chris Olave,WR,2023,16,231.3,14.45625,23.1786447638604,11,1,119,72,1042,1686,0,0.291744621189437,0.43138945847851,15,0.66,198.2,13.2133333333333,15,FALSE,0,-2.7801235815858245,61.55797462571899,0.5385562169808286,5,FALSE,86.5765769116426,0
00-0037239,Chris Olave,WR,2024,8,76.7,9.5875,24.1806981519507,11,2,138,87,1123,1834,0,0.264557180633985,0.390322694344307,16,0.738125,231.3,14.45625,16,FALSE,1,-1.746163993703397,61.15189530920728,0.48150446254666934,2,FALSE,98.73749318926043,0
00-0037239,Chris Olave,WR,2025,16,269,16.8125,25.1800136892539,11,3,44,32,400,455,1,0.287036060176792,0.410490926119652,8,0.6175,76.7,9.5875,8,FALSE,1,-2.3156060854344385,60.48222947073567,0.5428931050762806,0,TRUE,99.63768087860034,0
00-0037240,Jameson Williams,WR,2023,12,80.3,6.69166666666667,22.4339493497604,12,1,9,1,41,148,1,0.058840890702399,0.117280701950894,6,0.191666666666667,15.1,2.51666666666667,6,FALSE,0,-3.7693556183232695,63.294117647058805,0.507853403141361,1,FALSE,71.91123187885705,0
00-0037240,Jameson Williams,WR,2024,15,212.2,14.1466666666667,23.4360027378508,12,2,51,30,433,822,4,0.114231441555764,0.249021906482462,15,0.559333333333333,80.3,6.69166666666667,12,FALSE,0,-3.7816319045922993,64.31060134015775,0.4870263163546411,2,FALSE,86.5765769116426,0
00-0037240,Jameson Williams,WR,2025,17,219.9,12.9352941176471,24.435318275154,12,3,95,59,1020,1148,12,0.206741050276359,0.345283546710812,16,0.800625,212.2,14.1466666666667,15,FALSE,1,-2.3156060854344385,60.48222947073567,0.5428931050762806,0,TRUE,98.73749318926043,0
00-0037247,George Pickens,WR,2023,17,208.8,12.2823529411765,22.4941820670773,52,1,84,52,801,1240,3,0.180714725698525,0.296458755186293,17,0.76,166.5,9.79411764705882,17,FALSE,0,-4.60431391612077,64.5882352941177,0.5,1,FALSE,71.91123187885705,0
00-0037247,George Pickens,WR,2024,14,164.4,11.7428571428571,23.4962354551677,52,2,117,68,1190,1548,4,0.260254580014807,0.431037423359486,18,0.872222222222222,208.8,12.2823529411765,17,FALSE,1,-7.120032313232597,60.03284145075934,0.496930334488184,2,FALSE,86.5765769116426,0
00-0037247,George Pickens,WR,2025,17,291.9,17.1705882352941,24.4955509924709,52,3,108,64,987,1477,2,0.277951295742075,0.460692126616139,15,0.800666666666667,164.4,11.7428571428571,14,TRUE,1,-2.3156060854344385,60.48222947073567,0.5428931050762806,0,TRUE,98.73749318926043,0.277951295742075
00-0037248,James Cook,RB,2023,17,232.7,13.6882352941176,23.9342915811088,63,1,32,21,180,82,106,0.104844080168424,0.0206354001630109,18,0.259444444444444,105.7,6.60625,16,FALSE,0,5.29349471715236,63.77777777777781,0.586734693877551,1,FALSE,99.37614309886182,0
00-0037248,James Cook,RB,2024,16,266.7,16.66875,24.9363449691992,63,2,63,52,471,119,273,0.126205910411575,0.0247802738511306,19,0.549473684210526,232.7,13.6882352941176,17,FALSE,1,-0.8649786736527051,62.918497519489705,0.4885280251440543,2,FALSE,91.39560576824717,0
00-0037248,James Cook,RB,2025,17,302.2,17.7764705882353,25.9356605065024,63,3,44,38,322,25,260,0.121829031494257,0.0143805951877051,19,0.476315789473684,266.7,16.66875,16,FALSE,0,-1.7945790111540487,61.81365180352616,0.4638303406066273,3,FALSE,93.3197777467908,0
00-0037252,Greg Dulcich,TE,2023,2,5.5,2.75,23.4332648870637,80,1,55,33,411,624,0,0.205056222733035,0.244964612174785,10,0.751,86.1,8.61,10,FALSE,1,4.361920524449067,66.15048913733956,0.6067168199037676,2,FALSE,74.1857788205039,0
00-0037252,Greg Dulcich,TE,2024,4,7.8,1.95,24.435318275154,80,2,4,3,25,23,0,0.0767045454545455,0.0864370827874477,2,0.27,5.5,2.75,2,TRUE,0,-2.854991123740784,62.00404474183561,0.4541853689806619,2,FALSE,99.31220378490926,0.0767045454545455
00-0037252,Greg Dulcich,TE,2025,9,62.8,6.97777777777778,25.4346338124572,80,3,0,0,0,0,0,0,0,5,0.092,7.8,1.95,4,TRUE,0,-0.5447121886359134,60.911465867603496,0.559447486838868,3,FALSE,99.6312956406138,0
00-0037256,Rachaad White,RB,2023,17,267.9,15.7588235294118,24.6351813826146,91,1,64,54,326,-32,136,0.1125641481073,-0.0112612094784973,18,0.388333333333333,139.1,8.18235294117647,17,FALSE,1,-1.1508133315416142,62.217587857511425,0.5305483396322973,0,TRUE,91.39560576824717,0
00-0037256,Rachaad White,RB,2024,15,199.6,13.3066666666667,25.637234770705,91,2,78,69,588,-27,299,0.137959473988925,-0.0094131713475142,19,0.779473684210526,267.9,15.7588235294118,17,FALSE,1,-1.5340879553944275,60.88578223955308,0.5544179392950374,2,FALSE,93.3197777467908,0
00-0037256,Rachaad White,RB,2025,17,143,8.41176470588235,26.6365503080082,91,3,59,53,407,-105,145,0.149146498700761,-0.0471987898989862,17,0.554705882352941,199.6,13.3066666666667,15,FALSE,1,-2.3156060854344385,60.48222947073567,0.5428931050762806,0,TRUE,70.13043117440901,0
00-0037257,David Bell,WR,2023,9,48.7,5.41111111111111,22.7132101300479,99,1,35,24,214,256,0,0.104112296779754,0.0772771904907826,16,0.460625,45.4,3.02666666666667,15,FALSE,0,-4.569155185908812,62.7422569763876,0.4895010347471576,3,FALSE,86.5765769116426,0
00-0037257,David Bell,WR,2024,1,5.7,5.7,23.7152635181383,99,2,31,22,221,181,0,0.112044439081504,0.0890435980946581,16,0.244375,48.7,5.41111111111111,9,FALSE,1,-1.07547140563658,62.6875,0.580645161290323,1,FALSE,98.73749318926043,0
00-0037258,Dameon Pierce,RB,2023,14,76.7,5.47857142857143,23.5318275154004,107,1,39,30,165,-11,220,0.133397779461022,-0.00261426117490393,13,0.643846153846154,166.4,12.8,13,FALSE,1,-4.57572469712941,60.05,0.437810945273632,1,FALSE,99.37614309886182,0
00-0037258,Dameon Pierce,RB,2024,10,43.5,4.35,24.5338809034908,107,2,17,13,101,14,148,0.0640443435036131,0.003880512981775,14,0.330714285714286,76.7,5.47857142857143,14,FALSE,0,-3.705483912483935,60.5426101785595,0.4803488471835923,2,FALSE,91.39560576824717,0
00-0037258,Dameon Pierce,RB,2025,5,3.6,0.72,25.533196440794,107,3,5,2,2,-10,46,0.0482265046781176,-0.0103156210253856,12,0.174166666666667,43.5,4.35,10,FALSE,0,-2.5050011258412974,60.992172224454286,0.5055515164721399,3,FALSE,93.3197777467908,0
00-0037261,Khalil Shakir,WR,2023,16,113.1,7.06875,23.5756331279945,148,1,27,15,252,340,0,0.0847973237191418,0.0969581666242528,16,0.304375,34.1,3.41,10,FALSE,0,5.29349471715236,63.77777777777781,0.586734693877551,1,FALSE,98.73749318926043,0
00-0037261,Khalil Shakir,WR,2024,15,182.5,12.1666666666667,24.5776865160849,148,2,57,49,686,456,1,0.136551103226952,0.127229770972758,19,0.531578947368421,113.1,7.06875,16,FALSE,1,-0.8649786736527051,62.918497519489705,0.4885280251440543,2,FALSE,99.63768087860034,0
00-0037261,Khalil Shakir,WR,2025,16,166.4,10.4,25.5770020533881,148,3,120,94,995,651,2,0.251708331908073,0.161092107266413,18,0.621111111111111,182.5,12.1666666666667,15,FALSE,0,-1.7945790111540487,61.81365180352616,0.4638303406066273,3,FALSE,91.5505700173843,0
00-0037263,Tyler Allgeier,RB,2023,17,137.6,8.09411764705882,23.378507871321,151,1,17,16,139,-32,210,0.101406323606329,-0.0221566725182051,16,0.50875,159.4,9.9625,16,FALSE,0,-6.726744015948854,58.588294353886134,0.4820650886087547,2,FALSE,96.89962194628248,0
00-0037263,Tyler Allgeier,RB,2024,17,106.2,6.24705882352941,24.3805612594114,151,2,23,18,193,-23,186,0.0872912074445284,0.00117551194924401,17,0.322352941176471,137.6,8.09411764705882,17,FALSE,1,-2.3927249464459472,61.20751703093519,0.5382602054028329,0,TRUE,99.37614309886182,0
00-0037263,Tyler Allgeier,RB,2025,17,123,7.23529411764706,25.3798767967146,151,3,13,13,88,-5,137,0.0452634780902595,-0.00350236925850449,17,0.249411764705882,106.2,6.24705882352941,17,FALSE,0,-6.60259853246614,62.8823529411765,0.435064935064935,1,FALSE,91.39560576824717,0
00-0037267,Jerome Ford,RB,2023,17,211.2,12.4235294117647,23.9698836413415,156,1,0,0,0,0,8,0,0,2,0.115,1.2,0.0923076923076923,13,FALSE,0,-4.569155185908812,62.7422569763876,0.4895010347471576,3,FALSE,99.37614309886182,0
00-0037267,Jerome Ford,RB,2024,14,134,9.57142857142857,24.9719370294319,156,2,67,48,334,20,213,0.132367391014952,-6.19887311282587e-5,18,0.511111111111111,211.2,12.4235294117647,17,FALSE,1,-1.07547140563658,62.6875,0.580645161290323,1,FALSE,91.39560576824717,0
00-0037267,Jerome Ford,RB,2025,13,43.6,3.35384615384615,25.9712525667351,156,3,43,37,225,-15,104,0.12884281639523,-0.0245601621172047,14,0.54,134,9.57142857142857,14,FALSE,1,-2.3156060854344385,60.48222947073567,0.5428931050762806,0,TRUE,93.3197777467908,0
00-0037272,Montrell Washington,WR,2023,4,0,0,24.4681724845996,162,1,9,4,2,153,5,0.0565206552706553,0.0870331056170203,14,0.0835714285714286,5.2,0.346666666666667,15,TRUE,1,-1.1508133315416142,62.217587857511425,0.5305483396322973,0,TRUE,98.73749318926043,0.0565206552706553
00-0037272,Montrell Washington,WR,2024,1,0,0,25.4702258726899,162,2,0,0,0,0,0,0,0,1,0.03,0,0,4,FALSE,0,5.007275832550871,62.904761904761905,0.626126126126126,1,FALSE,99.63768087860034,0
00-0037273,Kyle Philips,WR,2023,8,31.1,3.8875,24.208076659822,163,1,13,8,78,100,0,0.221377967521025,0.19569151179859,4,0.2575,11.8,2.95,4,FALSE,1,1.4135100279389323,60.4334680031692,0.6209852322499279,3,FALSE,98.73749318926043,0
00-0037276,Ty Chandler,RB,2023,16,101,6.3125,25.305954825462,169,1,0,0,0,0,6,0,0,1,0.17,2,1,2,FALSE,0,2.68718916520798,64.7777777777778,0.651515151515151,1,FALSE,91.39560576824717,0
00-0037276,Ty Chandler,RB,2024,14,28.4,2.02857142857143,26.3080082135524,169,2,25,21,159,-47,102,0.0871899730418498,-0.0173125426631496,13,0.360769230769231,101,6.3125,16,FALSE,0,2.0976935157109353,63.67803123643234,0.6684650520890582,2,FALSE,93.3197777467908,0
00-0037276,Ty Chandler,RB,2025,3,8.8,2.93333333333333,27.3073237508556,169,3,6,6,42,-11,56,0.0951997546200445,-0.0133625218216251,13,0.186153846153846,28.4,2.02857142857143,14,FALSE,0,2.6816146451914005,62.79394275248685,0.6485657275221384,3,FALSE,70.13043117440901,0
00-0037277,Teagan Quitoriano,TE,2023,3,5.3,1.76666666666667,23.4633812457221,170,1,14,7,113,175,0,0.0736470705074866,0.102147475538245,9,0.57,30.3,4.32857142857143,7,FALSE,1,-4.57572469712941,60.05,0.437810945273632,1,FALSE,74.1857788205039,0
00-0037282,James Mitchell,TE,2023,2,4.8,2.4,24.0574948665298,177,1,11,11,113,51,0,0.0487020907190645,0.0345393764462964,14,0.194285714285714,28.3,3.5375,8,FALSE,0,-3.7693556183232695,63.294117647058805,0.507853403141361,1,FALSE,99.31220378490926,0
00-0037286,Kevin Harris,RB,2023,4,21.3,5.325,22.7871321013005,183,1,0,0,0,0,18,0,0,5,0.172,11.2,2.24,5,FALSE,1,-1.1508133315416142,62.217587857511425,0.5305483396322973,0,TRUE,96.89962194628248,0
00-0037291,Jalen Nailor,WR,2023,3,5.9,1.96666666666667,24.5010266940452,191,1,13,9,179,151,0,0.108223951973952,0.143025896680632,6,0.143333333333333,32.9,4.1125,8,FALSE,0,2.68718916520798,64.7777777777778,0.651515151515151,1,FALSE,99.63768087860034,0
00-0037291,Jalen Nailor,WR,2024,15,103,6.86666666666667,25.5030800821355,191,2,6,3,29,54,0,0.13147095959596,0.165965323268694,5,0.266,5.9,1.96666666666667,3,FALSE,0,2.0976935157109353,63.67803123643234,0.6684650520890582,2,FALSE,91.5505700173843,0
00-0037291,Jalen Nailor,WR,2025,17,100.7,5.92352941176471,26.5023956194387,191,3,47,31,447,559,3,0.119528045144713,0.166405996792974,18,0.531111111111111,103,6.86666666666667,15,FALSE,0,2.6816146451914005,62.79394275248685,0.6485657275221384,3,FALSE,75.0135249983918,0
00-0037292,Andrew Ogletree,TE,2024,12,25.9,2.15833333333333,26.0971937029432,192,2,21,9,147,209,0,0.0870904211649367,0.100756983263468,12,0.404166666666667,35.7,3.24545454545455,11,FALSE,0,-3.472683811137831,64.03169499310975,0.4940455604271285,2,FALSE,96.309286703009,0
00-0037292,Andrew Ogletree,TE,2025,11,12.7,1.15454545454545,27.0965092402464,192,3,14,9,109,150,0,0.0522169228620841,0.0580346817526966,17,0.402352941176471,25.9,2.15833333333333,12,FALSE,0,-5.206003754852174,62.90759972111114,0.4735640946273987,3,FALSE,82.4617658561213,0
00-0037299,Keaontay Ingram,RB,2023,7,14,2,23.8494182067077,201,1,5,4,21,-11,27,0.0942528735632184,-0.0307407407407407,11,0.144545454545455,18.1,1.64545454545455,11,FALSE,1,-1.1508133315416142,62.217587857511425,0.5305483396322973,0,TRUE,99.37614309886182,0
00-0037299,Keaontay Ingram,RB,2024,1,0,0,24.8514715947981,201,2,4,4,26,-5,35,0.0451649958228906,-0.0102114004667718,7,0.257142857142857,14,2,7,TRUE,0,5.007275832550871,62.904761904761905,0.626126126126126,1,FALSE,91.39560576824717,0.0451649958228906
00-0037306,John FitzPatrick,TE,2024,1,1.2,1.2,24.4818617385353,213,2,1,1,12,2,0,0.0294117647058824,0.00975609756097561,5,0.054,2.2,0.733333333333333,3,TRUE,0,-1.7662823394448042,60.63912246191722,0.5625477763012525,2,FALSE,99.31220378490926,0.0294117647058824
00-0037306,John FitzPatrick,TE,2025,11,25.2,2.29090909090909,25.4811772758385,213,3,1,1,2,2,0,0.0454545454545455,0.00714285714285714,10,0.116,1.2,1.2,1,FALSE,0,-4.223375364931628,60.33658478307372,0.5392909912933972,3,FALSE,99.6312956406138,0
00-0037311,Ko Kieft,TE,2023,10,7.2,0.72,25.6125941136208,218,1,11,7,80,59,0,0.0268811755084873,0.020924904429122,18,0.209444444444444,21,1.61538461538462,13,FALSE,1,-1.1508133315416142,62.217587857511425,0.5305483396322973,0,TRUE,96.309286703009,0
00-0037311,Ko Kieft,TE,2024,3,0,0,26.6146475017112,218,2,5,1,2,61,0,0.0705539591315453,0.128495709237759,18,0.193888888888889,7.2,0.72,10,FALSE,1,-1.5340879553944275,60.88578223955308,0.5544179392950374,2,FALSE,82.4617658561213,0
00-0037311,Ko Kieft,TE,2025,2,0,0,27.6139630390144,218,3,0,0,0,0,0,0,0,18,0.0838888888888889,0,0,3,FALSE,1,-2.3156060854344385,60.48222947073567,0.5428931050762806,0,TRUE,79.89857189040993,0
00-0037324,Chris Oladokun,QB,2025,3,11.2,3.73333333333333,27.9945242984257,241,3,0,0,0,0,1,0,0,1,0.15,0.5,0.5,1,FALSE,0,5.300602599522808,62.06117943246481,0.6217951442008044,2,FALSE,89.57744281082132,0
00-0037348,Tanner Conner,TE,2025,8,18.1,2.2625,27.4524298425736,NA,3,4,3,16,46,0,0.0798771121351766,0.11578773168579,NA,NA,4.6,1.15,4,FALSE,0,-0.5447121886359134,60.911465867603496,0.559447486838868,3,FALSE,82.4617658561213,0
00-0037380,Kaden Davis,WR,2025,1,0,0,26.9349760438056,NA,3,0,0,0,0,0,0,0,1,0.25,0,0,1,FALSE,1,-2.3156060854344385,60.48222947073567,0.5428931050762806,0,TRUE,75.0135249983918,0
00-0037382,Brandon Johnson,WR,2023,10,73.4,7.34,25.1006160164271,NA,1,14,6,42,180,0,0.116452484392684,0.25257917318087,7,0.45,14.2,2.84,5,FALSE,1,4.361920524449067,66.15048913733956,0.6067168199037676,2,FALSE,99.63768087860034,0
00-0037382,Brandon Johnson,WR,2024,1,1.9,1.9,26.1026694045175,NA,2,30,19,284,328,0,0.128289526831193,0.172683683669641,13,0.418461538461538,73.4,7.34,10,TRUE,1,-7.120032313232597,60.03284145075934,0.496930334488184,2,FALSE,91.5505700173843,0.128289526831193
00-0037429,Raheem Blackshear,RB,2023,9,17.1,1.9,25.2402464065708,NA,1,12,10,93,-22,23,0.0990689286467275,-0.0227352768099199,11,0.12,43,3.30769230769231,13,FALSE,1,-1.1508133315416142,62.217587857511425,0.5305483396322973,0,TRUE,91.39560576824717,0
00-0037429,Raheem Blackshear,RB,2024,16,8,0.5,26.2422997946612,NA,2,7,6,45,13,14,0.0484346397669792,0.00741681886762487,11,0.0718181818181818,17.1,1.9,9,FALSE,1,-0.93537900248378,60.73684210526321,0.633093525179856,1,FALSE,93.3197777467908,0
00-0037451,Rod Williams,TE,2024,1,0,0,24.394250513347,NA,2,2,0,0,8,0,0.05,0.0207792207792208,NA,NA,0,0,6,FALSE,1,-7.120032313232597,60.03284145075934,0.496930334488184,2,FALSE,99.31220378490926,0
00-0037475,Stone Smartt,TE,2023,12,32.5,2.70833333333333,24.9089664613279,NA,1,5,4,17,23,0,0.0510632183908046,0.0301907317945965,7,0.154285714285714,5.7,1.9,3,FALSE,0,4.361920524449067,66.15048913733956,0.6067168199037676,2,FALSE,99.6312956406138,0
00-0037475,Stone Smartt,TE,2024,9,34.8,3.86666666666667,25.9110198494182,NA,2,21,11,155,180,0,0.0615811438947046,0.0660893044200333,16,0.283125,32.5,2.70833333333333,12,FALSE,1,-7.082631239843433,64.48163851650537,0.4985939516130559,4,FALSE,96.309286703009,0
00-0037475,Stone Smartt,TE,2025,6,12.2,2.03333333333333,26.9103353867214,NA,3,19,16,208,192,0,0.112756719309322,0.12326710389507,15,0.206,34.8,3.86666666666667,9,TRUE,1,-2.3156060854344385,60.48222947073567,0.5428931050762806,0,TRUE,82.4617658561213,0.112756719309322
00-0037487,Deven Thompkins,WR,2023,17,34.9,2.05294117647059,23.6906228610541,NA,1,10,5,32,79,2,0.247835497835498,0.358416742493176,5,0.256,10.8,2.16,5,FALSE,1,-1.1508133315416142,62.217587857511425,0.5305483396322973,0,TRUE,98.73749318926043,0
00-0037487,Deven Thompkins,WR,2024,5,6.7,1.34,24.6926762491444,NA,2,27,18,87,158,9,0.0930531291222854,0.069807898553207,19,0.217368421052632,34.9,2.05294117647059,17,TRUE,1,-0.93537900248378,60.73684210526321,0.633093525179856,1,FALSE,99.63768087860034,0.0930531291222854
00-0037487,Deven Thompkins,WR,2025,7,6.2,0.885714285714286,25.6919917864476,NA,3,4,4,20,-8,2,0.0757575757575757,-0.032174638487208,7,0.115714285714286,6.7,1.34,5,TRUE,0,-6.60259853246614,62.8823529411765,0.435064935064935,1,FALSE,91.5505700173843,0.0757575757575757
00-0037524,Tay Martin,WR,2025,2,4.3,2.15,27.7152635181383,NA,3,2,1,49,63,0,0.0769230769230769,0.210702341137124,1,0.06,11.9,11.9,1,TRUE,0,1.05845290147838,65,0.4615384615384619,1,FALSE,54.07189796423326,0.0769230769230769
00-0037525,Jordan Mason,RB,2023,16,44.7,2.79375,24.2737850787132,NA,1,0,0,0,0,45,0,0,11,0.119090909090909,31.8,2.65,12,FALSE,1,-2.29091030889994,62.8823529411765,0.502958579881657,1,FALSE,99.37614309886182,0
00-0037525,Jordan Mason,RB,2024,12,115,9.58333333333333,25.2758384668036,NA,2,4,3,31,12,40,0.0411640211640212,0.0151566479847069,12,0.135,44.7,2.79375,16,FALSE,0,-1.746163993703397,61.15189530920728,0.48150446254666934,2,FALSE,91.39560576824717,0
00-0037525,Jordan Mason,RB,2025,16,128.9,8.05625,26.2751540041068,NA,3,14,11,91,52,153,0.0717160197103189,0.0259296724847563,12,0.486666666666667,115,9.58333333333333,12,TRUE,0,2.6816146451914005,62.79394275248685,0.6485657275221384,3,FALSE,93.3197777467908,0.0717160197103189
00-0037539,Lucas Krull,TE,2024,10,34.2,3.42,26.1437371663244,NA,2,14,8,95,133,0,0.0906858433028384,0.083238323320862,7,0.361428571428571,23.5,3.35714285714286,7,FALSE,0,2.314489148752637,63.996828470321134,0.5900392582514449,4,FALSE,96.309286703009,0
00-0037539,Lucas Krull,TE,2025,2,3.5,1.75,27.1430527036277,NA,3,24,20,154,120,0,0.0907797085965223,0.0825162334080498,14,0.382142857142857,34.2,3.42,10,FALSE,0,1.6623237357923664,63.199504917454426,0.5887198393990302,5,FALSE,82.4617658561213,0
00-0037545,Rashid Shaheed,WR,2023,15,149.6,9.97333333333333,25.0020533880903,NA,1,34,28,488,397,4,0.183597798247601,0.206451312647426,12,0.4175,100.5,8.375,12,FALSE,0,-2.7801235815858245,61.55797462571899,0.5385562169808286,5,FALSE,99.63768087860034,0
00-0037545,Rashid Shaheed,WR,2024,6,73.8,12.3,26.0041067761807,NA,2,75,46,719,1094,7,0.158829051889922,0.235685077227672,15,0.58,149.6,9.97333333333333,15,FALSE,1,-1.746163993703397,61.15189530920728,0.48150446254666934,2,FALSE,91.5505700173843,0
00-0037545,Rashid Shaheed,WR,2025,18,144.6,8.03333333333333,27.0034223134839,NA,3,41,20,349,721,6,0.253100601229124,0.508402842137526,6,0.756666666666667,73.8,12.3,6,TRUE,1,-2.673629810734993,60.52350065055126,0.4813981445744344,4,FALSE,75.0135249983918,0.253100601229124
00-0037557,Ronnie Rivers,RB,2023,9,20.1,2.23333333333333,24.5831622176591,NA,1,5,5,29,-26,9,0.106451612903226,-0.133015683938852,3,0.143333333333333,10,5,2,FALSE,0,-3.35668263581916,58.0588235294118,0.595419847328244,1,FALSE,91.39560576824717,0
00-0037557,Ronnie Rivers,RB,2024,6,18.3,3.05,25.5852156057495,NA,2,8,8,57,-31,35,0.0579414458090929,-0.0263086990061352,8,0.20625,20.1,2.23333333333333,9,FALSE,0,-1.5340879553944275,60.88578223955308,0.5544179392950374,2,FALSE,93.3197777467908,0
00-0037557,Ronnie Rivers,RB,2025,6,4.6,0.766666666666667,26.5845311430527,NA,3,6,5,34,-26,25,0.110339506172839,-0.0789815684377283,6,0.23,18.3,3.05,6,FALSE,1,-3.2048470434873892,62.04804822432223,0.540022645347221,5,FALSE,70.13043117440901,0
00-0037563,Malik Davis,RB,2023,1,0,0,24.7638603696099,NA,1,7,6,63,-7,38,0.07877244706513,-0.0191029985870008,9,0.13,34.4,5.73333333333333,6,FALSE,1,-3.253496611940459,62.359387411143786,0.5639090904966904,3,FALSE,91.39560576824717,0
00-0037569,Peyton Hendershot,TE,2023,8,7.8,0.975,24.358658453114298,NA,1,16,11,103,109,1,0.087706625801138,0.0715293377279812,18,0.256111111111111,39.5,3.29166666666667,12,FALSE,1,-3.253496611940459,62.359387411143786,0.5639090904966904,3,FALSE,99.31220378490926,0
00-0037569,Peyton Hendershot,TE,2024,5,10.1,2.02,25.3607118412047,NA,2,7,4,38,27,1,0.0393291505791506,0.0178479445115612,9,0.25,7.8,0.975,8,TRUE,0,5.007275832550871,62.904761904761905,0.626126126126126,1,FALSE,99.6312956406138,0.0393291505791506
00-0037594,Julius Chestnut,RB,2023,1,0,0,22.8473648186174,NA,1,3,3,41,2,9,0.043859649122807,0.00580779386174377,4,0.1175,8.3,1.38333333333333,6,FALSE,1,1.4135100279389323,60.4334680031692,0.6209852322499279,3,FALSE,96.89962194628248,0
00-0037594,Julius Chestnut,RB,2024,12,13.3,1.10833333333333,23.8494182067077,NA,2,0,0,0,0,0,0,0,2,0.06,0,0,1,FALSE,1,-2.3927249464459472,61.20751703093519,0.5382602054028329,0,TRUE,99.37614309886182,0
00-0037594,Julius Chestnut,RB,2025,16,4,0.25,24.8487337440109,NA,3,3,2,11,1,22,0.0332163742690058,2.5039123630672e-4,10,0.121,13.3,1.10833333333333,12,FALSE,0,-6.68407505908549,60.3529411764706,0.532786885245902,1,FALSE,91.39560576824717,0
00-0037614,John Metchie III,WR,2024,10,55.4,5.54,24.1232032854209,44,2,33,19,202,295,2,0.0918203774774043,0.098913461525139,18,0.353333333333333,32.2,2.3,14,FALSE,0,-3.705483912483935,60.5426101785595,0.4803488471835923,2,FALSE,98.73749318926043,0
00-0037614,John Metchie III,WR,2025,13,71.9,5.53076923076923,25.1225188227242,44,3,47,30,317,435,0,0.166725113244059,0.174406613739172,15,0.472,55.4,5.54,10,TRUE,1,-2.3156060854344385,60.48222947073567,0.5428931050762806,0,TRUE,99.63768087860034,0.166725113244059
00-0037617,Hassan Haskins,RB,2025,11,10,0.909090909090909,25.7659137577002,131,3,4,3,49,10,35,0.0473958333333333,0.0116402116402116,15,0.146,32.8,2.73333333333333,12,FALSE,0,-5.848188465752081,63.290112921482645,0.49565036001315527,5,FALSE,93.3197777467908,0
00-0037654,Tucker Fisk,TE,2024,7,10.9,1.55714285714286,25.6180698151951,NA,2,1,1,9,3,0,0.0526315789473684,0.0211267605633803,6,0.198333333333333,1.9,0.95,2,TRUE,1,-7.082631239843433,64.48163851650537,0.4985939516130559,4,FALSE,96.309286703009,0.0526315789473684
00-0037654,Tucker Fisk,TE,2025,4,3.9,0.975,26.6173853524983,NA,3,9,8,54,33,0,0.0384414064011765,0.0118780445144697,10,0.346,10.9,1.55714285714286,7,FALSE,0,-5.848188465752081,63.290112921482645,0.49565036001315527,5,FALSE,82.4617658561213,0
00-0037664,Alec Pierce,WR,2023,17,95.4,5.61176470588235,23.3319644079398,53,1,78,41,593,914,0,0.172586727126213,0.309539414510046,16,0.664375,112.3,7.01875,16,FALSE,0,-4.28875800108645,64.4117647058823,0.516556291390728,1,FALSE,86.5765769116426,0
00-0037664,Alec Pierce,WR,2024,16,161.4,10.0875,24.3340177960301,53,2,65,32,514,977,0,0.137087569504501,0.255154250115331,17,0.951764705882353,95.4,5.61176470588235,17,FALSE,0,-3.472683811137831,64.03169499310975,0.4940455604271285,2,FALSE,98.73749318926043,0
00-0037664,Alec Pierce,WR,2025,15,183.3,12.22,25.3333333333333,53,3,69,37,824,1500,0,0.172424717259736,0.30951532430267,16,0.800625,161.4,10.0875,16,FALSE,0,-5.206003754852174,62.90759972111114,0.4735640946273987,3,FALSE,99.63768087860034,0
00-0037666,Jalen Tolbert,WR,2023,14,58.8,4.2,24.5092402464066,88,1,3,2,12,45,0,0.0555555555555556,0.117961245044154,8,0.17,3.2,1.06666666666667,3,FALSE,1,-3.253496611940459,62.359387411143786,0.5639090904966904,3,FALSE,99.63768087860034,0
00-0037666,Jalen Tolbert,WR,2024,17,152,8.94117647058824,25.5112936344969,88,2,38,22,268,498,0,0.0917246275751534,0.158633607573,18,0.397777777777778,58.8,4.2,14,FALSE,0,-1.9438461941564844,63.33569615957746,0.566553637844823,4,FALSE,91.5505700173843,0
00-0037666,Jalen Tolbert,WR,2025,12,46.3,3.85833333333333,26.5106091718001,88,3,79,49,610,906,0,0.14661361317259,0.228847486913222,17,0.757647058823529,152,8.94117647058824,17,FALSE,1,-2.3156060854344385,60.48222947073567,0.5428931050762806,0,TRUE,75.0135249983918,0
00-0037740,Garrett Wilson,WR,2023,17,213.2,12.5411764705882,23.1101984941821,10,1,147,83,1103,1548,4,0.284216069310852,0.348577494392836,17,0.798823529411765,215.7,12.6882352941176,17,FALSE,1,1.7472426029804171,61.63220683305003,0.5940290152635698,4,FALSE,86.5765769116426,0
00-0037740,Garrett Wilson,WR,2024,17,251.9,14.8176470588235,24.1122518822724,10,2,168,95,1042,1707,4,0.315925151741853,0.46032477686955,17,0.914705882352941,213.2,12.5411764705882,17,FALSE,1,-9.413792033601224,61.56675373145686,0.5608928535266602,2,FALSE,98.73749318926043,0
00-0037740,Garrett Wilson,WR,2025,7,99.5,14.2142857142857,25.1115674195756,10,3,153,101,1104,1378,2,0.282843707386449,0.362323269763511,17,0.962941176470588,251.9,14.8176470588235,17,FALSE,1,-2.3156060854344385,60.48222947073567,0.5428931050762806,0,TRUE,99.63768087860034,0
00-0037741,Jahan Dotson,WR,2023,17,124.8,7.34117647058824,23.4442162902122,16,1,61,35,523,853,2,0.192470331014489,0.301362947468147,12,0.746666666666667,130.6,10.883333333333301,12,FALSE,1,9.995467900260666,63.23119450037804,0.6354203032875844,5,FALSE,86.5765769116426,0
00-0037741,Jahan Dotson,WR,2024,14,41.9,2.99285714285714,24.4462696783025,16,2,83,49,518,768,0,0.170303545027084,0.189163426582614,17,0.825882352941177,124.8,7.34117647058824,17,TRUE,1,-2.8661339040731684,66.57601057433756,0.5607137647104727,4,FALSE,98.73749318926043,0.170303545027084
00-0037741,Jahan Dotson,WR,2025,15,50.2,3.34666666666667,25.4455852156057,16,3,38,22,269,372,1,0.144462685746808,0.187661797997525,21,0.582380952380952,41.9,2.99285714285714,14,FALSE,1,-2.3156060854344385,60.48222947073567,0.5428931050762806,0,TRUE,99.63768087860034,0
00-0037742,Treylon Burks,WR,2023,9,39.9,4.43333333333333,23.4414784394251,18,1,54,33,444,624,4,0.205968626435887,0.275617556266744,11,0.578181818181818,88.1,8.00909090909091,11,FALSE,1,1.4135100279389323,60.4334680031692,0.6209852322499279,3,FALSE,86.5765769116426,0
00-0037742,Treylon Burks,WR,2024,5,7.5,1.5,24.4435318275154,18,2,30,16,221,547,5,0.138421239421239,0.260012647516863,11,0.644545454545455,39.9,4.43333333333333,9,FALSE,1,-2.3927249464459472,61.20751703093519,0.5382602054028329,0,TRUE,98.73749318926043,0
00-0037742,Treylon Burks,WR,2025,8,29,3.625,25.4428473648186,18,3,8,4,34,135,2,0.0678104575163399,0.146148219257723,5,0.474,7.5,1.5,5,TRUE,0,1.05845290147838,65,0.4615384615384619,1,FALSE,99.63768087860034,0.0678104575163399
00-0037744,Trey McBride,TE,2023,17,181.5,10.6764705882353,23.7754962354552,55,1,39,29,265,241,0,0.153112278972563,0.128428330295075,16,0.543125,61.5,5.125,12,FALSE,1,-1.1508133315416142,62.217587857511425,0.5305483396322973,0,TRUE,99.31220378490926,0
00-0037744,Trey McBride,TE,2024,16,243.8,15.2375,24.7775496235455,55,2,106,81,825,652,0,0.251510444074353,0.227263486991806,17,0.689411764705882,181.5,10.6764705882353,17,FALSE,0,-7.77746334075928,62.294117647058805,0.53968253968254,1,FALSE,99.6312956406138,0
00-0037744,Trey McBride,TE,2025,17,315.9,18.5823529411765,25.7768651608487,55,3,147,111,1146,902,1,0.312710881288408,0.271063486537728,16,0.898125,243.8,15.2375,16,FALSE,0,-4.450844670721244,61.33889123994921,0.5266301244718511,2,FALSE,96.309286703009,0
00-0037745,Velus Jones Jr.,WR,2023,13,11.1,0.853846153846154,26.3080082135524,71,1,14,7,107,234,9,0.107968916291898,0.213757648980511,11,0.236363636363636,34,3.09090909090909,11,FALSE,0,-11.2404955422377,57.6470588235294,0.401515151515151,1,FALSE,91.5505700173843,0
00-0037745,Velus Jones Jr.,WR,2024,2,0.9,0.45,27.3100616016427,71,2,7,4,20,87,8,0.0427900951514145,0.0578796701495913,13,0.117692307692308,11.1,0.853846153846154,13,FALSE,1,0.09937692503816128,58.15604034108125,0.5602657737692467,3,FALSE,75.0135249983918,0
00-0037745,Velus Jones Jr.,WR,2025,5,3.2,0.64,28.3093771389459,71,3,1,1,8,-5,2,0.0344827586206897,-0.0233644859813084,1,0.07,0.9,0.45,2,TRUE,1,-2.3156060854344385,60.48222947073567,0.5428931050762806,0,TRUE,54.07189796423326,0.0344827586206897
00-0037746,Brian Robinson,RB,2023,15,198.1,13.2066666666667,24.4462696783025,98,1,12,9,60,-11,205,0.0741750125328557,-0.00575442534577373,12,0.4225,112.7,9.39166666666667,12,FALSE,1,9.995467900260666,63.23119450037804,0.6354203032875844,5,FALSE,99.37614309886182,0
00-0037746,Brian Robinson,RB,2024,14,159.8,11.4142857142857,25.4483230663929,98,2,43,36,368,-55,178,0.119841900267864,-0.0142659489506741,15,0.494,198.1,13.2066666666667,15,FALSE,1,-2.3927249464459472,61.20751703093519,0.5382602054028329,0,TRUE,91.39560576824717,0
00-0037746,Brian Robinson,RB,2025,17,62.5,3.67647058823529,26.4476386036961,98,3,30,24,181,-26,223,0.100044118008313,-0.01177476731633,17,0.516470588235294,159.8,11.4142857142857,14,TRUE,0,-2.673629810734993,60.52350065055126,0.4813981445744344,4,FALSE,93.3197777467908,0.100044118008313
00-0037801,KaVontae Turpin,WR,2023,16,59.7,3.73125,27.0800821355236,NA,4,3,2,17,21,3,0.0255937755937756,0.0222811683457451,18,0.055,-0.4,-0.0235294117647059,17,FALSE,1,-3.253496611940459,62.359387411143786,0.5639090904966904,3,FALSE,75.0135249983918,0
00-0037801,KaVontae Turpin,WR,2024,17,92.2,5.42352941176471,28.082135523614,NA,5,18,12,127,163,11,0.0628767611365651,0.0581158124539009,17,0.124705882352941,59.7,3.73125,16,FALSE,0,-1.9438461941564844,63.33569615957746,0.566553637844823,4,FALSE,54.07189796423326,0
00-0037801,KaVontae Turpin,WR,2025,15,84.5,5.63333333333333,29.0814510609172,NA,6,52,31,420,439,16,0.113487809017233,0.12595632604946,17,0.267058823529412,92.2,5.42352941176471,17,FALSE,1,-2.3156060854344385,60.48222947073567,0.5428931050762806,0,TRUE,37.932505764701475,0
00-0037805,Jeremy Ruckert,TE,2023,10,31.1,3.11,23.0554414784394,101,1,2,1,8,7,0,0.0272529069767442,0.0125,5,0.148,1.8,0.9,2,FALSE,1,1.7472426029804171,61.63220683305003,0.5940290152635698,4,FALSE,74.1857788205039,0
00-0037805,Jeremy Ruckert,TE,2024,14,28.5,2.03571428571429,24.0574948665298,101,2,22,16,151,139,0,0.0848091710725401,0.0828414088036828,15,0.322,31.1,3.11,10,FALSE,1,-9.413792033601224,61.56675373145686,0.5608928535266602,2,FALSE,99.31220378490926,0
00-0037805,Jeremy Ruckert,TE,2025,14,46.9,3.35,25.056810403833,101,3,28,18,105,96,0,0.0750895880198377,0.0301942882003336,17,0.367647058823529,28.5,2.03571428571429,14,FALSE,1,-2.3156060854344385,60.48222947073567,0.5428931050762806,0,TRUE,99.6312956406138,0
00-0037809,Chig Okonkwo,TE,2023,17,113.4,6.67058823529412,23.9808350444901,143,1,46,32,450,353,3,0.149211324563778,0.144675232413784,NA,NA,97.2,6.075,16,FALSE,1,1.4135100279389323,60.4334680031692,0.6209852322499279,3,FALSE,99.31220378490926,0
00-0037809,Chig Okonkwo,TE,2024,16,113.6,7.1,24.9828884325804,143,2,77,54,528,525,2,0.17979918033394,0.141887192156138,NA,NA,113.4,6.67058823529412,17,FALSE,1,-2.3927249464459472,61.20751703093519,0.5382602054028329,0,TRUE,99.6312956406138,0
00-0037809,Chig Okonkwo,TE,2025,17,124,7.29411764705882,25.9822039698836,143,3,70,52,479,415,1,0.189170099087933,0.162421924915357,NA,NA,113.6,7.1,16,FALSE,0,-6.68407505908549,60.3529411764706,0.532786885245902,1,FALSE,96.309286703009,0
00-0037816,Romeo Doubs,WR,2023,17,174.4,10.2588235294118,23.3839835728953,132,1,67,42,425,637,1,0.182799005638802,0.224656449637075,13,0.625384615384615,101.6,7.81538461538462,13,FALSE,0,-2.11541747163147,60.7647058823529,0.588235294117647,1,FALSE,86.5765769116426,0
00-0037816,Romeo Doubs,WR,2024,13,132.1,10.1615384615385,24.3860369609856,132,2,108,69,908,1306,0,0.209169158640336,0.273680323655086,19,0.765789473684211,174.4,10.2588235294118,17,FALSE,0,-1.7662823394448042,60.63912246191722,0.5625477763012525,2,FALSE,98.73749318926043,0
00-0037816,Romeo Doubs,WR,2025,16,165.4,10.3375,25.3853524982888,132,3,74,48,614,897,0,0.224795482811493,0.286699965388896,14,0.758571428571429,132.1,10.1615384615385,13,FALSE,0,-4.223375364931628,60.33658478307372,0.5392909912933972,3,FALSE,99.63768087860034,0
00-0037827,Tyrion Davis-Price,RB,2023,1,2.1,2.1,22.8555783709788,93,1,2,0,0,0,34,0.0434782608695652,0,6,0.17,9.9,1.98,5,FALSE,1,-2.29091030889994,62.8823529411765,0.502958579881657,1,FALSE,96.89962194628248,0
00-0037827,Tyrion Davis-Price,RB,2024,1,0.7,0.7,23.8576317590691,93,2,0,0,0,0,6,0,0,1,0.1,2.1,2.1,1,TRUE,1,-2.8661339040731684,66.57601057433756,0.5607137647104727,4,FALSE,99.37614309886182,0
00-0037834,Brock Purdy,QB,2023,16,306.6,19.1625,23.6796714579055,262,1,0,0,0,0,29,0,0,12,0.690833333333333,110.26,12.2511111111111,9,FALSE,1,-2.29091030889994,62.8823529411765,0.502958579881657,1,FALSE,100.67668139230038,0
00-0037834,Brock Purdy,QB,2024,15,278.86,18.5906666666667,24.681724845995902,262,2,0,0,0,0,53,0,0,19,0.944736842105263,306.6,19.1625,16,FALSE,0,-1.746163993703397,61.15189530920728,0.48150446254666934,2,FALSE,97.53698303935931,0
00-0037834,Brock Purdy,QB,2025,9,187.38,20.82,25.6810403832991,262,3,0,0,0,0,66,0,0,15,0.989333333333333,278.86,18.5906666666667,15,FALSE,0,-2.673629810734993,60.52350065055126,0.4813981445744344,4,FALSE,94.39609488384028,0
00-0037837,Calvin Austin III,WR,2024,17,112.8,6.63529411764706,25.4428473648186,138,2,32,18,187,389,11,0.129897780022295,0.231449511269434,18,0.358333333333333,52.7,3.29375,16,FALSE,1,-7.120032313232597,60.03284145075934,0.496930334488184,2,FALSE,99.63768087860034,0
00-0037837,Calvin Austin III,WR,2025,14,86.2,6.15714285714286,26.4421629021218,138,3,60,37,573,785,0,0.156162538647908,0.217860313749953,18,0.546666666666667,112.8,6.63529411764706,17,FALSE,0,-6.551421263838917,60.54958485906386,0.498988084765842,3,FALSE,91.5505700173843,0
00-0037838,Isaiah Likely,TE,2023,14,101.1,7.22142857142857,23.3702943189596,139,1,60,36,373,405,0,0.19035103410631601,0.17350075580549,17,0.389411764705882,91.3,6.52142857142857,14,FALSE,1,3.4864180115215095,62.878328770532605,0.6282900360853253,2,FALSE,74.1857788205039,0
00-0037838,Isaiah Likely,TE,2024,15,123.7,8.24666666666667,24.37234770705,139,2,46,34,461,316,0,0.145307135967928,0.112225675719865,19,0.46,101.1,7.22142857142857,14,FALSE,0,2.996667788796563,62.6891488564084,0.5677081034738317,3,FALSE,99.31220378490926,0
00-0037838,Isaiah Likely,TE,2025,12,61.7,5.14166666666667,25.3716632443532,139,3,67,49,603,590,0,0.182706500225517,0.20207451193137,18,0.616666666666667,123.7,8.24666666666667,15,FALSE,0,0.4558089730608386,62.2806738134938,0.5473334568380964,4,FALSE,99.6312956406138,0
00-0037840,Kyren Williams,RB,2023,12,255,21.25,23.0143737166324,164,1,12,9,76,17,35,0.0799793946607672,0.00862058044905722,8,0.29625,30.5,3.8125,8,FALSE,0,-3.35668263581916,58.0588235294118,0.595419847328244,1,FALSE,96.89962194628248,0
00-0037840,Kyren Williams,RB,2024,16,272.1,17.00625,24.0164271047228,164,2,49,33,215,11,241,0.161142877444721,0.0048980085371138,13,0.814615384615385,255,21.25,12,FALSE,0,-1.5340879553944275,60.88578223955308,0.5544179392950374,2,FALSE,99.37614309886182,0
00-0037840,Kyren Williams,RB,2025,17,263.3,15.4882352941176,25.015742642026,164,3,45,38,197,-40,351,0.121704670402248,-0.0273301009196512,18,0.871666666666667,272.1,17.00625,16,FALSE,1,-3.2048470434873892,62.04804822432223,0.540022645347221,5,FALSE,91.39560576824717,0
00-0038040,Zamir White,RB,2023,13,73.9,5.68461538461538,23.9534565366188,122,1,0,0,0,0,17,0,0,12,0.0533333333333333,7,0.636363636363636,11,FALSE,0,-4.47041026144887,61.4117647058824,0.621212121212121,1,FALSE,99.37614309886182,0
00-0038040,Zamir White,RB,2024,8,29.3,3.6625,24.9555099247091,122,2,19,15,98,4,104,0.0958668660298875,0.00258624303246869,15,0.241333333333333,73.9,5.68461538461538,13,FALSE,1,-8.09083680152126,60.89232303090727,0.4923131914657334,2,FALSE,91.39560576824717,0
00-0038040,Zamir White,RB,2025,5,9.6,1.92,25.9548254620123,122,3,8,6,30,-25,65,0.0799603174603175,-0.0340059535853954,8,0.305,29.3,3.6625,8,FALSE,1,-2.3156060854344385,60.48222947073567,0.5428931050762806,0,TRUE,93.3197777467908,0
00-0038041,Jake Ferguson,TE,2023,17,177.1,10.4176470588235,24.6187542778919,129,1,23,20,208,79,0,0.090386825843503,0.0510117600253302,18,0.402777777777778,48.4,4.4,11,FALSE,1,-3.253496611940459,62.359387411143786,0.5639090904966904,3,FALSE,99.6312956406138,0
00-0038041,Jake Ferguson,TE,2024,14,104.4,7.45714285714286,25.6208076659822,129,2,114,81,854,589,0,0.191379948716676,0.117734689061242,18,0.748888888888889,177.1,10.4176470588235,17,FALSE,0,-1.9438461941564844,63.33569615957746,0.566553637844823,4,FALSE,96.309286703009,0
00-0038041,Jake Ferguson,TE,2025,17,188.1,11.0647058823529,26.6201232032854,129,3,86,59,494,360,0,0.19658272462806,0.101459488346076,14,0.652857142857143,104.4,7.45714285714286,14,FALSE,1,-2.3156060854344385,60.48222947073567,0.5428931050762806,0,TRUE,82.4617658561213,0
00-0038045,Isaiah Spiller,RB,2023,9,19,2.11111111111111,22.0616016427105,123,1,3,3,13,-10,18,0.0530692100758132,-0.0231871180945255,6,0.136666666666667,8.4,1.68,5,FALSE,0,4.361920524449067,66.15048913733956,0.6067168199037676,2,FALSE,89.07074872817178,0
00-0038046,Charlie Kolar,TE,2023,9,21.7,2.41111111111111,24.5557837097878,128,1,6,4,49,49,0,0.142857142857143,0.140401146131805,2,0.24,8.9,8.9,1,FALSE,1,3.4864180115215095,62.878328770532605,0.6282900360853253,2,FALSE,99.6312956406138,0
00-0038046,Charlie Kolar,TE,2024,10,28.3,2.83,25.5578370978782,128,2,10,8,91,92,0,0.0872445542522269,0.0990351484159561,16,0.258125,21.7,2.41111111111111,9,FALSE,0,2.996667788796563,62.6891488564084,0.5677081034738317,3,FALSE,96.309286703009,0
00-0038046,Charlie Kolar,TE,2025,13,36.2,2.78461538461538,26.5571526351814,128,3,11,9,131,66,1,0.06635840392233,0.0508563710447554,15,0.294,28.3,2.83,10,FALSE,0,0.4558089730608386,62.2806738134938,0.5473334568380964,4,FALSE,82.4617658561213,0
00-0038090,Skyy Moore,WR,2023,13,53.7,4.13076923076923,22.9733059548255,54,1,42,27,267,284,5,0.1181487087609,0.093244012404048,19,0.297368421052632,43.4,2.7125,16,FALSE,1,-1.1508133315416142,62.217587857511425,0.5305483396322973,0,TRUE,86.5765769116426,0
00-0038090,Skyy Moore,WR,2024,3,0,0,23.9753593429158,54,2,38,21,244,339,3,0.0947217905192043,0.126479263592809,14,0.522857142857143,53.7,4.13076923076923,13,FALSE,0,5.007275832550871,62.904761904761905,0.626126126126126,1,FALSE,98.73749318926043,0
00-0038090,Skyy Moore,WR,2025,17,14.8,0.870588235294118,24.974674880219,54,3,3,0,0,18,0,0.060952380952381,0.0446077961881046,6,0.203333333333333,0,0,3,TRUE,0,-2.673629810734993,60.52350065055126,0.4813981445744344,4,FALSE,99.63768087860034,0.060952380952381
00-0038092,Erik Ezukanma,WR,2023,2,2.2,1.1,23.6002737850787,125,1,1,1,3,-4,0,0.037037037037037,-0.0192307692307692,1,0.15,1.3,1.3,1,FALSE,0,0.050788902645481,59,0.598484848484849,1,FALSE,98.73749318926043,0
00-0038092,Erik Ezukanma,WR,2024,1,0,0,24.6023271731691,125,2,1,0,0,8,5,0.0344827586206897,0.0297397769516729,2,0.22,2.2,1.1,2,FALSE,0,1.6387244690867036,59.873498324310376,0.5398887365534697,2,FALSE,99.63768087860034,0
00-0038098,Pierre Strong,RB,2023,16,42.8,2.675,24.72553045859,127,1,7,7,42,4,10,0.0786063398966625,0.00207858621349429,8,0.1025,27.2,2.72,10,TRUE,0,-4.569155185908812,62.7422569763876,0.4895010347471576,3,FALSE,91.39560576824717,0.0786063398966625
00-0038098,Pierre Strong,RB,2024,13,35.2,2.70769230769231,25.7275838466804,127,2,8,5,47,-5,63,0.0340753459765797,-0.00545881446799329,15,0.162666666666667,42.8,2.675,16,FALSE,1,-1.07547140563658,62.6875,0.580645161290323,1,FALSE,93.3197777467908,0
00-0038102,Kenny Pickett,QB,2023,12,114.2,9.51666666666667,25.2375085557837,20,1,0,0,0,0,55,0,0,13,0.862307692307692,158.86,12.22,13,FALSE,0,-4.60431391612077,64.5882352941177,0.5,1,FALSE,97.53698303935931,0
00-0038102,Kenny Pickett,QB,2024,5,26.14,5.228,26.2395619438741,20,2,0,0,0,0,42,0,0,12,0.895,114.2,9.51666666666667,12,TRUE,1,-2.8661339040731684,66.57601057433756,0.5607137647104727,4,FALSE,94.39609488384028,0
00-0038102,Kenny Pickett,QB,2025,6,9.72,1.62,27.2388774811773,20,3,0,0,0,0,14,0,0,7,0.3,26.14,5.228,5,TRUE,1,-2.3156060854344385,60.48222947073567,0.5428931050762806,0,TRUE,100.1093045339178,0
00-0038104,Tyquan Thornton,WR,2023,9,27.2,3.02222222222222,23.066392881588,50,1,45,22,247,646,3,0.142944536152939,0.259946655190322,13,0.654615384615385,66.3,5.525,12,FALSE,1,-1.1508133315416142,62.217587857511425,0.5305483396322973,0,TRUE,86.5765769116426,0
00-0038104,Tyquan Thornton,WR,2024,4,8.7,2.175,24.0684462696783,50,2,23,13,91,230,3,0.117020242877251,0.144229958159565,9,0.418888888888889,27.2,3.02222222222222,9,FALSE,1,-3.947551699890613,64.46824339329336,0.49696331073012767,4,FALSE,98.73749318926043,0
00-0038104,Tyquan Thornton,WR,2025,12,80.8,6.73333333333333,25.0677618069815,50,3,8,4,47,126,0,0.0968207302598701,0.212131280306454,6,0.295,8.7,2.175,4,TRUE,0,5.300602599522808,62.06117943246481,0.6217951442008044,2,FALSE,99.63768087860034,0.0968207302598701
00-0038108,Bailey Zappe,QB,2023,10,78.18,7.818,24.3504449007529,137,1,1,1,-6,-8,10,0.032258064516129,-0.0465116279069767,4,0.8475,42.64,10.66,4,FALSE,1,-1.1508133315416142,62.217587857511425,0.5305483396322973,0,TRUE,100.67668139230038,0
00-0038108,Bailey Zappe,QB,2024,1,9,9,25.3524982888433,137,2,0,0,0,0,17,0,0,10,0.716,78.18,7.818,10,TRUE,1,-1.07547140563658,62.6875,0.580645161290323,1,FALSE,97.53698303935931,0
00-0038115,Daniel Bellinger,TE,2023,14,50.5,3.60714285714286,22.9404517453799,112,1,40,33,289,158,1,0.136420209294171,0.0747064766257589,14,0.740714285714286,75,6.81818181818182,11,FALSE,0,-3.35433829889119,62.4736842105263,0.436619718309859,1,FALSE,74.1857788205039,0
00-0038115,Daniel Bellinger,TE,2024,12,26.5,2.20833333333333,23.9425051334702,112,2,28,25,255,130,0,0.103992785959064,0.0660887806162714,17,0.639411764705882,50.5,3.60714285714286,14,FALSE,0,-2.854991123740784,62.00404474183561,0.4541853689806619,2,FALSE,99.31220378490926,0
00-0038115,Daniel Bellinger,TE,2025,13,59.6,4.58461538461538,24.9418206707734,112,3,17,14,125,69,0,0.098502610672723,0.0516167779050132,17,0.330588235294118,26.5,2.20833333333333,12,FALSE,0,-3.3189211254310966,61.81529615894941,0.4907636579868245,3,FALSE,99.6312956406138,0
00-0038117,Wan'Dale Robinson,WR,2023,15,133.2,8.88,22.652977412731,43,1,31,23,227,192,2,0.246617170891465,0.186668551982612,6,0.538333333333333,51.6,8.6,6,FALSE,0,-3.35433829889119,62.4736842105263,0.436619718309859,1,FALSE,86.5765769116426,0
00-0038117,Wan'Dale Robinson,WR,2024,17,182.7,10.7470588235294,23.6550308008214,43,2,78,60,525,410,9,0.207754459375232,0.154739723148639,15,0.656,133.2,8.88,15,FALSE,0,-2.854991123740784,62.00404474183561,0.4541853689806619,2,FALSE,98.73749318926043,0
00-0038117,Wan'Dale Robinson,WR,2025,16,217.9,13.61875,24.6543463381246,43,3,140,93,699,656,3,0.282608819555854,0.185622876499186,17,0.759411764705882,182.7,10.7470588235294,17,FALSE,0,-3.3189211254310966,61.81529615894941,0.4907636579868245,3,FALSE,99.63768087860034,0
00-0038120,Breece Hall,RB,2023,17,290.5,17.0882352941176,22.2532511978097,36,1,31,19,218,152,80,0.17683294122252,0.0939121455860872,7,0.492857142857143,115.1,16.4428571428571,7,FALSE,1,1.7472426029804171,61.63220683305003,0.5940290152635698,4,FALSE,89.07074872817178,0
00-0038120,Breece Hall,RB,2024,16,240.9,15.05625,23.2553045859001,36,2,95,76,591,-48,223,0.215778999977142,0.00278501740318734,17,0.591764705882353,290.5,17.0882352941176,17,FALSE,1,-9.413792033601224,61.56675373145686,0.5608928535266602,2,FALSE,96.89962194628248,0
00-0038120,Breece Hall,RB,2025,16,207.66,12.97875,24.2546201232033,36,3,76,57,483,19,209,0.171712649991391,0.00261958064187957,16,0.72375,240.9,15.05625,16,FALSE,1,-2.3156060854344385,60.48222947073567,0.5428931050762806,0,TRUE,99.37614309886182,0
00-0038122,Desmond Ridder,QB,2023,15,189.14,12.6093333333333,24.0027378507871,74,1,0,0,0,0,16,0,0,4,0.985,38.72,9.68,4,FALSE,0,-6.726744015948854,58.588294353886134,0.4820650886087547,2,FALSE,100.67668139230038,0
00-0038122,Desmond Ridder,QB,2024,5,23.92,4.784,25.004791238877502,74,2,1,1,-6,-6,53,0.0555555555555556,-0.0952380952380952,15,0.85,189.14,12.6093333333333,15,TRUE,1,-8.09083680152126,60.89232303090727,0.4923131914657334,2,FALSE,97.53698303935931,0.0555555555555556
00-0038124,Christian Watson,WR,2023,9,101.3,11.2555555555556,24.3066392881588,34,1,66,41,611,923,7,0.211959434220097,0.342402261761865,14,0.574285714285714,164.1,11.7214285714286,14,FALSE,0,-2.11541747163147,60.7647058823529,0.588235294117647,1,FALSE,98.73749318926043,0
00-0038124,Christian Watson,WR,2024,14,105.3,7.52142857142857,25.3086926762491,34,2,56,30,442,843,4,0.188630724643954,0.330321713887917,11,0.716363636363636,101.3,11.2555555555556,9,FALSE,0,-1.7662823394448042,60.63912246191722,0.5625477763012525,2,FALSE,99.63768087860034,0
00-0038124,Christian Watson,WR,2025,10,132.4,13.24,26.3080082135524,34,3,53,29,620,944,4,0.193728101634284,0.377611636487416,15,0.590666666666667,105.3,7.52142857142857,14,FALSE,0,-4.223375364931628,60.33658478307372,0.5392909912933972,3,FALSE,91.5505700173843,0
00-0038128,Malik Willis,QB,2023,2,3.06,1.53,24.2710472279261,86,1,0,0,0,0,27,0,0,8,0.46375,22.34,3.19142857142857,7,FALSE,1,1.4135100279389323,60.4334680031692,0.6209852322499279,3,FALSE,100.67668139230038,0
00-0038128,Malik Willis,QB,2024,6,51.8,8.63333333333333,25.2731006160164,86,2,0,0,0,0,5,0,0,3,0.133333333333333,3.06,1.53,2,TRUE,0,-1.7662823394448042,60.63912246191722,0.5625477763012525,2,FALSE,97.53698303935931,0
00-0038128,Malik Willis,QB,2025,4,51.18,12.795,26.2724161533196,86,3,0,0,0,0,20,0,0,7,0.464285714285714,51.8,8.63333333333333,6,FALSE,0,-4.223375364931628,60.33658478307372,0.5392909912933972,3,FALSE,94.39609488384028,0
00-0038129,Cade Otton,TE,2023,17,116.5,6.85294117647059,24.3805612594114,106,1,72,46,449,431,0,0.122853685378134,0.109023397322566,17,0.688235294117647,93.1,5.81875,16,FALSE,1,-1.1508133315416142,62.217587857511425,0.5305483396322973,0,TRUE,99.31220378490926,0
00-0038129,Cade Otton,TE,2024,14,140.6,10.0428571428571,25.3826146475017,106,2,86,60,609,573,0,0.182000922868866,0.136820169049203,19,0.963157894736842,116.5,6.85294117647059,17,FALSE,1,-1.5340879553944275,60.88578223955308,0.5544179392950374,2,FALSE,99.6312956406138,0
00-0038129,Cade Otton,TE,2025,15,122.2,8.14666666666667,26.3819301848049,106,3,89,61,632,484,1,0.214991474166321,0.18129024727866,15,0.930666666666667,140.6,10.0428571428571,14,FALSE,1,-2.3156060854344385,60.48222947073567,0.5428931050762806,0,TRUE,96.309286703009,0
00-0038134,Kenneth Walker III,RB,2023,15,199.4,13.2933333333333,22.8637919233402,41,1,36,28,168,-75,243,0.118598553317123,-0.0461423552303299,16,0.59375,202.5,13.5,15,FALSE,0,-0.39381781134052657,58.372619539887225,0.5632543451476695,2,FALSE,96.89962194628248,0
00-0038134,Kenneth Walker III,RB,2024,11,181.2,16.4727272727273,23.8658453114305,41,2,37,29,259,-79,219,0.106157497464511,-0.0470795558129505,15,0.542,199.4,13.2933333333333,15,FALSE,1,-2.3927249464459472,61.20751703093519,0.5382602054028329,0,TRUE,99.37614309886182,0
00-0038134,Kenneth Walker III,RB,2025,17,191.9,11.2882352941176,24.8651608487337,41,3,53,46,299,-63,153,0.158272583658058,-0.0306916628642209,11,0.632727272727273,181.2,16.4727272727273,11,FALSE,1,-2.673629810734993,60.52350065055126,0.4813981445744344,4,FALSE,91.39560576824717,0
00-0038359,Xavier Smith,WR,2025,16,48.3,3.01875,27.9452429842574,NA,2,2,2,6,1,4,0.0444444444444444,0.00272479564032698,10,0.057,6.2,0.442857142857143,14,FALSE,1,-3.2048470434873892,62.04804822432223,0.540022645347221,5,FALSE,54.07189796423326,0
00-0038393,Dontayvion Wicks,WR,2024,17,110.5,6.5,23.211498973306,159,1,62,41,606,631,1,0.138923161256708,0.173384907537392,17,0.475882352941176,119.76,7.984,15,FALSE,0,-1.7662823394448042,60.63912246191722,0.5625477763012525,2,FALSE,86.5765769116426,0
00-0038393,Dontayvion Wicks,WR,2025,13,75.8,5.83076923076923,24.2108145106092,159,2,82,41,454,1024,0,0.19994787307308,0.273637689971599,18,0.559444444444444,110.5,6.5,17,FALSE,0,-4.223375364931628,60.33658478307372,0.5392909912933972,3,FALSE,98.73749318926043,0
00-0038394,Will Mallory,TE,2024,7,6.9,0.985714285714286,25.1964407939767,162,1,26,18,207,203,0,0.0875610246840105,0.0832940455834323,12,0.196666666666667,38.7,3.51818181818182,11,FALSE,0,-3.472683811137831,64.03169499310975,0.4940455604271285,2,FALSE,99.6312956406138,0
00-0038394,Will Mallory,TE,2025,1,2.6,2.6,26.1957563312799,162,2,8,4,29,83,0,0.0403128345668668,0.0348718080350426,10,0.14,6.9,0.985714285714286,7,FALSE,0,-5.206003754852174,62.90759972111114,0.4735640946273987,3,FALSE,96.309286703009,0
00-0038396,Eric Gray,RB,2024,14,17.3,1.23571428571429,24.8268309377139,172,1,7,6,22,-8,17,0.0801160848954967,-0.0134695498093167,7,0.137142857142857,13,1.3,10,FALSE,0,-2.854991123740784,62.00404474183561,0.4541853689806619,2,FALSE,91.39560576824717,0
00-0038396,Eric Gray,RB,2025,1,0,0,25.8261464750171,172,2,11,10,82,-22,14,0.0729621392609508,-0.0277052400432201,14,0.115714285714286,17.3,1.23571428571429,14,FALSE,0,-3.3189211254310966,61.81529615894941,0.4907636579868245,3,FALSE,93.3197777467908,0
00-0038400,Tanner McKee,QB,2025,4,14.76,3.69,25.347022587269,188,2,0,0,0,0,5,0,0,2,0.66,28.82,14.41,2,FALSE,1,-2.3156060854344385,60.48222947073567,0.5428931050762806,0,TRUE,97.53698303935931,0
00-0038416,Tyson Bagent,QB,2024,4,-0.26,-0.065,24.2327173169062,NA,1,0,0,0,0,23,0,0,5,0.886,59.26,11.852,5,FALSE,1,0.09937692503816128,58.15604034108125,0.5602657737692467,3,FALSE,100.67668139230038,0
00-0038416,Tyson Bagent,QB,2025,2,2.58,1.29,25.2320328542094,NA,2,0,0,0,0,6,0,0,4,0.0525,-0.26,-0.065,4,FALSE,1,-4.79011169771107,64.39098450827193,0.4878221470323203,3,FALSE,97.53698303935931,0
00-0038454,Keaton Mitchell,RB,2024,4,6.8,1.7,22.6228610540726,NA,1,11,9,93,-2,47,0.0628729060794278,-0.00132992111181571,7,0.28,69.9,9.98571428571429,7,FALSE,0,2.996667788796563,62.6891488564084,0.5677081034738317,3,FALSE,96.89962194628248,0
00-0038454,Keaton Mitchell,RB,2025,13,55.4,4.26153846153846,23.6221765913758,NA,2,1,1,28,-5,15,0.0625,-0.0261780104712042,4,0.135,6.8,1.7,4,FALSE,0,0.4558089730608386,62.2806738134938,0.5473334568380964,4,FALSE,99.37614309886182,0
00-0038465,Malik Heath,WR,2024,5,31.7,6.34,24.4216290212183,NA,1,24,15,125,210,0,0.0789736202134803,0.0823215234487334,13,0.306153846153846,33.5,2.79166666666667,12,FALSE,0,-1.7662823394448042,60.63912246191722,0.5625477763012525,2,FALSE,98.73749318926043,0
00-0038465,Malik Heath,WR,2025,7,14.6,2.08571428571429,25.4209445585216,NA,2,17,10,97,109,0,0.125601382315378,0.110663518033158,13,0.228461538461538,31.7,6.34,5,FALSE,0,-4.223375364931628,60.33658478307372,0.5392909912933972,3,FALSE,99.63768087860034,0
00-0038476,Tommy DeVito,QB,2024,2,13.48,6.74,26.0698151950719,NA,1,0,0,0,0,36,0,0,9,0.761111111111111,96.54,10.7266666666667,9,FALSE,0,-2.854991123740784,62.00404474183561,0.4541853689806619,2,FALSE,94.39609488384028,0
00-0038488,Brady Russell,RB,2024,8,0,0,26.0041067761807,NA,1,0,0,0,0,0,0,0,NA,NA,0,0,6,FALSE,1,-2.3927249464459472,61.20751703093519,0.5382602054028329,0,TRUE,93.3197777467908,0
00-0038488,Brady Russell,RB,2025,10,0,0,27.0034223134839,NA,2,0,0,0,0,0,0,0,NA,NA,0,0,8,FALSE,1,-2.673629810734993,60.52350065055126,0.4813981445744344,4,FALSE,70.13043117440901,0
00-0038489,Ben VanSumeren,RB,2024,3,1,0.333333333333333,24.3258042436687,NA,1,0,0,0,0,0,0,0,NA,NA,0,0,5,FALSE,1,-2.8661339040731684,66.57601057433756,0.5607137647104727,4,FALSE,99.37614309886182,0
00-0038496,Xavier Gipson,WR,2024,17,14.4,0.847058823529412,23.4852840520192,NA,1,38,21,229,358,8,0.140697165310168,0.180831786504687,15,0.492,52.7,3.1,17,FALSE,1,-9.413792033601224,61.56675373145686,0.5608928535266602,2,FALSE,86.5765769116426,0
00-0038496,Xavier Gipson,WR,2025,6,-1.4,-0.233333333333333,24.4845995893224,NA,2,10,6,39,112,1,0.0638992539659958,0.098117036184966,16,0.1925,14.4,0.847058823529412,17,TRUE,1,-2.3156060854344385,60.48222947073567,0.5428931050762806,0,TRUE,98.73749318926043,0.0638992539659958
00-0038498,E.J. Jenkins,TE,2025,1,0,0,26.8281998631075,NA,2,2,1,7,9,0,0.0399728997289973,0.0203607752830551,12,0.133333333333333,7.7,3.85,2,FALSE,1,-2.3156060854344385,60.48222947073567,0.5428931050762806,0,TRUE,82.4617658561213,0
00-0038519,Nikko Remigio,WR,2025,14,4.2,0.3,25.8261464750171,NA,2,6,2,48,64,0,0.352941176470588,0.533333333333333,5,0.216,6.8,1.36,5,FALSE,0,5.300602599522808,62.06117943246481,0.6217951442008044,2,FALSE,91.5505700173843,0
00-0038542,Bijan Robinson,RB,2024,17,341.7,20.1,22.5872689938398,8,1,86,58,487,24,214,0.205232342057347,-0.00974278089011797,17,0.68,246.3,14.4882352941176,17,FALSE,1,-2.3927249464459472,61.20751703093519,0.5382602054028329,0,TRUE,96.89962194628248,0
00-0038542,Bijan Robinson,RB,2025,17,370.8,21.8117647058824,23.5865845311431,8,2,72,61,431,-21,304,0.161190339301933,-0.0175128790670944,17,0.753529411764706,341.7,20.1,17,FALSE,0,-6.60259853246614,62.8823529411765,0.435064935064935,1,FALSE,99.37614309886182,0
00-0038543,Jaxon Smith-Njigba,WR,2024,17,253,14.8823529411765,22.5462012320329,20,1,93,63,628,569,0,0.197449912895447,0.160298209717465,17,0.648235294117647,149.8,8.81176470588235,17,FALSE,1,-2.3927249464459472,61.20751703093519,0.5382602054028329,0,TRUE,86.5765769116426,0
00-0038543,Jaxon Smith-Njigba,WR,2025,17,359.9,21.1705882352941,23.5455167693361,20,2,137,100,1130,1186,5,0.27606763182637,0.343690950074086,17,0.864117647058824,253,14.8823529411765,17,FALSE,1,-2.673629810734993,60.52350065055126,0.4813981445744344,4,FALSE,98.73749318926043,0
00-0038544,Quentin Johnston,WR,2024,15,174.7,11.6466666666667,22.9869952087611,21,1,67,38,431,861,3,0.125919304999667,0.217663395889832,17,0.65,94,5.52941176470588,17,FALSE,1,-7.082631239843433,64.48163851650537,0.4985939516130559,4,FALSE,86.5765769116426,0
00-0038544,Quentin Johnston,WR,2025,13,171.2,13.1692307692308,23.9863107460643,21,2,96,55,711,1072,3,0.239869677320399,0.299539469264203,16,0.71625,174.7,11.6466666666667,15,FALSE,0,-5.848188465752081,63.290112921482645,0.49565036001315527,5,FALSE,98.73749318926043,0
00-0038547,Luke Schoonmaker,TE,2024,12,57.1,4.75833333333333,25.927446954141,58,1,16,9,72,83,0,0.0447420801241478,0.0376192659535327,18,0.307777777777778,26.5,2.20833333333333,12,FALSE,0,-1.9438461941564844,63.33569615957746,0.566553637844823,4,FALSE,96.309286703009,0
00-0038547,Luke Schoonmaker,TE,2025,14,27.2,1.94285714285714,26.9267624914442,58,2,36,27,241,199,0,0.131180327115271,0.110529601365581,17,0.344705882352941,57.1,4.75833333333333,12,FALSE,1,-2.3156060854344385,60.48222947073567,0.5428931050762806,0,TRUE,82.4617658561213,0
00-0038551,Kendre Miller,RB,2024,6,29.1,4.85,22.2258726899384,71,1,11,10,117,-8,41,0.0807651667763079,-0.00976457097456751,8,0.20375,43.3,6.18571428571429,7,FALSE,1,-1.746163993703397,61.15189530920728,0.48150446254666934,2,FALSE,89.07074872817178,0
00-0038551,Kendre Miller,RB,2025,7,33.3,4.75714285714286,23.2251882272416,71,2,8,5,33,3,39,0.0587223701836343,0.00518824066120297,6,0.28,29.1,4.85,6,FALSE,1,-2.3156060854344385,60.48222947073567,0.5428931050762806,0,TRUE,96.89962194628248,0
00-0038555,Tank Bigsby,RB,2024,16,129,8.0625,22.0068446269678,88,1,4,1,6,6,50,0.0310555875576037,0.00646786822058561,16,0.130625,22.8,1.75384615384615,13,FALSE,0,-0.16653390748279134,64.32353884647833,0.5623575634262084,3,FALSE,89.07074872817178,0
00-0038555,Tank Bigsby,RB,2025,15,53.8,3.58666666666667,23.006160164271,88,2,12,7,54,-13,168,0.0556882480424028,-0.00590826294273662,15,0.385333333333333,129,8.0625,16,TRUE,1,-2.3156060854344385,60.48222947073567,0.5428931050762806,0,TRUE,96.89962194628248,0.0556882480424028
00-0038558,Darnell Washington,TE,2024,13,45,3.46153846153846,23.0417522245038,93,1,11,7,61,11,0,0.0452598275396533,0.00482556383335751,18,0.469444444444444,13.1,1.6375,8,FALSE,1,-7.120032313232597,60.03284145075934,0.496930334488184,2,FALSE,74.1857788205039,0
00-0038558,Darnell Washington,TE,2025,13,73.4,5.64615384615385,24.041067761807,93,2,28,20,209,123,0,0.0965459896671077,0.0424290009378543,18,0.509444444444444,45,3.46153846153846,13,FALSE,0,-6.551421263838917,60.54958485906386,0.498988084765842,3,FALSE,99.31220378490926,0
00-0038559,Michael Wilson,WR,2024,16,124.5,7.78125,24.5229295003422,94,1,58,38,565,720,0,0.151284008936293,0.254670600255707,13,0.8,114.5,8.80769230769231,13,FALSE,0,-7.77746334075928,62.294117647058805,0.53968253968254,1,FALSE,99.63768087860034,0
00-0038559,Michael Wilson,WR,2025,17,220.6,12.9764705882353,25.5222450376454,94,2,71,47,548,805,1,0.175174759174268,0.274771136609178,16,0.795625,124.5,7.78125,16,FALSE,0,-4.450844670721244,61.33889123994921,0.5266301244718511,2,FALSE,91.5505700173843,0
00-0038563,Tre Tucker,WR,2024,17,129.3,7.60588235294118,23.4852840520192,100,1,34,19,331,624,10,0.121465403571264,0.243990309281892,16,0.3275,71.8,5.52307692307692,13,FALSE,1,-8.09083680152126,60.89232303090727,0.4923131914657334,2,FALSE,86.5765769116426,0
00-0038563,Tre Tucker,WR,2025,17,161.7,9.51176470588235,24.4845995893224,100,2,81,47,539,1017,9,0.167904910101438,0.25850174967215,17,0.872352941176471,129.3,7.60588235294118,17,FALSE,1,-2.3156060854344385,60.48222947073567,0.5428931050762806,0,TRUE,98.73749318926043,0
00-0038573,Derius Davis,WR,2024,15,40.1,2.67333333333333,23.9726214921287,125,1,17,15,66,-38,14,0.0487494907897318,-0.019538268807133,16,0.135625,29.7,1.74705882352941,17,FALSE,1,-7.082631239843433,64.48163851650537,0.4985939516130559,4,FALSE,98.73749318926043,0
00-0038573,Derius Davis,WR,2025,11,1.5,0.136363636363636,24.9719370294319,125,2,18,14,116,58,13,0.0724142562469871,0.0367483245293475,15,0.168,40.1,2.67333333333333,15,FALSE,0,-5.848188465752081,63.290112921482645,0.49565036001315527,5,FALSE,99.63768087860034,0
00-0038576,Charlie Jones,WR,2024,7,-0.5,-0.0714285714285714,25.8425735797399,131,1,9,7,64,79,2,0.0731538992408557,0.155307978344921,8,0.08875,14.7,1.33636363636364,11,FALSE,1,-2.3927249464459472,61.20751703093519,0.5382602054028329,0,TRUE,91.5505700173843,0
00-0038576,Charlie Jones,WR,2025,14,0,0,26.8418891170431,131,2,1,1,5,5,0,0.0344827586206897,0.0308641975308642,7,0.0628571428571429,-0.5,-0.0714285714285714,7,FALSE,0,10.0828731123803,62.705882352941195,0.66504854368932,1,FALSE,75.0135249983918,0
00-0038579,Aidan O'Connell,QB,2024,9,97.48,10.8311111111111,26.0013689253936,135,1,0,0,0,0,17,0,0,11,0.924545454545455,132.82,12.0745454545455,11,FALSE,1,-8.09083680152126,60.89232303090727,0.4923131914657334,2,FALSE,94.39609488384028,0
00-0038579,Aidan O'Connell,QB,2025,1,4.78,4.78,27.0006844626968,135,2,0,0,0,0,21,0,0,9,0.705555555555556,97.48,10.8311111111111,9,FALSE,1,-2.3156060854344385,60.48222947073567,0.5428931050762806,0,TRUE,100.1093045339178,0
00-0038582,Clayton Tune,QB,2024,5,-2.08,-0.416,25.4455852156057,139,1,0,0,0,0,8,0,0,6,0.185,9.48,1.58,6,FALSE,0,-7.77746334075928,62.294117647058805,0.53968253968254,1,FALSE,97.53698303935931,0
00-0038582,Clayton Tune,QB,2025,2,2.98,1.49,26.444900752909,139,2,0,0,0,0,7,0,0,6,0.0816666666666667,-2.08,-0.416,5,TRUE,0,-4.223375364931628,60.33658478307372,0.5392909912933972,3,FALSE,94.39609488384028,0
00-0038583,Dorian Thompson-Robinson,QB,2024,6,21.8,3.63333333333333,24.7994524298426,140,1,0,0,0,0,14,0,0,8,0.3675,26.1,3.72857142857143,7,FALSE,1,-1.07547140563658,62.6875,0.580645161290323,1,FALSE,97.53698303935931,0
00-0038589,Josh Whyle,TE,2024,15,60.8,4.05333333333333,24.9828884325804,147,1,15,9,94,146,0,0.0863235908333948,0.0816164615028426,11,0.240909090909091,24.4,2.71111111111111,9,FALSE,1,-2.3927249464459472,61.20751703093519,0.5382602054028329,0,TRUE,99.6312956406138,0
00-0038589,Josh Whyle,TE,2025,6,14.6,2.43333333333333,25.9822039698836,147,2,37,28,248,209,0,0.126948221868224,0.0835913202390287,17,0.32,60.8,4.05333333333333,15,TRUE,0,-4.223375364931628,60.33658478307372,0.5392909912933972,3,FALSE,96.309286703009,0.126948221868224
00-0038590,Justin Shorter,TE,2025,3,0,0,25.3744010951403,150,2,0,0,0,0,0,0,0,7,0.0528571428571429,0,0,1,FALSE,1,-2.3156060854344385,60.48222947073567,0.5428931050762806,0,TRUE,99.6312956406138,0
00-0038597,Chase Brown,RB,2024,16,255,15.9375,24.4490075290897,163,1,15,14,156,-45,44,0.0696816759504932,-0.0482958224577174,11,0.129090909090909,53.5,4.45833333333333,12,FALSE,1,-2.3927249464459472,61.20751703093519,0.5382602054028329,0,TRUE,99.37614309886182,0
00-0038597,Chase Brown,RB,2025,17,282.6,16.6235294117647,25.4483230663929,163,2,65,54,360,53,229,0.133826504728606,0.015311219715303701,16,0.6275,255,15.9375,16,FALSE,0,10.0828731123803,62.705882352941195,0.66504854368932,1,FALSE,91.39560576824717,0
00-0038606,Parker Washington,WR,2024,14,91,6.5,22.4503764544832,185,1,21,16,132,155,0,0.114066577048376,0.0795596873818998,9,0.387777777777778,39.2,4.9,8,FALSE,0,-0.16653390748279134,64.32353884647833,0.5623575634262084,3,FALSE,71.91123187885705,0
00-0038606,Parker Washington,WR,2025,16,172.7,10.79375,23.4496919917864,185,2,51,32,390,601,0,0.17100709664555,0.235285391157139,17,0.552941176470588,91,6.5,14,FALSE,1,-2.3156060854344385,60.48222947073567,0.5428931050762806,0,TRUE,86.5765769116426,0
00-0038608,Kayshon Boutte,WR,2024,15,121.9,8.12666666666667,22.321697467488,187,1,7,2,19,125,0,0.0641490784347927,0.202618220489188,5,0.33,3.9,1.3,3,FALSE,1,-3.947551699890613,64.46824339329336,0.49696331073012767,4,FALSE,71.91123187885705,0
00-0038608,Kayshon Boutte,WR,2025,14,124.1,8.86428571428571,23.3210130047912,187,2,68,43,589,1011,0,0.184887072450829,0.340385230719438,15,0.780666666666667,121.9,8.12666666666667,15,FALSE,1,-5.244402479179989,64.19506391873436,0.4758346739648673,4,FALSE,86.5765769116426,0
00-0038611,Chris Rodriguez Jr.,RB,2024,7,31.5,4.5,24.933607118412,193,1,2,2,12,-7,51,0.0275297619047619,-0.0134936505494881,10,0.153,37.9,4.21111111111111,9,FALSE,1,-2.3927249464459472,61.20751703093519,0.5382602054028329,0,TRUE,91.39560576824717,0
00-0038611,Chris Rodriguez Jr.,RB,2025,12,92,7.66666666666667,25.9329226557153,193,2,1,1,12,1,35,0.0285714285714286,0.00389105058365759,7,0.151428571428571,31.5,4.5,7,FALSE,0,1.05845290147838,65,0.4615384615384619,1,FALSE,93.3197777467908,0
00-0038618,Xavier Hutchinson,WR,2024,14,23.7,1.69285714285714,24.2518822724162,205,1,23,12,99,207,5,0.0868635050546897,0.0953080910377121,16,0.315,21.9,1.825,12,FALSE,0,-3.705483912483935,60.5426101785595,0.4803488471835923,2,FALSE,98.73749318926043,0
00-0038618,Xavier Hutchinson,WR,2025,16,98,6.125,25.2511978097194,205,2,33,17,203,351,0,0.104154257426269,0.111826689508531,18,0.473888888888889,23.7,1.69285714285714,14,FALSE,0,-2.5050011258412974,60.992172224454286,0.5055515164721399,3,FALSE,99.63768087860034,0
00-0038619,Andrei Iosivas,WR,2024,17,119.9,7.05294117647059,24.8815879534565,206,1,25,15,116,215,0,0.152407242757243,0.246231026838173,16,0.259375,50.6,4.6,11,FALSE,1,-2.3927249464459472,61.20751703093519,0.5382602054028329,0,TRUE,99.63768087860034,0
00-0038619,Andrei Iosivas,WR,2025,15,89.9,5.99333333333333,25.8809034907598,206,2,61,36,479,692,0,0.115725779981647,0.171264026663768,17,0.784117647058824,119.9,7.05294117647059,17,FALSE,0,10.0828731123803,62.705882352941195,0.66504854368932,1,FALSE,91.5505700173843,0
00-0038621,DeMario Douglas,WR,2024,16,147.7,9.23125,23.7316906228611,210,1,79,49,561,648,8,0.208209808278073,0.25420266293509,14,0.570714285714286,107.2,7.65714285714286,14,FALSE,1,-3.947551699890613,64.46824339329336,0.49696331073012767,4,FALSE,98.73749318926043,0
00-0038621,DeMario Douglas,WR,2025,16,95.8,5.9875,24.7310061601643,210,2,87,66,621,531,3,0.215763835452972,0.176729362455162,17,0.626470588235294,147.7,9.23125,16,FALSE,1,-5.244402479179989,64.19506391873436,0.4758346739648673,4,FALSE,99.63768087860034,0
00-0038622,Deuce Vaughn,RB,2024,5,11.8,2.36,22.8309377138946,212,1,7,7,40,-6,23,0.0513195513195513,-0.00238330039731928,6,0.146666666666667,15,2.5,6,FALSE,0,-1.9438461941564844,63.33569615957746,0.566553637844823,4,FALSE,96.89962194628248,0
00-0038640,Jalen Brooks,WR,2024,12,35.7,2.975,24.3203285420945,244,1,6,6,64,36,0,0.0699810606060606,0.029233300885366,7,0.15,12.4,4.13333333333333,3,FALSE,0,-1.9438461941564844,63.33569615957746,0.566553637844823,4,FALSE,98.73749318926043,0
00-0038640,Jalen Brooks,WR,2025,5,6.1,1.22,25.3196440793977,244,2,30,12,177,409,0,0.092405970875675,0.17773149063645,14,0.382857142857143,35.7,2.975,12,TRUE,0,-4.450844670721244,61.33889123994921,0.5266301244718511,2,FALSE,99.63768087860034,0.092405970875675
00-0038643,Brayden Willis,TE,2024,5,0,0,24.807665982204,247,1,0,0,0,0,0,0,0,10,0.089,0,0,1,FALSE,0,-1.746163993703397,61.15189530920728,0.48150446254666934,2,FALSE,99.6312956406138,0
00-0038643,Brayden Willis,TE,2025,6,0,0,25.8069815195072,247,2,2,0,0,11,0,0.0476190476190476,0.0328358208955224,7,0.0528571428571429,0,0,5,FALSE,0,-2.673629810734993,60.52350065055126,0.4813981445744344,4,FALSE,96.309286703009,0
00-0038647,Ronnie Bell,WR,2024,4,4.2,1.05,24.5941136208077,253,1,13,6,68,160,0,0.103117614746574,0.149906637557951,15,0.188,30.8,2.36923076923077,13,FALSE,0,-1.746163993703397,61.15189530920728,0.48150446254666934,2,FALSE,99.63768087860034,0
00-0038647,Ronnie Bell,WR,2025,2,10.3,5.15,25.5934291581109,253,2,6,2,22,65,0,0.0781720430107527,0.0938013395677998,8,0.21375,4.2,1.05,4,TRUE,1,-2.3156060854344385,60.48222947073567,0.5428931050762806,0,TRUE,91.5505700173843,0.0781720430107527
00-0038678,Jordan Mims,RB,2024,8,26.1,3.2625,25.2128678986995,NA,1,2,0,0,10,0,0.08,0.0429184549356223,1,0.04,0,0,2,FALSE,1,-1.746163993703397,61.15189530920728,0.48150446254666934,2,FALSE,91.39560576824717,0
00-0038678,Jordan Mims,RB,2025,1,0,0,26.2121834360027,NA,2,18,12,71,3,20,0.175762590236274,0.0188793716783475,9,0.185555555555556,26.1,3.2625,8,TRUE,0,-6.68407505908549,60.3529411764706,0.532786885245902,1,FALSE,93.3197777467908,0.175762590236274
00-0038679,Tyrell Shavers,WR,2025,11,45.5,4.13636363636364,26.0396988364134,NA,2,1,1,69,-2,0,0.037037037037037,-0.00980392156862745,3,0.16,13.9,13.9,1,FALSE,0,-1.7945790111540487,61.81365180352616,0.4638303406066273,3,FALSE,91.5505700173843,0
00-0038685,Chris Brooks,RB,2024,11,42.2,3.83636363636364,24.6406570841889,NA,1,0,0,0,0,19,0,0,4,0.135,10.6,3.53333333333333,3,TRUE,0,-1.7662823394448042,60.63912246191722,0.5625477763012525,2,FALSE,91.39560576824717,0
00-0038685,Chris Brooks,RB,2025,17,32.7,1.92352941176471,25.6399726214921,NA,2,16,13,78,-33,36,0.080081320228379,-0.0225116690048884,14,0.227857142857143,42.2,3.83636363636364,11,FALSE,0,-4.223375364931628,60.33658478307372,0.5392909912933972,3,FALSE,93.3197777467908,0
00-0038705,Emari Demercado,RB,2024,13,54.7,4.20769230769231,25.6153319644079,NA,1,30,21,119,27,58,0.129891289246235,0.0141546545213473,14,0.308571428571429,73.3,6.66363636363636,11,FALSE,0,-7.77746334075928,62.294117647058805,0.53968253968254,1,FALSE,93.3197777467908,0
00-0038705,Emari Demercado,RB,2025,12,58.3,4.85833333333333,26.6146475017112,NA,2,20,16,104,26,24,0.12469876851689,0.0405837464141833,13,0.203076923076923,54.7,4.20769230769231,13,FALSE,0,-4.450844670721244,61.33889123994921,0.5266301244718511,2,FALSE,70.13043117440901,0
00-0038710,Blake Whiteheart,TE,2025,9,2.4,0.266666666666667,25.4455852156057,NA,2,9,6,51,81,0,0.0497407519966339,0.0464742051212409,11,0.28,17.1,2.44285714285714,7,FALSE,1,-2.3156060854344385,60.48222947073567,0.5428931050762806,0,TRUE,99.6312956406138,0
00-0038720,Julian Hill,TE,2024,14,22,1.57142857142857,24.1478439425051,NA,1,9,6,48,29,0,0.0544807867030089,0.0196249242088793,16,0.341875,8.8,0.88,10,FALSE,0,1.6387244690867036,59.873498324310376,0.5398887365534697,2,FALSE,99.31220378490926,0
00-0038720,Julian Hill,TE,2025,11,31,2.81818181818182,25.1471594798084,NA,2,19,12,100,120,0,0.0603907343985745,0.0621102092124513,16,0.47875,22,1.57142857142857,14,FALSE,0,-0.5447121886359134,60.911465867603496,0.559447486838868,3,FALSE,99.6312956406138,0
00-0038728,Jared Wayne,WR,2025,1,4,4,24.9007529089665,NA,2,2,0,0,40,0,0.0714285714285714,0.148148148148148,4,0.2575,NA,NA,NA,FALSE,0,-2.5050011258412974,60.992172224454286,0.5055515164721399,3,FALSE,99.63768087860034,0
00-0038735,Princeton Fant,TE,2025,1,0,0,26.4777549623546,NA,2,0,0,0,0,0,0,0,4,0.045,0,0,1,FALSE,1,-2.3156060854344385,60.48222947073567,0.5428931050762806,0,TRUE,96.309286703009,0
00-0038738,Hunter Luepke,RB,2024,14,26.9,1.92142857142857,24.5092402464066,NA,1,4,3,18,-2,6,0.0276040161150455,9.6576905496959e-4,18,0.120555555555556,12.7,1.27,10,FALSE,0,-1.9438461941564844,63.33569615957746,0.566553637844823,4,FALSE,91.39560576824717,0
00-0038738,Hunter Luepke,RB,2025,14,37,2.64285714285714,25.5085557837098,NA,2,16,12,111,39,12,0.0515179807572545,0.0207291893444878,2,0.23,26.9,1.92142857142857,14,FALSE,1,-2.3156060854344385,60.48222947073567,0.5428931050762806,0,TRUE,93.3197777467908,0
00-0038752,Jake Bobo,WR,2024,12,29.7,2.475,26.0780287474333,NA,1,25,19,196,150,1,0.0821811525627315,0.0855620918778942,17,0.284705882352941,56.9,4.06428571428571,14,FALSE,1,-2.3927249464459472,61.20751703093519,0.5382602054028329,0,TRUE,91.5505700173843,0
00-0038752,Jake Bobo,WR,2025,5,4,0.8,27.0773442847365,NA,2,17,13,107,138,0,0.0501641725927771,0.0572562705424336,17,0.292352941176471,29.7,2.475,12,FALSE,1,-2.673629810734993,60.52350065055126,0.4813981445744344,4,FALSE,75.0135249983918,0
00-0038783,Nate Adkins,TE,2024,15,43.5,2.9,25.1498973305955,NA,1,5,4,22,-5,0,0.0520655270655271,-0.00554756542143809,10,0.1,6.2,1.24,5,FALSE,0,2.314489148752637,63.996828470321134,0.5900392582514449,4,FALSE,99.6312956406138,0
00-0038783,Nate Adkins,TE,2025,6,16.8,2.8,26.1492128678987,NA,2,15,14,115,62,0,0.0490444788084469,0.0268435513488099,18,0.368888888888889,43.5,2.9,15,FALSE,0,1.6623237357923664,63.199504917454426,0.5887198393990302,5,FALSE,96.309286703009,0
00-0038794,Jaleel McLaughlin,RB,2024,16,97.2,6.075,23.9671457905544,NA,1,36,31,160,-140,76,0.112650562728388,-0.0583285398568348,17,0.185882352941176,106,6.23529411764706,17,FALSE,0,2.314489148752637,63.996828470321134,0.5900392582514449,4,FALSE,99.37614309886182,0
00-0038794,Jaleel McLaughlin,RB,2025,8,31.4,3.925,24.9664613278576,NA,2,28,25,76,-111,115,0.0875157990947118,-0.0611338698547614,17,0.276470588235294,97.2,6.075,16,FALSE,0,1.6623237357923664,63.199504917454426,0.5887198393990302,5,FALSE,91.39560576824717,0
00-0038797,Emanuel Wilson,RB,2024,17,96,5.64705882352941,25.3196440793977,NA,1,6,5,34,-9,26,0.0473036670252093,-0.0120669320788752,9,0.0966666666666667,14.8,2.96,5,FALSE,0,-1.7662823394448042,60.63912246191722,0.5625477763012525,2,FALSE,91.39560576824717,0
00-0038797,Emanuel Wilson,RB,2025,17,94.5,5.55882352941176,26.3189596167009,NA,2,17,12,71,-56,106,0.0708392104301172,-0.0239694486063887,18,0.230555555555556,96,5.64705882352941,17,FALSE,0,-4.223375364931628,60.33658478307372,0.5392909912933972,3,FALSE,93.3197777467908,0
00-0038809,Ben Sims,TE,2024,4,8.2,2.05,24.2956878850103,NA,1,7,5,25,32,0,0.0307328704731631,0.0185427116116528,18,0.182777777777778,12.1,2.01666666666667,6,FALSE,0,-1.7662823394448042,60.63912246191722,0.5625477763012525,2,FALSE,99.31220378490926,0
00-0038809,Ben Sims,TE,2025,3,6,2,25.2950034223135,NA,2,5,4,42,40,0,0.0498007808703904,0.0598566526316116,17,0.212941176470588,8.2,2.05,4,TRUE,0,2.6816146451914005,62.79394275248685,0.6485657275221384,3,FALSE,99.6312956406138,0.0498007808703904
00-0038821,Rakim Jarrett,WR,2024,8,21.4,2.675,23.6030116358658,NA,1,9,4,60,142,1,0.0539929772806971,0.102555782756794,10,0.174,10,1.42857142857143,7,FALSE,1,-1.5340879553944275,60.88578223955308,0.5544179392950374,2,FALSE,98.73749318926043,0
00-0038824,Ryan Miller,WR,2025,9,11.4,1.26666666666667,25.5304585900068,NA,2,20,12,128,195,0,0.0918370787243768,0.144297238525732,12,0.3475,36.8,4.08888888888889,9,FALSE,1,-2.3156060854344385,60.48222947073567,0.5428931050762806,0,TRUE,91.5505700173843,0
00-0038840,Brycen Tremayne,WR,2025,15,30,2,25.7878165639973,NA,2,1,1,-2,-2,0,0.037037037037037,-0.00647249190938511,2,0.13,0.8,0.4,2,TRUE,0,-0.9174934729566496,59.42308282674996,0.6249431195491183,2,FALSE,91.5505700173843,0.037037037037037
00-0038933,Dalton Kincaid,TE,2024,13,100.8,7.75384615384615,24.8733744010951,25,1,102,81,777,636,0,0.20412504068745,0.154597926433159,18,0.628333333333333,150.3,9.39375,16,FALSE,1,-0.8649786736527051,62.918497519489705,0.4885280251440543,2,FALSE,99.6312956406138,0
00-0038933,Dalton Kincaid,TE,2025,12,126.1,10.508333333333301,25.8726899383984,25,2,84,50,519,671,0,0.211808283943209,0.209912699732419,16,0.546875,100.8,7.75384615384615,13,FALSE,0,-1.7945790111540487,61.81365180352616,0.4638303406066273,3,FALSE,96.309286703009,0
00-0038935,Brenton Strange,TE,2024,14,91.1,6.50714285714286,23.6796714579055,61,1,9,5,35,68,0,0.0727363007166654,0.0699315069900261,14,0.321428571428571,14.5,2.07142857142857,7,FALSE,0,-0.16653390748279134,64.32353884647833,0.5623575634262084,3,FALSE,99.31220378490926,0
00-0038935,Brenton Strange,TE,2025,12,118,9.83333333333333,24.6789869952088,61,2,53,40,411,341,0,0.161576560822788,0.11874943094132,17,0.542352941176471,91.1,6.50714285714286,14,FALSE,1,-2.3156060854344385,60.48222947073567,0.5428931050762806,0,TRUE,99.6312956406138,0
00-0038938,Jalin Hyatt,WR,2024,10,14.2,1.42,22.9349760438056,73,1,40,23,373,841,0,0.138004059538117,0.330804309064434,17,0.502941176470588,60.3,4.63846153846154,13,FALSE,0,-2.854991123740784,62.00404474183561,0.4541853689806619,2,FALSE,86.5765769116426,0
00-0038938,Jalin Hyatt,WR,2025,6,8.5,1.41666666666667,23.9342915811088,73,2,19,8,62,363,0,0.0747471055943897,0.15857103894828,16,0.315,14.2,1.42,10,FALSE,0,-3.3189211254310966,61.81529615894941,0.4907636579868245,3,FALSE,98.73749318926043,0
00-0038941,Tyler Scott,WR,2024,4,1.5,0.375,22.8884325804244,133,1,32,17,168,370,7,0.116315303377534,0.188946544684753,17,0.38,35.9,2.76153846153846,13,FALSE,1,0.09937692503816128,58.15604034108125,0.5602657737692467,3,FALSE,86.5765769116426,0
00-0038951,Sean Tucker,RB,2024,17,68.7,4.04117647058823,22.8528405201916,NA,1,2,2,9,-3,15,0.0625,-0.0119047619047619,4,0.125,5.2,1.73333333333333,3,FALSE,1,-1.5340879553944275,60.88578223955308,0.5544179392950374,2,FALSE,96.89962194628248,0
00-0038951,Sean Tucker,RB,2025,17,91.4,5.37647058823529,23.8521560574949,NA,2,12,9,109,12,50,0.0518002629812465,0.00543037248292609,12,0.130833333333333,68.7,4.04117647058823,17,FALSE,1,-2.3156060854344385,60.48222947073567,0.5428931050762806,0,TRUE,99.37614309886182,0
00-0038976,Marvin Mims Jr.,WR,2024,17,129.5,7.61764705882353,22.4558521560575,63,1,33,22,377,497,9,0.093335203536353,0.159438187127831,16,0.376875,64.7,4.04375,16,FALSE,0,2.314489148752637,63.996828470321134,0.5900392582514449,4,FALSE,71.91123187885705,0
00-0038976,Marvin Mims Jr.,WR,2025,15,87,5.8,23.4551676933607,63,2,56,41,515,422,15,0.137454756812435,0.11866628129565,18,0.292777777777778,129.5,7.61764705882353,17,FALSE,0,1.6623237357923664,63.199504917454426,0.5887198393990302,5,FALSE,86.5765769116426,0
00-0038977,Tank Dell,WR,2024,14,140,10,24.843258042436702,69,1,75,47,709,1070,11,0.246753838241619,0.34844573514739,11,0.656363636363636,165,16.5,10,FALSE,0,-3.705483912483935,60.5426101785595,0.4803488471835923,2,FALSE,99.63768087860034,0
00-0038979,Cedric Tillman,WR,2024,9,80.4,8.93333333333333,24.3696098562628,74,1,44,21,224,468,1,0.138856623562197,0.165825135859495,14,0.61,44.2,4.01818181818182,11,FALSE,1,-1.07547140563658,62.6875,0.580645161290323,1,FALSE,98.73749318926043,0
00-0038979,Cedric Tillman,WR,2025,12,60,5,25.3689253935661,74,2,49,29,339,552,1,0.201624755162702,0.272449035039294,11,0.549090909090909,80.4,8.93333333333333,9,FALSE,1,-2.3156060854344385,60.48222947073567,0.5428931050762806,0,TRUE,99.63768087860034,0
00-0038994,Jordan Addison,WR,2024,15,212.5,14.1666666666667,22.5954825462012,23,1,108,70,911,1347,1,0.196724627504247,0.316896888100455,17,0.810588235294118,221.3,13.0176470588235,17,FALSE,0,2.0976935157109353,63.67803123643234,0.6684650520890582,2,FALSE,86.5765769116426,0
00-0038994,Jordan Addison,WR,2025,14,135.1,9.65,23.5947980835045,23,2,107,66,904,1438,3,0.235022846480765,0.320739264293551,16,0.82375,212.5,14.1666666666667,15,FALSE,0,2.6816146451914005,62.79394275248685,0.6485657275221384,3,FALSE,98.73749318926043,0
00-0038996,Tucker Kraft,TE,2024,17,163.3,9.60588235294118,23.8275154004107,78,1,49,36,379,182,0,0.148842454835773,0.0725764388477196,19,0.593157894736842,78.5,5.60714285714286,14,FALSE,0,-1.7662823394448042,60.63912246191722,0.5625477763012525,2,FALSE,99.31220378490926,0
00-0038996,Tucker Kraft,TE,2025,8,117.2,14.65,24.8268309377139,78,2,75,55,733,379,5,0.172676011441951,0.0919339581190439,18,0.863888888888889,163.3,9.60588235294118,17,FALSE,0,-4.223375364931628,60.33658478307372,0.5392909912933972,3,FALSE,99.6312956406138,0
00-0038997,Josh Downs,WR,2024,14,183.5,13.1071428571429,23.0554414784394,79,1,98,68,771,707,0,0.214933543096694,0.185164881836005,17,0.675294117647059,157.1,9.24117647058824,17,FALSE,0,-3.472683811137831,64.03169499310975,0.4940455604271285,2,FALSE,86.5765769116426,0
00-0038997,Josh Downs,WR,2025,16,136.4,8.525,24.0547570157426,79,2,107,72,803,734,1,0.275344197801237,0.184254154670985,14,0.644285714285714,183.5,13.1071428571429,14,FALSE,0,-5.206003754852174,62.90759972111114,0.4735640946273987,3,FALSE,98.73749318926043,0
00-0039021,Roschon Johnson,RB,2024,13,77.4,5.95384615384615,23.5838466803559,115,1,40,34,209,-33,81,0.145805950031493,-0.00614804315345498,15,0.395333333333333,102.1,6.80666666666667,15,FALSE,1,0.09937692503816128,58.15604034108125,0.5602657737692467,3,FALSE,99.37614309886182,0
00-0039021,Roschon Johnson,RB,2025,6,1.7,0.283333333333333,24.5831622176591,115,2,20,16,104,11,55,0.118301733013041,-0.0163167063271738,13,0.303076923076923,77.4,5.95384615384615,13,FALSE,1,-4.79011169771107,64.39098450827193,0.4878221470323203,3,FALSE,91.39560576824717,0
00-0039032,Tyjae Spears,RB,2024,12,113.6,9.46666666666667,23.2142368240931,81,1,70,52,385,-12,100,0.166431049783991,-0.00283599799089415,17,0.523529411764706,153.8,9.04705882352941,17,FALSE,1,-2.3927249464459472,61.20751703093519,0.5382602054028329,0,TRUE,96.89962194628248,0
00-0039032,Tyjae Spears,RB,2025,13,111.7,8.59230769230769,24.2135523613963,81,2,35,30,224,-31,84,0.131505900462158,-0.020292234012667,12,0.4275,113.6,9.46666666666667,12,FALSE,0,-6.68407505908549,60.3529411764706,0.532786885245902,1,FALSE,99.37614309886182,0
00-0039040,De'Von Achane,RB,2024,17,299.9,17.6411764705882,22.8856947296372,84,1,43,30,218,16,109,0.157540621265623,0.021125034373795,12,0.4275,190.7,17.3363636363636,11,FALSE,0,1.6387244690867036,59.873498324310376,0.5398887365534697,2,FALSE,96.89962194628248,0
00-0039040,De'Von Achane,RB,2025,16,322.8,20.175,23.8850102669405,84,2,87,78,592,-35,203,0.184136423973297,-0.0168620265048264,17,0.624117647058824,299.9,17.6411764705882,17,FALSE,0,-0.5447121886359134,60.911465867603496,0.559447486838868,3,FALSE,99.37614309886182,0
00-0039041,Elijah Higgins,TE,2024,15,49.2,3.28,23.8466803559206,197,1,19,14,163,128,0,0.073503864792565,0.0718851649729187,11,0.258181818181818,36.3,3.3,11,FALSE,0,-7.77746334075928,62.294117647058805,0.53968253968254,1,FALSE,99.31220378490926,0
00-0039041,Elijah Higgins,TE,2025,17,58.1,3.41764705882353,24.8459958932238,197,2,24,20,172,108,0,0.0693459814273438,0.0437973008526853,17,0.380588235294118,49.2,3.28,15,FALSE,0,-4.450844670721244,61.33889123994921,0.5266301244718511,2,FALSE,99.6312956406138,0
00-0039050,Payne Durham,TE,2024,8,34.5,4.3125,24.2135523613963,171,1,8,6,76,76,0,0.0325697178575795,0.0369769974089632,15,0.153333333333333,10.8,1.8,6,FALSE,1,-1.5340879553944275,60.88578223955308,0.5544179392950374,2,FALSE,99.31220378490926,0
00-0039050,Payne Durham,TE,2025,8,2.1,0.2625,25.2128678986995,171,2,14,11,115,124,0,0.115314319651341,0.103187476889682,17,0.391764705882353,34.5,4.3125,8,FALSE,1,-2.3156060854344385,60.48222947073567,0.5428931050762806,0,TRUE,99.6312956406138,0
00-0039052,Trey Palmer,WR,2024,15,35.2,2.34666666666667,23.4168377823409,191,1,72,42,473,774,4,0.140550784558426,0.173394584828472,19,0.633157894736842,95.7,5.62941176470588,17,FALSE,1,-1.5340879553944275,60.88578223955308,0.5544179392950374,2,FALSE,86.5765769116426,0
00-0039062,Jonathan Mingo,WR,2024,14,32.2,2.3,23.3675564681725,39,1,85,43,418,921,0,0.217768216417932,0.260189808027753,15,0.897333333333333,84.8,5.65333333333333,15,FALSE,1,-0.93537900248378,60.73684210526321,0.633093525179856,1,FALSE,86.5765769116426,0
00-0039062,Jonathan Mingo,WR,2025,5,3.5,0.7,24.3668720054757,39,2,26,12,121,241,2,0.121413840777236,0.140897729877919,9,0.54,32.2,2.3,14,TRUE,1,-2.3156060854344385,60.48222947073567,0.5428931050762806,0,TRUE,98.73749318926043,0.121413840777236
00-0039064,Zay Flowers,WR,2024,17,209.5,12.3235294117647,23.9726214921287,22,1,121,86,1014,1053,10,0.279793501720157,0.265155193848076,18,0.845,206.4,12.9,16,FALSE,0,2.996667788796563,62.6891488564084,0.5677081034738317,3,FALSE,98.73749318926043,0
00-0039064,Zay Flowers,WR,2025,17,243.3,14.3117647058824,24.9719370294319,22,2,116,74,1059,1207,9,0.290991116268566,0.314685459783787,17,0.746470588235294,209.5,12.3235294117647,17,FALSE,0,0.4558089730608386,62.2806738134938,0.5473334568380964,4,FALSE,99.63768087860034,0
00-0039065,Sam LaPorta,TE,2024,16,174.6,10.9125,23.6358658453114,34,1,147,107,1065,1021,1,0.247808622513961,0.240068047522474,20,0.83,239.3,14.0764705882353,17,FALSE,0,-3.7816319045922993,64.31060134015775,0.4870263163546411,2,FALSE,99.31220378490926,0
00-0039065,Sam LaPorta,TE,2025,9,106.9,11.8777777777778,24.6351813826146,34,2,90,66,777,609,0,0.198010937853008,0.193315616822754,17,0.855882352941176,174.6,10.9125,16,FALSE,1,-2.3156060854344385,60.48222947073567,0.5428931050762806,0,TRUE,99.6312956406138,0
00-0039066,Michael Mayer,TE,2024,11,36.6,3.32727272727273,23.1567419575633,35,1,40,27,304,227,0,0.132041474635851,0.0921730984174959,14,0.71,71.4,5.49230769230769,13,FALSE,1,-8.09083680152126,60.89232303090727,0.4923131914657334,2,FALSE,74.1857788205039,0
00-0039066,Michael Mayer,TE,2025,13,73.8,5.67692307692308,24.1560574948665,35,2,32,21,156,197,0,0.125593861549844,0.0978443919554807,11,0.63,36.6,3.32727272727273,11,FALSE,1,-2.3156060854344385,60.48222947073567,0.5428931050762806,0,TRUE,99.31220378490926,0
00-0039067,Rashee Rice,WR,2024,4,64.9,16.225,24.3613963039014,55,1,135,105,1200,616,3,0.227001596783503,0.170667413038818,20,0.6255,212.5,13.28125,16,FALSE,0,5.007275832550871,62.904761904761905,0.626126126126126,1,FALSE,98.73749318926043,0
00-0039067,Rashee Rice,WR,2025,8,150.1,18.7625,25.3607118412047,55,2,29,24,288,151,1,0.345160752956855,0.316435205236678,4,0.6025,64.9,16.225,4,FALSE,0,5.300602599522808,62.06117943246481,0.6217951442008044,2,FALSE,99.63768087860034,0
00-0039074,Davis Allen,TE,2024,7,9.9,1.41428571428571,23.5756331279945,175,1,13,12,123,33,0,0.116756379867565,0.0415503484288563,16,0.190625,25.5,3.64285714285714,7,FALSE,0,-1.5340879553944275,60.88578223955308,0.5544179392950374,2,FALSE,99.31220378490926,0
00-0039074,Davis Allen,TE,2025,15,62.8,4.18666666666667,24.5749486652977,175,2,15,7,52,60,0,0.0862996861526273,0.0419580696460865,16,0.32625,9.9,1.41428571428571,7,FALSE,1,-3.2048470434873892,62.04804822432223,0.540022645347221,5,FALSE,99.6312956406138,0
00-0039075,Puka Nacua,WR,2024,11,206.6,18.7818181818182,23.2607802874743,177,1,170,114,1667,1549,13,0.305191552943594,0.327999103939418,18,0.870555555555556,298.5,17.5588235294118,17,FALSE,0,-1.5340879553944275,60.88578223955308,0.5544179392950374,2,FALSE,86.5765769116426,0
00-0039075,Puka Nacua,WR,2025,16,375,23.4375,24.2600958247776,177,2,129,90,1131,1046,12,0.357615044965059,0.330572759014736,13,0.723846153846154,206.6,18.7818181818182,11,FALSE,1,-3.2048470434873892,62.04804822432223,0.540022645347221,5,FALSE,98.73749318926043,0
00-0039139,Jahmyr Gibbs,RB,2024,17,362.9,21.3470588235294,22.4531143052704,12,1,85,63,410,12,211,0.164592054655431,7.1452787172987e-4,18,0.536111111111111,242.1,16.14,15,FALSE,0,-3.7816319045922993,64.31060134015775,0.4870263163546411,2,FALSE,89.07074872817178,0
00-0039139,Jahmyr Gibbs,RB,2025,17,366.9,21.5823529411765,23.4524298425736,12,2,74,58,587,41,264,0.164664303154108,0.0206256264688534,18,0.563888888888889,362.9,21.3470588235294,17,FALSE,1,-2.3156060854344385,60.48222947073567,0.5428931050762806,0,TRUE,96.89962194628248,0
00-0039144,Luke Musgrave,TE,2024,7,11.5,1.64285714285714,23.9972621492129,42,1,53,40,418,403,0,0.153410422446047,0.121696602902143,13,0.594615384615385,75.2,6.83636363636364,11,FALSE,0,-1.7662823394448042,60.63912246191722,0.5625477763012525,2,FALSE,99.31220378490926,0
00-0039144,Luke Musgrave,TE,2025,13,49.2,3.78461538461538,24.9965776865161,42,2,10,7,45,66,0,0.0532741118194839,0.0365329834272471,8,0.2975,11.5,1.64285714285714,7,FALSE,0,-4.223375364931628,60.33658478307372,0.5392909912933972,3,FALSE,99.6312956406138,0
00-0039146,Jayden Reed,WR,2024,17,197,11.5882352941176,24.3449691991786,50,1,101,68,828,1011,12,0.192420581048184,0.198459793665388,18,0.558888888888889,217.2,13.575,16,FALSE,0,-1.7662823394448042,60.63912246191722,0.5625477763012525,2,FALSE,98.73749318926043,0
00-0039146,Jayden Reed,WR,2025,5,48.5,9.7,25.3442847364819,50,2,79,59,903,706,20,0.177994568862093,0.155143466275508,18,0.627222222222222,197,11.5882352941176,17,FALSE,0,-4.223375364931628,60.33658478307372,0.5392909912933972,3,FALSE,99.63768087860034,0
00-0039150,Bryce Young,QB,2024,14,204.02,14.5728571428571,23.1047227926078,1,1,0,0,0,0,39,0,0,16,0.998125,166.38,10.39875,16,FALSE,1,-0.93537900248378,60.73684210526321,0.633093525179856,1,FALSE,98.00322351301972,0
00-0039150,Bryce Young,QB,2025,16,229.04,14.315,24.104038329911,1,2,0,0,0,0,43,0,0,14,0.867142857142857,204.02,14.5728571428571,14,FALSE,0,-0.9174934729566496,59.42308282674996,0.6249431195491183,2,FALSE,100.67668139230038,0
00-0039152,Will Levis,QB,2024,12,131.94,10.995,25.1827515400411,33,1,0,0,0,0,25,0,0,9,0.912222222222222,106.02,11.78,9,FALSE,1,-2.3927249464459472,61.20751703093519,0.5382602054028329,0,TRUE,97.53698303935931,0
00-0039163,C.J. Stroud,QB,2024,17,232.38,13.6694117647059,22.9130732375086,2,1,1,1,0,-1,43,0.0232558139534884,-0.00384615384615385,17,0.978823529411765,281.02,18.7346666666667,15,FALSE,0,-3.705483912483935,60.5426101785595,0.4803488471835923,2,FALSE,98.00322351301972,0
00-0039163,C.J. Stroud,QB,2025,14,216.54,15.4671428571429,23.9123887748118,2,2,1,0,0,10,64,0.0344827586206897,0.0206611570247934,19,0.937894736842105,232.38,13.6694117647059,17,FALSE,0,-2.5050011258412974,60.992172224454286,0.5055515164721399,3,FALSE,100.67668139230038,0
00-0039164,Anthony Richardson,QB,2024,11,175.36,15.9418181818182,22.280629705681,4,1,0,0,0,0,25,0,0,4,0.6525,73.68,18.42,4,FALSE,0,-3.472683811137831,64.03169499310975,0.4940455604271285,2,FALSE,88.64851764738772,0
00-0039164,Anthony Richardson,QB,2025,2,2.16,1.08,23.2799452429843,4,2,1,1,-1,-8,86,0.0277777777777778,-0.0230547550432277,11,0.925454545454545,175.36,15.9418181818182,11,FALSE,0,-5.206003754852174,62.90759972111114,0.4735640946273987,3,FALSE,98.00322351301972,0
00-0039165,Zach Charbonnet,RB,2024,17,186.9,10.9941176470588,23.64681724846,52,1,40,33,209,-41,108,0.103856756039852,-0.014236631131712,16,0.486875,106.1,6.63125,16,FALSE,1,-2.3927249464459472,61.20751703093519,0.5382602054028329,0,TRUE,99.37614309886182,0
00-0039165,Zach Charbonnet,RB,2025,16,181.4,11.3375,24.6461327857632,52,2,52,42,340,-54,135,0.126967384164685,-0.0294682583485561,17,0.527058823529412,186.9,10.9941176470588,17,FALSE,1,-2.673629810734993,60.52350065055126,0.4813981445744344,4,FALSE,91.39560576824717,0
00-0039299,George Holani,RB,2025,10,14.8,1.48,25.7111567419576,NA,1,1,1,-1,-1,3,0.0344827586206897,-0.00636942675159236,2,0.04,1.9,0.633333333333333,3,FALSE,1,-2.673629810734993,60.52350065055126,0.4813981445744344,4,FALSE,93.3197777467908,0
00-0039337,Malik Nabers,WR,2025,4,57.1,14.275,22.0971937029432,6,1,170,109,1204,1609,5,0.380605401112609,0.466424537276268,15,0.906,273.6,18.24,15,FALSE,0,-3.3189211254310966,61.81529615894941,0.4907636579868245,3,FALSE,71.91123187885705,0
00-0039338,Brock Bowers,TE,2025,12,176.2,14.6833333333333,22.7186858316222,13,1,153,112,1194,923,5,0.293396315563793,0.236353398191885,17,0.849411764705882,262.7,15.4529411764706,17,FALSE,1,-2.3156060854344385,60.48222947073567,0.5428931050762806,0,TRUE,74.1857788205039,0
00-0039342,Xavier Legette,WR,2025,15,89.3,5.95333333333333,24.5886379192334,32,1,84,49,497,1030,6,0.217687637054699,0.262443428533817,16,0.698125,125.1,8.34,15,FALSE,0,-0.9174934729566496,59.42308282674996,0.6249431195491183,2,FALSE,99.63768087860034,0
00-0039355,Luke McCaffrey,WR,2025,9,51.3,5.7,24.4161533196441,100,1,25,18,168,180,0,0.0823880344767736,0.0768121589363038,20,0.3355,34.8,2.67692307692308,13,FALSE,0,1.05845290147838,65,0.4615384615384619,1,FALSE,98.73749318926043,0
00-0039356,Ja'Tavion Sanders,TE,2025,12,54,4.5,22.4339493497604,101,1,43,33,342,268,0,0.159184855238679,0.150249643020325,16,0.56125,73.2,4.88,15,FALSE,0,-0.9174934729566496,59.42308282674996,0.6249431195491183,2,FALSE,48.05879012739746,0
00-0039359,Cade Stover,TE,2025,6,19.9,3.31666666666667,25.2210814510609,123,1,26,19,161,127,0,0.0770298352531734,0.0378982800192273,16,0.409375,34.3,2.45,14,FALSE,0,-2.5050011258412974,60.992172224454286,0.5055515164721399,3,FALSE,99.6312956406138,0
00-0039361,Bucky Irving,RB,2025,10,138.5,13.85,23.0362765229295,125,1,54,49,398,-165,224,0.115098765524764,-0.0529472693121122,18,0.457777777777778,244.4,14.3764705882353,17,FALSE,1,-2.3156060854344385,60.48222947073567,0.5428931050762806,0,TRUE,96.89962194628248,0
00-0039363,Isaac Guerendo,RB,2025,7,0,0,25.1772758384668,129,1,16,15,152,50,84,0.115343826529785,0.0316054778801413,15,0.244666666666667,94.2,5.8875,16,FALSE,0,-2.673629810734993,60.52350065055126,0.4813981445744344,4,FALSE,91.39560576824717,0
00-0039364,Sione Vaki,RB,2025,8,0.4,0.05,24.0903490759754,132,1,3,3,37,17,6,0.0479559748427673,0.0205653021442495,9,0.0388888888888889,8.1,0.9,9,FALSE,1,-2.3156060854344385,60.48222947073567,0.5428931050762806,0,TRUE,99.37614309886182,0
00-0039373,Audric Estimé,RB,2025,5,48.1,9.62,21.9876796714579,147,1,5,5,27,-10,76,0.0689516129032258,-0.0302404135804657,NA,NA,48.7,3.74615384615385,13,TRUE,1,-2.3156060854344385,60.48222947073567,0.5428931050762806,0,TRUE,89.07074872817178,0.0689516129032258
00-0039376,Spencer Rattler,QB,2025,9,104.14,11.5711111111111,24.9253935660507,150,1,0,0,0,0,18,0,0,7,0.881428571428571,72.28,10.3257142857143,7,FALSE,1,-2.3156060854344385,60.48222947073567,0.5428931050762806,0,TRUE,97.53698303935931,0
00-0039379,Jamari Thrash,WR,2025,8,20.7,2.5875,24.7008898015058,156,1,7,3,22,51,0,0.029923509941623,0.0276399724250884,9,0.23,5.2,0.866666666666667,6,FALSE,1,-2.3156060854344385,60.48222947073567,0.5428931050762806,0,TRUE,99.63768087860034,0
00-0039384,Tyrone Tracy Jr.,RB,2025,15,160.8,10.72,25.7741273100616,166,1,53,38,284,18,192,0.126356707274298,0.0153248744037687,17,0.573529411764706,182.3,10.7235294117647,17,FALSE,0,-3.3189211254310966,61.81529615894941,0.4907636579868245,3,FALSE,93.3197777467908,0
00-0039391,Kimani Vidal,RB,2025,13,117.9,9.06923076923077,24.0109514031485,181,1,9,5,62,48,43,0.0635324493013592,0.033036928472477,10,0.277,32.7,3.63333333333333,9,FALSE,0,-5.848188465752081,63.290112921482645,0.49565036001315527,5,FALSE,99.37614309886182,0
00-0039394,Casey Washington,WR,2025,5,15.4,3.08,24.4900752908966,187,1,2,1,14,36,0,0.0311302681992337,0.0771537622682661,2,0.065,2.4,1.2,2,FALSE,0,-6.60259853246614,62.8823529411765,0.435064935064935,1,FALSE,98.73749318926043,0
00-0039398,Joe Milton III,QB,2025,4,12.32,3.08,25.4893908281999,193,1,0,0,0,0,10,0,0,1,0.95,19.24,19.24,1,TRUE,1,-2.3156060854344385,60.48222947073567,0.5428931050762806,0,TRUE,97.53698303935931,0
00-0039407,Dylan Laube,RB,2025,17,3.7,0.217647058823529,25.7166324435318,208,1,0,0,0,0,1,0,0,2,0.02,-2,-0.333333333333333,6,FALSE,1,-2.3156060854344385,60.48222947073567,0.5428931050762806,0,TRUE,93.3197777467908,0
00-0039410,Ryan Flournoy,WR,2025,15,114,7.6,25.8480492813142,216,1,14,10,102,115,0,0.0598131647779836,0.067725351286397,11,0.2,18.2,2.02222222222222,9,FALSE,1,-2.3156060854344385,60.48222947073567,0.5428931050762806,0,TRUE,91.5505700173843,0
00-0039424,Devaughn Vele,WR,2025,9,66.3,7.36666666666667,27.7207392197125,235,1,57,41,475,478,0,0.150540320221977,0.178686597973326,14,0.530714285714286,106.5,8.19230769230769,13,TRUE,1,-2.3156060854344385,60.48222947073567,0.5428931050762806,0,TRUE,54.07189796423326,0.150540320221977
00-0039451,Isaiah Williams,WR,2025,15,46.7,3.11333333333333,24.5886379192334,NA,1,0,0,0,0,0,0,0,5,0.054,2.6,0.325,8,TRUE,1,-2.3156060854344385,60.48222947073567,0.5428931050762806,0,TRUE,99.63768087860034,0
00-0039458,Brenden Bates,TE,2025,5,8.8,1.76,25.8781656399726,NA,1,1,0,0,-2,0,0.0303030303030303,-0.00809716599190283,2,0.12,0,0,1,FALSE,1,-2.3156060854344385,60.48222947073567,0.5428931050762806,0,TRUE,96.309286703009,0
00-0039491,Jalen Coker,WR,2025,11,90.4,8.21818181818182,23.8384668035592,NA,1,46,32,478,516,0,0.189832714519415,0.253977792983472,11,0.663636363636364,92.56,8.41454545454545,11,FALSE,0,-0.9174934729566496,59.42308282674996,0.6249431195491183,2,FALSE,98.73749318926043,0
00-0039521,Xavier Weaver,WR,2025,7,13.7,1.95714285714286,24.8870636550308,NA,1,2,0,0,39,0,0.03125,0.0950462443946188,2,0.48,0,0,2,FALSE,0,-4.450844670721244,61.33889123994921,0.5266301244718511,2,FALSE,99.63768087860034,0
00-0039530,Brevyn Spann-Ford,TE,2025,16,24,1.5,25.6810403832991,NA,1,14,9,88,82,0,0.0696919854149819,0.0583629499665175,17,0.255294117647059,17.8,1.61818181818182,11,FALSE,1,-2.3156060854344385,60.48222947073567,0.5428931050762806,0,TRUE,96.309286703009,0
00-0039589,Kameron Johnson,WR,2025,17,17.7,1.04117647058824,23.460643394935,NA,1,1,0,0,3,2,0.0212765957446809,0.00993377483443709,4,0.165,1.1,0.275,4,FALSE,1,-2.3156060854344385,60.48222947073567,0.5428931050762806,0,TRUE,86.5765769116426,0
00-0039603,British Brooks,RB,2025,8,7.8,0.975,25.7878165639973,NA,1,0,0,0,0,1,0,0,2,0.06,0.2,0.1,2,FALSE,0,-2.5050011258412974,60.992172224454286,0.5055515164721399,3,FALSE,93.3197777467908,0
00-0039623,Mason Tipton,WR,2025,8,20.4,2.55,24.9281314168378,NA,1,26,14,99,326,0,0.13866696315869,0.237698000614917,11,0.490909090909091,23.9,2.65555555555556,9,FALSE,1,-2.3156060854344385,60.48222947073567,0.5428931050762806,0,TRUE,99.63768087860034,0
00-0039631,Cam Grandy,TE,2025,2,2.7,1.35,25.7850787132101,NA,1,5,5,28,12,0,0.0349903053008643,0.0179820038295016,8,0.13375,7.8,1.95,4,FALSE,0,10.0828731123803,62.705882352941195,0.66504854368932,1,FALSE,96.309286703009,0
00-0039648,David Martin-Robinson,TE,2025,11,13,1.18181818181818,25.6837782340862,NA,1,2,1,6,0,0,0.0307765151515152,0,5,0.144,1.6,0.4,4,FALSE,0,-6.68407505908549,60.3529411764706,0.532786885245902,1,FALSE,96.309286703009,0
00-0039650,Bryce Oliver,WR,2025,2,1.8,0.9,25.2867898699521,NA,1,9,6,95,95,0,0.0771008618178783,0.0800680631344247,9,0.112222222222222,15.5,1.9375,8,FALSE,0,-6.68407505908549,60.3529411764706,0.532786885245902,1,FALSE,99.63768087860034,0
00-0039686,Colson Yankoff,TE,2025,10,3.8,0.38,25.5030800821355,NA,1,0,0,0,0,0,0,0,NA,NA,0,0,4,FALSE,0,1.05845290147838,65,0.4615384615384619,1,FALSE,96.309286703009,0
00-0039732,Bo Nix,QB,2025,17,315.84,18.5788235294118,25.5167693360712,12,1,1,1,2,2,96,0.0303030303030303,0.00784313725490196,18,0.988888888888889,329.2,19.3647058823529,17,FALSE,0,1.6623237357923664,63.199504917454426,0.5887198393990302,5,FALSE,94.39609488384028,0
00-0039737,Tip Reiman,TE,2025,3,4.8,1.6,23.9561943874059,82,1,7,6,37,12,0,0.0590325024865239,0.0174896753429331,17,0.412352941176471,9.7,1.2125,8,FALSE,0,-4.450844670721244,61.33889123994921,0.5266301244718511,2,FALSE,99.31220378490926,0
00-0039738,Blake Corum,RB,2025,17,122.2,7.18823529411765,24.766598220397,83,1,8,7,58,-5,58,0.0603190178557826,-0.00323539868664145,14,0.135714285714286,33.5,2.23333333333333,15,FALSE,1,-3.2048470434873892,62.04804822432223,0.540022645347221,5,FALSE,91.39560576824717,0
00-0039746,Will Shipley,RB,2025,14,17.5,1.25,23.0088980150582,127,1,4,4,35,7,34,0.0975609756097561,0.0259259259259259,10,0.11,15.7,1.20769230769231,13,FALSE,1,-2.3156060854344385,60.48222947073567,0.5428931050762806,0,TRUE,96.89962194628248,0
00-0039751,Jordan Whittington,WR,2025,15,36.3,2.42,24.9171800136893,213,1,29,23,305,162,2,0.187138373391798,0.158620361614958,16,0.29625,52.5,3.75,14,FALSE,1,-3.2048470434873892,62.04804822432223,0.540022645347221,5,FALSE,99.63768087860034,0
00-0039754,Devin Culp,TE,2025,4,7.6,1.9,25.5797399041752,246,1,6,5,88,73,0,0.104838709677419,0.157429683091271,5,0.112,13.8,6.9,2,FALSE,1,-2.3156060854344385,60.48222947073567,0.5428931050762806,0,TRUE,96.309286703009,0
00-0039757,Terrell Jennings,RB,2025,6,15.2,2.53333333333333,24.6598220396988,NA,1,1,0,0,29,13,0.0357142857142857,0.102473498233216,2,0.295,3.3,1.65,2,FALSE,1,-5.244402479179989,64.19506391873436,0.4758346739648673,4,FALSE,91.39560576824717,0
00-0039792,Devontez Walker,WR,2025,8,37.6,4.7,24.2026009582478,113,1,3,1,21,84,0,0.0972222222222222,0.247027070903852,8,0.11875,9.1,3.03333333333333,3,FALSE,0,0.4558089730608386,62.2806738134938,0.5473334568380964,4,FALSE,98.73749318926043,0
00-0039793,AJ Barner,TE,2025,17,147.3,8.66470588235294,23.3319644079398,121,1,38,30,245,136,0,0.120820269285915,0.0545920673845356,17,0.450588235294118,78.5,5.23333333333333,15,FALSE,1,-2.673629810734993,60.52350065055126,0.4813981445744344,4,FALSE,74.1857788205039,0
00-0039794,Braelon Allen,RB,2025,4,15.3,3.825,21.6153319644079,134,1,27,19,148,-5,92,0.0809561737035729,9.7696397220536e-4,17,0.26,85.2,5.01176470588235,17,FALSE,1,-2.3156060854344385,60.48222947073567,0.5428931050762806,0,TRUE,89.07074872817178,0
00-0039796,Rasheen Ali,RB,2025,15,24.2,1.61333333333333,24.539356605065,165,1,2,0,0,-5,10,0.0666666666666667,-0.0174825174825175,4,0.1175,3.1,0.62,5,FALSE,0,0.4558089730608386,62.2806738134938,0.5473334568380964,4,FALSE,91.39560576824717,0
00-0039798,Isaiah Davis,RB,2025,16,71.2,4.45,23.5263518138261,173,1,12,9,75,16,30,0.104849534072794,0.0390290152516482,9,0.188888888888889,45.9,3.53076923076923,13,FALSE,1,-2.3156060854344385,60.48222947073567,0.5428931050762806,0,TRUE,99.37614309886182,0
00-0039816,Anthony Gould,WR,2025,11,2.6,0.236363636363636,24.4052019164955,142,1,1,1,23,18,0,0.0277777777777778,0.0518731988472622,4,0.07,3.3,0.4125,8,FALSE,0,-5.206003754852174,62.90759972111114,0.4735640946273987,3,FALSE,98.73749318926043,0
00-0039824,Jared Wiley,TE,2025,2,1.4,0.7,24.829568788501,131,1,1,1,7,4,0,0.0434782608695652,0.0384615384615385,7,0.192857142857143,1.7,1.7,1,FALSE,0,5.300602599522808,62.06117943246481,0.6217951442008044,2,FALSE,99.6312956406138,0
00-0039847,Theo Johnson,TE,2025,15,127.8,8.52,24.5119780971937,107,1,43,29,331,288,0,0.155810351714673,0.156318026171801,12,0.841666666666667,68.1,6.19090909090909,11,FALSE,0,-3.3189211254310966,61.81529615894941,0.4907636579868245,3,FALSE,99.6312956406138,0
00-0039849,Marvin Harrison Jr.,WR,2025,12,127.8,10.65,23.0581793292266,4,1,116,62,885,1566,0,0.244664199259734,0.454377902814936,17,0.785882352941176,196.5,11.5588235294118,17,FALSE,0,-4.450844670721244,61.33889123994921,0.5266301244718511,2,FALSE,86.5765769116426,0
00-0039851,Drake Maye,QB,2025,17,359.96,21.1741176470588,23.006160164271,3,1,0,0,0,0,54,0,0,13,0.804615384615385,187.14,14.3953846153846,13,FALSE,1,-5.244402479179989,64.19506391873436,0.4758346739648673,4,FALSE,98.00322351301972,0
00-0039855,Jalen McMillan,WR,2025,4,29.9,7.475,23.7344284736482,92,1,62,39,502,767,4,0.17117580619815,0.252832452518458,14,0.722142857142857,135.4,10.4153846153846,13,FALSE,1,-2.3156060854344385,60.48222947073567,0.5428931050762806,0,TRUE,98.73749318926043,0
00-0039868,Troy Franklin,WR,2025,17,177.1,10.4176470588235,22.5681040383299,102,1,56,30,317,750,2,0.128646935897683,0.210224571227069,17,0.376470588235294,67.1,4.19375,16,FALSE,0,1.6623237357923664,63.199504917454426,0.5887198393990302,5,FALSE,86.5765769116426,0
00-0039874,Jaylen Wright,RB,2025,9,48.2,5.35555555555556,22.4202600958248,120,1,6,3,8,-6,68,0.0501984126984127,-0.0114856580386702,15,0.17,26.7,2.05384615384615,13,FALSE,0,-0.5447121886359134,60.911465867603496,0.559447486838868,3,FALSE,89.07074872817178,0
00-0039875,Ray Davis,RB,2025,17,58.1,3.41764705882353,25.782340862423,128,1,19,17,189,16,120,0.070995571234379,0.0232714471053242,20,0.2225,116.1,6.82941176470588,17,FALSE,0,-1.7945790111540487,61.81365180352616,0.4638303406066273,3,FALSE,93.3197777467908,0
00-0039880,Malik Washington,WR,2025,17,110.7,6.51176470588235,24.8651608487337,184,1,36,26,223,195,5,0.12453629343239,0.103981667702885,14,0.447142857142857,54.8,3.91428571428571,14,FALSE,0,-0.5447121886359134,60.911465867603496,0.559447486838868,3,FALSE,99.63768087860034,0
00-0039890,Adonai Mitchell,WR,2025,16,87.9,5.49375,22.8993839835729,52,1,55,23,312,775,4,0.134473003203054,0.162413204265962,17,0.361764705882353,53.76,3.16235294117647,17,FALSE,0,-5.206003754852174,62.90759972111114,0.4735640946273987,3,FALSE,86.5765769116426,0
00-0039893,Brian Thomas Jr.,WR,2025,14,138.8,9.91428571428571,22.8993839835729,23,1,133,87,1282,1542,6,0.289066265597064,0.422384816829298,17,0.793529411764706,284,16.7058823529412,17,FALSE,1,-2.3156060854344385,60.48222947073567,0.5428931050762806,0,TRUE,86.5765769116426,0
00-0039894,Xavier Worthy,WR,2025,14,109.9,7.85,22.3490759753593,28,1,119,78,925,1073,23,0.215208748437077,0.259698706516546,20,0.6725,187.2,11.7,16,FALSE,0,5.300602599522808,62.06117943246481,0.6217951442008044,2,FALSE,71.91123187885705,0
00-0039901,Keon Coleman,WR,2025,12,102.4,8.53333333333333,22.2943189596167,33,1,65,32,578,987,1,0.195958273049461,0.342979152011664,16,0.704375,111.5,8.57692307692308,13,FALSE,0,-1.7945790111540487,61.81365180352616,0.4638303406066273,3,FALSE,71.91123187885705,0
00-0039910,Jayden Daniels,QB,2025,7,117.28,16.7542857142857,24.703627652293,2,1,0,0,0,0,183,0,0,20,0.92,364.82,21.46,17,FALSE,0,1.05845290147838,65,0.4615384615384619,1,FALSE,97.53698303935931,0
00-0039912,Ben Sinnott,TE,2025,9,28.4,3.15555555555556,23.2169746748802,53,1,6,6,51,25,0,0.0499165954235853,0.0162784838989658,20,0.234,13.8,1.97142857142857,7,FALSE,0,1.05845290147838,65,0.4615384615384619,1,FALSE,74.1857788205039,0
00-0039915,Ladd McConkey,WR,2025,16,180.9,11.30625,23.8056125941136,34,1,126,91,1346,1324,0,0.284497633836421,0.331047188113264,17,0.741176470588235,240.9,15.05625,16,FALSE,0,-5.848188465752081,63.290112921482645,0.49565036001315527,5,FALSE,98.73749318926043,0
00-0039916,Ricky Pearsall,WR,2025,9,88.6,9.84444444444444,24.9774127310062,31,1,46,31,400,528,3,0.17632501597191,0.226271261244869,11,0.67,93.5,8.5,11,FALSE,0,-2.673629810734993,60.52350065055126,0.4813981445744344,4,FALSE,99.63768087860034,0
00-0039917,Michael Penix Jr.,QB,2025,9,123.28,13.6977777777778,25.3169062286105,8,1,0,0,0,0,7,0,0,5,0.664,47.1,9.42,5,FALSE,0,-6.60259853246614,62.8823529411765,0.435064935064935,1,FALSE,97.53698303935931,0
00-0039918,Caleb Williams,QB,2025,17,325.18,19.1282352941176,23.7864476386037,1,1,0,0,0,0,81,0,0,17,0.987647058823529,260.54,15.3258823529412,17,FALSE,1,-4.79011169771107,64.39098450827193,0.4878221470323203,3,FALSE,100.67668139230038,0
00-0039919,Rome Odunze,WR,2025,12,146.1,12.175,23.2470910335387,9,1,101,54,734,1398,3,0.209887807999887,0.326926369978147,17,0.835882352941177,144.9,8.52352941176471,17,FALSE,1,-4.79011169771107,64.39098450827193,0.4878221470323203,3,FALSE,86.5765769116426,0
00-0039920,Malachi Corley,WR,2025,12,31.6,2.63333333333333,23.4496919917864,65,1,6,3,16,50,2,0.0492401327247062,0.0623186634758942,7,0.194285714285714,5.2,1.04,5,TRUE,1,-2.3156060854344385,60.48222947073567,0.5428931050762806,0,TRUE,86.5765769116426,0.0492401327247062
00-0039921,Trey Benson,RB,2025,4,35.4,8.85,23.1101984941821,66,1,6,6,59,-19,63,0.0542485245371493,-0.0322041729517679,13,0.166923076923077,47,3.91666666666667,12,FALSE,0,-4.450844670721244,61.33889123994921,0.5266301244718511,2,FALSE,96.89962194628248,0
